/workspace/venv_fw/lib/python3.11/site-packages/hydra/_internal/defaults_list.py:251: UserWarning: In 'libero_spatial_grpo_fastwam_h240': Defaults list is missing `_self_`. See https://hydra.cc/docs/1.2/upgrades/1.0_to_1.1/default_composition_order for more information
  warnings.warn(msg, UserWarning)
/workspace/venv_fw/lib/python3.11/site-packages/hydra/_internal/hydra.py:119: UserWarning: Future Hydra versions will no longer change working directory at job runtime by default.
See https://hydra.cc/docs/1.2/upgrades/1.1_to_1.2/changes_to_job_working_dir/ for more information.
  ret = run_job(
2026-07-01 04:27:13,495	WARNING utils.py:461 -- Detecting docker specified CPUs. In previous versions of Ray, CPU detection in containers was incorrect. Please ensure that Ray has enough CPUs allocated. As a temporary workaround to revert to the prior behavior, set `RAY_USE_MULTIPROCESSING_CPU_COUNT=1` as an env var before starting Ray. Set the env var: `RAY_DISABLE_DOCKER_CPU_WARNING=1` to mute this warning.
2026-07-01 04:27:13,495	WARNING utils.py:473 -- Ray currently does not support initializing Ray with fractional cpus. Your num_cpus will be truncated from 61.44 to 61.
2026-07-01 04:27:16,953	INFO worker.py:2003 -- Started a local Ray instance. View the dashboard at [1m[32mhttp://127.0.0.1:8265 [39m[22m
[INFO 04:27:19 RLinf] RLinf is running on a cluster with 1 node and 4 accelerators. The nodes' details are: 
node_labels: []
node_rank: 0
ray_id: 9711e2d6066ad8066bad8e025ca6d8e1df71a5b46b8b6cc9ddd0f118
node_ip: 172.31.0.2
num_cpus: 61
python_interpreter_path: /workspace/venv_fw/bin/python
hardware_resources:
- type: Accelerator
  infos:
  - type: Accelerator
    model: NV_GPU:A100-SXM4-80GB
  - type: Accelerator
    model: NV_GPU:A100-SXM4-80GB
  - type: Accelerator
    model: NV_GPU:A100-SXM4-80GB
  - type: Accelerator
    model: NV_GPU:A100-SXM4-80GB
profiler_backends:
- nsight

Node groups' details are: 
label: cluster
nodes: '0'
hardware_type: Accelerator
ignore_hardware: false
env_configs: null

label: node
nodes: '0'
hardware_type: null
ignore_hardware: true
env_configs: null

[INFO 04:27:19 FlexiblePlacementStrategy] 
[INFO 04:27:19 FlexiblePlacementStrategy] Using flexible placement with hardware ranks: [[0], [1], [2], [3]], node groups: ['cluster'].
[INFO 04:27:19 FlexiblePlacementStrategy] 
[INFO 04:27:19 FlexiblePlacementStrategy] Using flexible placement with hardware ranks: [[0], [1], [2], [3]], node groups: ['cluster'].
{
  "env": {
    "train": {
      "env_type": "libero",
      "task_suite_name": "libero_10",
      "total_num_envs": 32,
      "auto_reset": false,
      "ignore_terminations": false,
      "max_steps_per_rollout_epoch": 520,
      "max_episode_steps": 520,
      "use_rel_reward": true,
      "use_step_penalty": false,
      "reward_coef": 1.0,
      "reset_gripper_open": true,
      "is_eval": false,
      "seed": 0,
      "group_size": 8,
      "use_fixed_reset_state_ids": true,
      "use_ordered_reset_state_ids": false,
      "specific_reset_id": null,
      "video_cfg": {
        "save_video": false,
        "info_on_video": true,
        "video_base_dir": "/workspace/results/lib10_rl_n6/video/train"
      },
      "init_params": {
        "camera_heights": 256,
        "camera_widths": 256
      },
      "rollout_epoch": 8
    },
    "eval": {
      "env_type": "libero",
      "task_suite_name": "libero_10",
      "total_num_envs": 20,
      "auto_reset": true,
      "ignore_terminations": true,
      "max_steps_per_rollout_epoch": 520,
      "max_episode_steps": 520,
      "use_rel_reward": true,
      "use_step_penalty": false,
      "reward_coef": 1.0,
      "reset_gripper_open": true,
      "is_eval": true,
      "seed": 0,
      "group_size": 1,
      "use_fixed_reset_state_ids": true,
      "use_ordered_reset_state_ids": true,
      "specific_reset_id": null,
      "video_cfg": {
        "save_video": false,
        "info_on_video": true,
        "video_base_dir": "/workspace/results/lib10_rl_n6/video/train"
      },
      "init_params": {
        "camera_heights": 256,
        "camera_widths": 256
      },
      "rollout_epoch": 25
    },
    "group_name": "EnvGroup"
  },
  "actor": {
    "model": {
      "model_type": "fastwam",
      "precision": "bf16",
      "model_path": "/workspace/checkpoints/fastwam/libero_uncond_2cam224.pt",
      "is_lora": false,
      "checkpoint_path": "/workspace/fastwam_ckpt/round15_robust_step_005000.pt",
      "dataset_stats_path": "/workspace/checkpoints/fastwam/libero_uncond_2cam224_dataset_stats.json",
      "action_dim": 7,
      "num_action_chunks": 10,
      "action_horizon": 32,
      "num_inference_steps": 10,
      "binarize_gripper": true,
      "text_cfg_scale": 1.0,
      "negative_prompt": "",
      "sigma_shift": null,
      "seed": null,
      "rand_device": "cpu",
      "tiled": false,
      "add_value_head": false,
      "rl": {
        "enabled": true,
        "noise_level": 0.6,
        "noise_method": "flow_sde",
        "sde_sampling": "single",
        "freeze_video_expert": true,
        "train_video_expert": false,
        "batched": true,
        "rollout_chunk": 8
      },
      "fastwam": {
        "config_dir": null,
        "config_name": "sim_libero",
        "overrides": [
          "model.redirect_common_files=false"
        ]
      }
    },
    "fsdp_config": {
      "strategy": "fsdp2",
      "sharding_strategy": "full_shard",
      "gradient_checkpointing": true,
      "cpu_offload": false,
      "offload_pin_memory": false,
      "reshard_after_forward": true,
      "enable_gradient_accumulation": true,
      "forward_prefetch": false,
      "limit_all_gathers": false,
      "backward_prefetch": null,
      "use_orig_params": true,
      "use_liger_kernel": false,
      "mixed_precision": {
        "param_dtype": "bf16",
        "reduce_dtype": "bf16",
        "buffer_dtype": "bf16"
      },
      "amp_autocast": {
        "enabled": false,
        "precision": "bf16"
      },
      "grad_scaler": {
        "enabled": false,
        "init_scale": null,
        "growth_interval": null
      },
      "gradient_checkpointing_use_reentrant": true,
      "wrap_policy": {
        "no_split_names": [
          "__none__"
        ]
      },
      "save_full_model_weights": true
    },
    "group_name": "ActorGroup",
    "training_backend": "fsdp",
    "micro_batch_size": 4,
    "global_batch_size": 64,
    "seed": 1234,
    "enable_offload": true,
    "optim": {
      "lr": 2e-05,
      "adam_beta1": 0.9,
      "adam_beta2": 0.95,
      "adam_eps": 1e-08,
      "weight_decay": 0.01,
      "clip_grad": 1.0,
      "critic_warmup_steps": 0
    }
  },
  "weight_syncer": {
    "type": "bucket",
    "bucket": {
      "bucket_size": 536870912,
      "bucket_dtype": null,
      "is_agent": false,
      "load_instant": true
    }
  },
  "cluster": {
    "num_nodes": 1,
    "component_placement": {
      "actor,env,rollout": "all"
    }
  },
  "runner": {
    "task_type": "embodied",
    "logger": {
      "log_path": "/workspace/results/lib10_rl_n6",
      "project_name": "rlinf",
      "experiment_name": "lib10_rl_n6",
      "logger_backends": [
        "tensorboard"
      ]
    },
    "max_epochs": 1000,
    "max_steps": 10,
    "only_eval": false,
    "val_check_interval": 10,
    "save_interval": 10,
    "resume_dir": null,
    "ckpt_path": null,
    "eval_at_start": false,
    "per_rollout_report": true,
    "per_worker_log": false,
    "per_worker_log_path": null,
    "weight_sync_interval": 1,
    "overlap_env_bootstrap": false
  },
  "algorithm": {
    "normalize_advantages": true,
    "kl_penalty": "kl",
    "group_size": 8,
    "reward_coef": 1.0,
    "reward_type": "chunk_level",
    "logprob_type": "chunk_level",
    "entropy_type": "chunk_level",
    "update_epoch": 1,
    "recompute_logprobs": false,
    "adv_type": "grpo",
    "grpo_norm_by_std": false,
    "loss_type": "actor",
    "loss_agg_func": "token-mean",
    "kl_beta": 0.0,
    "entropy_bonus": 0,
    "clip_ratio_high": 0.2,
    "clip_ratio_low": 0.2,
    "clip_ratio_c": 3.0,
    "gamma": 0.99,
    "gae_lambda": 0.95,
    "filter_rewards": true,
    "rewards_lower_bound": 0.05,
    "rewards_upper_bound": 0.95
  },
  "rollout": {
    "group_name": "RolloutGroup",
    "backend": "huggingface",
    "return_logprobs": true,
    "enable_offload": true,
    "pipeline_stage_num": 1,
    "model": {
      "model_path": "/workspace/checkpoints/fastwam/libero_uncond_2cam224.pt",
      "precision": "bf16"
    }
  },
  "reward": {
    "use_reward_model": false
  },
  "critic": {
    "use_critic_model": false
  }
}
[INFO 04:27:20 FlexiblePlacementStrategy] 
[INFO 04:27:20 FlexiblePlacementStrategy] Using flexible placement with hardware ranks: [[0], [1], [2], [3]], node groups: ['cluster'].
[INFO 04:27:20 FlexiblePlacementStrategy] Generated 4 placements: [Placement(rank=0, cluster_node_rank=0, placement_node_rank=0, local_accelerator_rank=0, accelerator_type='NV_GPU', local_rank=0, local_world_size=4, visible_accelerators=['0'], isolate_accelerator=True, local_hardware_ranks=[0], node_group_label='cluster'), Placement(rank=1, cluster_node_rank=0, placement_node_rank=0, local_accelerator_rank=1, accelerator_type='NV_GPU', local_rank=1, local_world_size=4, visible_accelerators=['1'], isolate_accelerator=True, local_hardware_ranks=[1], node_group_label='cluster'), Placement(rank=2, cluster_node_rank=0, placement_node_rank=0, local_accelerator_rank=2, accelerator_type='NV_GPU', local_rank=2, local_world_size=4, visible_accelerators=['2'], isolate_accelerator=True, local_hardware_ranks=[2], node_group_label='cluster'), Placement(rank=3, cluster_node_rank=0, placement_node_rank=0, local_accelerator_rank=3, accelerator_type='NV_GPU', local_rank=3, local_world_size=4, visible_accelerators=['3'], isolate_accelerator=True, local_hardware_ranks=[3], node_group_label='cluster')].
[INFO 04:27:20 FlexiblePlacementStrategy] Generated 4 placements: [Placement(rank=0, cluster_node_rank=0, placement_node_rank=0, local_accelerator_rank=0, accelerator_type='NV_GPU', local_rank=0, local_world_size=4, visible_accelerators=['0'], isolate_accelerator=True, local_hardware_ranks=[0], node_group_label='cluster'), Placement(rank=1, cluster_node_rank=0, placement_node_rank=0, local_accelerator_rank=1, accelerator_type='NV_GPU', local_rank=1, local_world_size=4, visible_accelerators=['1'], isolate_accelerator=True, local_hardware_ranks=[1], node_group_label='cluster'), Placement(rank=2, cluster_node_rank=0, placement_node_rank=0, local_accelerator_rank=2, accelerator_type='NV_GPU', local_rank=2, local_world_size=4, visible_accelerators=['2'], isolate_accelerator=True, local_hardware_ranks=[2], node_group_label='cluster'), Placement(rank=3, cluster_node_rank=0, placement_node_rank=0, local_accelerator_rank=3, accelerator_type='NV_GPU', local_rank=3, local_world_size=4, visible_accelerators=['3'], isolate_accelerator=True, local_hardware_ranks=[3], node_group_label='cluster')].
[INFO 04:27:20 FlexiblePlacementStrategy] Generated 4 placements: [Placement(rank=0, cluster_node_rank=0, placement_node_rank=0, local_accelerator_rank=0, accelerator_type='NV_GPU', local_rank=0, local_world_size=4, visible_accelerators=['0'], isolate_accelerator=True, local_hardware_ranks=[0], node_group_label='cluster'), Placement(rank=1, cluster_node_rank=0, placement_node_rank=0, local_accelerator_rank=1, accelerator_type='NV_GPU', local_rank=1, local_world_size=4, visible_accelerators=['1'], isolate_accelerator=True, local_hardware_ranks=[1], node_group_label='cluster'), Placement(rank=2, cluster_node_rank=0, placement_node_rank=0, local_accelerator_rank=2, accelerator_type='NV_GPU', local_rank=2, local_world_size=4, visible_accelerators=['2'], isolate_accelerator=True, local_hardware_ranks=[2], node_group_label='cluster'), Placement(rank=3, cluster_node_rank=0, placement_node_rank=0, local_accelerator_rank=3, accelerator_type='NV_GPU', local_rank=3, local_world_size=4, visible_accelerators=['3'], isolate_accelerator=True, local_hardware_ranks=[3], node_group_label='cluster')].
[INFO 04:27:20 NodePlacementStrategy] 
[INFO 04:27:20 NodePlacementStrategy] Using node placement with node ranks: [0], node groups: ['node'].
[INFO 04:27:20 NodePlacementStrategy] Generated 1 placements: [Placement(rank=0, cluster_node_rank=0, placement_node_rank=0, local_accelerator_rank='0', accelerator_type='NV_GPU', local_rank=0, local_world_size=1, visible_accelerators=['0', '1', '2', '3'], isolate_accelerator=True, local_hardware_ranks=[], node_group_label='cluster')].
[INFO 04:27:20 NodePlacementStrategy] 
[INFO 04:27:20 NodePlacementStrategy] Using node placement with node ranks: [0], node groups: ['node'].
[INFO 04:27:20 NodePlacementStrategy] Generated 1 placements: [Placement(rank=0, cluster_node_rank=0, placement_node_rank=0, local_accelerator_rank='0', accelerator_type='NV_GPU', local_rank=0, local_world_size=1, visible_accelerators=['0', '1', '2', '3'], isolate_accelerator=True, local_hardware_ranks=[], node_group_label='cluster')].
[INFO 04:27:20 NodePlacementStrategy] 
[INFO 04:27:20 NodePlacementStrategy] Using node placement with node ranks: [0], node groups: ['node'].
[INFO 04:27:20 NodePlacementStrategy] Generated 1 placements: [Placement(rank=0, cluster_node_rank=0, placement_node_rank=0, local_accelerator_rank='0', accelerator_type='NV_GPU', local_rank=0, local_world_size=1, visible_accelerators=['0', '1', '2', '3'], isolate_accelerator=True, local_hardware_ranks=[], node_group_label='cluster')].
[36m(MultiStepRolloutWorker pid=2035156)[0m [INFO 04:27:25 FlexiblePlacementStrategy] 
[36m(MultiStepRolloutWorker pid=2035156)[0m [INFO 04:27:25 FlexiblePlacementStrategy] Using flexible placement with hardware ranks: [[0], [1], [2], [3]], node groups: ['cluster'].
[36m(MultiStepRolloutWorker pid=2035168)[0m [INFO 04:27:25 FlexiblePlacementStrategy] 
[36m(MultiStepRolloutWorker pid=2035168)[0m [INFO 04:27:25 FlexiblePlacementStrategy] Using flexible placement with hardware ranks: [[0], [1], [2], [3]], node groups: ['cluster'].
[36m(MultiStepRolloutWorker pid=2035178)[0m [INFO 04:27:26 FlexiblePlacementStrategy] 
[36m(MultiStepRolloutWorker pid=2035178)[0m [INFO 04:27:26 FlexiblePlacementStrategy] Using flexible placement with hardware ranks: [[0], [1], [2], [3]], node groups: ['cluster'].
[36m(MultiStepRolloutWorker pid=2035173)[0m [INFO 04:27:26 FlexiblePlacementStrategy] 
[36m(MultiStepRolloutWorker pid=2035173)[0m [INFO 04:27:26 FlexiblePlacementStrategy] Using flexible placement with hardware ranks: [[0], [1], [2], [3]], node groups: ['cluster'].
[36m(EnvGroup(rank=0) pid=2035182)[0m [INFO 04:27:26 EnvGroup-Rank-0][env_worker.py:163] Env worker initialized with dst_rank_map: {'rollout_train': [(0, 8)], 'rollout_eval': [(0, 5)]}
[36m(EnvGroup(rank=0) pid=2035182)[0m [INFO 04:27:26 EnvGroup-Rank-0][env_worker.py:164] Env worker initialized with src_rank_map: {'rollout_train': [(0, 8)], 'rollout_eval': [(0, 5)]}
[36m(EnvWorker pid=2035182)[0m [INFO 04:27:26 FlexiblePlacementStrategy] 
[36m(EnvWorker pid=2035182)[0m [INFO 04:27:26 FlexiblePlacementStrategy] Using flexible placement with hardware ranks: [[0], [1], [2], [3]], node groups: ['cluster'].
[36m(EnvGroup(rank=1) pid=2035186)[0m [INFO 04:27:26 EnvGroup-Rank-1][env_worker.py:163] Env worker initialized with dst_rank_map: {'rollout_train': [(1, 8)], 'rollout_eval': [(1, 5)]}
[36m(EnvGroup(rank=1) pid=2035186)[0m [INFO 04:27:26 EnvGroup-Rank-1][env_worker.py:164] Env worker initialized with src_rank_map: {'rollout_train': [(1, 8)], 'rollout_eval': [(1, 5)]}
[36m(EnvWorker pid=2035186)[0m [INFO 04:27:26 FlexiblePlacementStrategy] 
[36m(EnvWorker pid=2035186)[0m [INFO 04:27:26 FlexiblePlacementStrategy] Using flexible placement with hardware ranks: [[0], [1], [2], [3]], node groups: ['cluster'].
[36m(EnvGroup(rank=2) pid=2035190)[0m [INFO 04:27:26 EnvGroup-Rank-2][env_worker.py:163] Env worker initialized with dst_rank_map: {'rollout_train': [(2, 8)], 'rollout_eval': [(2, 5)]}
[36m(EnvGroup(rank=2) pid=2035190)[0m [INFO 04:27:26 EnvGroup-Rank-2][env_worker.py:164] Env worker initialized with src_rank_map: {'rollout_train': [(2, 8)], 'rollout_eval': [(2, 5)]}
[36m(EnvWorker pid=2035190)[0m [INFO 04:27:26 FlexiblePlacementStrategy] 
[36m(EnvWorker pid=2035190)[0m [INFO 04:27:26 FlexiblePlacementStrategy] Using flexible placement with hardware ranks: [[0], [1], [2], [3]], node groups: ['cluster'].
[36m(EnvGroup(rank=3) pid=2035359)[0m [INFO 04:27:26 EnvGroup-Rank-3][env_worker.py:163] Env worker initialized with dst_rank_map: {'rollout_train': [(3, 8)], 'rollout_eval': [(3, 5)]}
[36m(EnvGroup(rank=3) pid=2035359)[0m [INFO 04:27:26 EnvGroup-Rank-3][env_worker.py:164] Env worker initialized with src_rank_map: {'rollout_train': [(3, 8)], 'rollout_eval': [(3, 5)]}
[36m(EnvWorker pid=2035359)[0m [INFO 04:27:26 FlexiblePlacementStrategy] 
[36m(EnvWorker pid=2035359)[0m [INFO 04:27:26 FlexiblePlacementStrategy] Using flexible placement with hardware ranks: [[0], [1], [2], [3]], node groups: ['cluster'].
[36m(EmbodiedFSDPActor pid=2035152)[0m [INFO 04:27:26 ActorGroup-Rank-1][fsdp_model_manager.py:115] [FSDP] AMP is disabled.
[36m(EmbodiedFSDPActor pid=2035152)[0m [INFO 04:27:26 FlexiblePlacementStrategy] 
[36m(EmbodiedFSDPActor pid=2035152)[0m [INFO 04:27:26 FlexiblePlacementStrategy] Using flexible placement with hardware ranks: [[0], [1], [2], [3]], node groups: ['cluster'].
[36m(EmbodiedFSDPActor pid=2035153)[0m [INFO 04:27:26 ActorGroup-Rank-2][fsdp_model_manager.py:115] [FSDP] AMP is disabled.
[36m(EmbodiedFSDPActor pid=2035153)[0m [INFO 04:27:26 FlexiblePlacementStrategy] 
[36m(EmbodiedFSDPActor pid=2035153)[0m [INFO 04:27:26 FlexiblePlacementStrategy] Using flexible placement with hardware ranks: [[0], [1], [2], [3]], node groups: ['cluster'].
[36m(EmbodiedFSDPActor pid=2035151)[0m [INFO 04:27:26 ActorGroup-Rank-0][fsdp_model_manager.py:115] [FSDP] AMP is disabled.
[36m(EmbodiedFSDPActor pid=2035151)[0m [INFO 04:27:26 FlexiblePlacementStrategy] 
[36m(EmbodiedFSDPActor pid=2035151)[0m [INFO 04:27:26 FlexiblePlacementStrategy] Using flexible placement with hardware ranks: [[0], [1], [2], [3]], node groups: ['cluster'].
[36m(EmbodiedFSDPActor pid=2035155)[0m [INFO 04:27:27 ActorGroup-Rank-3][fsdp_model_manager.py:115] [FSDP] AMP is disabled.
[36m(EmbodiedFSDPActor pid=2035155)[0m [INFO 04:27:27 FlexiblePlacementStrategy] 
[36m(EmbodiedFSDPActor pid=2035155)[0m [INFO 04:27:27 FlexiblePlacementStrategy] Using flexible placement with hardware ranks: [[0], [1], [2], [3]], node groups: ['cluster'].
[36m(RolloutGroup(rank=0) pid=2035156)[0m INFO:fastwam.models.wan22.helpers.loader:Loading Wan2.2-TI2V-5B components...
[36m(RolloutGroup(rank=0) pid=2035156)[0m INFO:fastwam.models.wan22.helpers.loader:Skipping pretrained video DiT load (`skip_dit_load_from_pretrain=True`); initializing video expert randomly and expecting checkpoint override.
[36m(EnvGroup(rank=0) pid=2035182)[0m Gym has been unmaintained since 2022 and does not support NumPy 2.0 amongst other critical functionality.
[36m(EnvGroup(rank=0) pid=2035182)[0m Please upgrade to Gymnasium, the maintained drop-in replacement of Gym, or contact the authors of your software and request that they upgrade.
[36m(EnvGroup(rank=0) pid=2035182)[0m Users of this version of Gym should be able to simply replace 'import gym' with 'import gymnasium as gym' in the vast majority of cases.
[36m(EnvGroup(rank=0) pid=2035182)[0m See the migration guide at https://gymnasium.farama.org/introduction/migration_guide/ for additional information.
[36m(EnvGroup(rank=0) pid=2035182)[0m /workspace/venv_fw/lib/python3.11/site-packages/robosuite/macros.py:53: DeprecationWarning: The 'warn' method is deprecated, use 'warning' instead
[36m(EnvGroup(rank=0) pid=2035182)[0m   ROBOSUITE_DEFAULT_LOGGER.warn("No private macro file found!")
[36m(EnvGroup(rank=0) pid=2035182)[0m [robosuite WARNING] No private macro file found! (macros.py:53)
[36m(EnvGroup(rank=0) pid=2035182)[0m WARNING:robosuite_logs:No private macro file found!
[36m(EnvGroup(rank=0) pid=2035182)[0m [robosuite WARNING] It is recommended to use a private macro file (macros.py:54)
[36m(EnvGroup(rank=0) pid=2035182)[0m WARNING:robosuite_logs:It is recommended to use a private macro file
[36m(EnvGroup(rank=0) pid=2035182)[0m [robosuite WARNING] To setup, run: python /workspace/venv_fw/lib/python3.11/site-packages/robosuite/scripts/setup_macros.py (macros.py:55)
[36m(EnvGroup(rank=0) pid=2035182)[0m WARNING:robosuite_logs:To setup, run: python /workspace/venv_fw/lib/python3.11/site-packages/robosuite/scripts/setup_macros.py
[36m(EnvGroup(rank=0) pid=2035182)[0m INFO:OpenGL.platform.ctypesloader:Failed to load library ( 'libOpenGL.so.0' ): libOpenGL.so.0: cannot open shared object file: No such file or directory
[36m(EnvGroup(rank=0) pid=2035182)[0m INFO:OpenGL.acceleratesupport:No OpenGL_accelerate module loaded: No module named 'OpenGL_accelerate'
[36m(EnvGroup(rank=3) pid=2035359)[0m Gym has been unmaintained since 2022 and does not support NumPy 2.0 amongst other critical functionality.
[36m(EnvGroup(rank=3) pid=2035359)[0m Please upgrade to Gymnasium, the maintained drop-in replacement of Gym, or contact the authors of your software and request that they upgrade.
[36m(EnvGroup(rank=3) pid=2035359)[0m Users of this version of Gym should be able to simply replace 'import gym' with 'import gymnasium as gym' in the vast majority of cases.
[36m(EnvGroup(rank=3) pid=2035359)[0m See the migration guide at https://gymnasium.farama.org/introduction/migration_guide/ for additional information.
[36m(EnvGroup(rank=3) pid=2035359)[0m /workspace/venv_fw/lib/python3.11/site-packages/robosuite/macros.py:53: DeprecationWarning: The 'warn' method is deprecated, use 'warning' instead
[36m(EnvGroup(rank=3) pid=2035359)[0m   ROBOSUITE_DEFAULT_LOGGER.warn("No private macro file found!")
[36m(EnvGroup(rank=3) pid=2035359)[0m [robosuite WARNING] No private macro file found! (macros.py:53)
[36m(EnvGroup(rank=3) pid=2035359)[0m WARNING:robosuite_logs:No private macro file found!
[36m(EnvGroup(rank=3) pid=2035359)[0m [robosuite WARNING] It is recommended to use a private macro file (macros.py:54)
[36m(EnvGroup(rank=3) pid=2035359)[0m WARNING:robosuite_logs:It is recommended to use a private macro file
[36m(EnvGroup(rank=3) pid=2035359)[0m [robosuite WARNING] To setup, run: python /workspace/venv_fw/lib/python3.11/site-packages/robosuite/scripts/setup_macros.py (macros.py:55)
[36m(EnvGroup(rank=3) pid=2035359)[0m WARNING:robosuite_logs:To setup, run: python /workspace/venv_fw/lib/python3.11/site-packages/robosuite/scripts/setup_macros.py
[36m(EnvGroup(rank=0) pid=2035182)[0m INFO:OpenGL.platform.ctypesloader:Failed to load library ( 'libOpenGL.so.0' ): libOpenGL.so.0: cannot open shared object file: No such file or directory
[36m(EnvGroup(rank=1) pid=2035186)[0m Gym has been unmaintained since 2022 and does not support NumPy 2.0 amongst other critical functionality.
[36m(EnvGroup(rank=1) pid=2035186)[0m Please upgrade to Gymnasium, the maintained drop-in replacement of Gym, or contact the authors of your software and request that they upgrade.
[36m(EnvGroup(rank=1) pid=2035186)[0m Users of this version of Gym should be able to simply replace 'import gym' with 'import gymnasium as gym' in the vast majority of cases.
[36m(EnvGroup(rank=1) pid=2035186)[0m See the migration guide at https://gymnasium.farama.org/introduction/migration_guide/ for additional information.
[36m(EnvGroup(rank=1) pid=2035186)[0m /workspace/venv_fw/lib/python3.11/site-packages/robosuite/macros.py:53: DeprecationWarning: The 'warn' method is deprecated, use 'warning' instead
[36m(EnvGroup(rank=1) pid=2035186)[0m   ROBOSUITE_DEFAULT_LOGGER.warn("No private macro file found!")
[36m(EnvGroup(rank=1) pid=2035186)[0m [robosuite WARNING] No private macro file found! (macros.py:53)
[36m(EnvGroup(rank=1) pid=2035186)[0m WARNING:robosuite_logs:No private macro file found!
[36m(EnvGroup(rank=1) pid=2035186)[0m [robosuite WARNING] It is recommended to use a private macro file (macros.py:54)
[36m(EnvGroup(rank=1) pid=2035186)[0m WARNING:robosuite_logs:It is recommended to use a private macro file
[36m(EnvGroup(rank=1) pid=2035186)[0m [robosuite WARNING] To setup, run: python /workspace/venv_fw/lib/python3.11/site-packages/robosuite/scripts/setup_macros.py (macros.py:55)
[36m(EnvGroup(rank=1) pid=2035186)[0m WARNING:robosuite_logs:To setup, run: python /workspace/venv_fw/lib/python3.11/site-packages/robosuite/scripts/setup_macros.py
[36m(EnvGroup(rank=1) pid=2035186)[0m INFO:OpenGL.platform.ctypesloader:Failed to load library ( 'libOpenGL.so.0' ): libOpenGL.so.0: cannot open shared object file: No such file or directory
[36m(EnvGroup(rank=1) pid=2035186)[0m INFO:OpenGL.acceleratesupport:No OpenGL_accelerate module loaded: No module named 'OpenGL_accelerate'
[36m(EnvGroup(rank=1) pid=2035186)[0m INFO:OpenGL.platform.ctypesloader:Failed to load library ( 'libOpenGL.so.0' ): libOpenGL.so.0: cannot open shared object file: No such file or directory
[36m(EnvGroup(rank=2) pid=2035190)[0m Gym has been unmaintained since 2022 and does not support NumPy 2.0 amongst other critical functionality.
[36m(EnvGroup(rank=2) pid=2035190)[0m Please upgrade to Gymnasium, the maintained drop-in replacement of Gym, or contact the authors of your software and request that they upgrade.
[36m(EnvGroup(rank=2) pid=2035190)[0m Users of this version of Gym should be able to simply replace 'import gym' with 'import gymnasium as gym' in the vast majority of cases.
[36m(EnvGroup(rank=2) pid=2035190)[0m See the migration guide at https://gymnasium.farama.org/introduction/migration_guide/ for additional information.
[36m(EnvGroup(rank=2) pid=2035190)[0m /workspace/venv_fw/lib/python3.11/site-packages/robosuite/macros.py:53: DeprecationWarning: The 'warn' method is deprecated, use 'warning' instead
[36m(EnvGroup(rank=2) pid=2035190)[0m   ROBOSUITE_DEFAULT_LOGGER.warn("No private macro file found!")
[36m(EnvGroup(rank=2) pid=2035190)[0m [robosuite WARNING] No private macro file found! (macros.py:53)
[36m(EnvGroup(rank=2) pid=2035190)[0m WARNING:robosuite_logs:No private macro file found!
[36m(EnvGroup(rank=2) pid=2035190)[0m [robosuite WARNING] It is recommended to use a private macro file (macros.py:54)
[36m(EnvGroup(rank=2) pid=2035190)[0m WARNING:robosuite_logs:It is recommended to use a private macro file
[36m(EnvGroup(rank=2) pid=2035190)[0m [robosuite WARNING] To setup, run: python /workspace/venv_fw/lib/python3.11/site-packages/robosuite/scripts/setup_macros.py (macros.py:55)
[36m(EnvGroup(rank=2) pid=2035190)[0m WARNING:robosuite_logs:To setup, run: python /workspace/venv_fw/lib/python3.11/site-packages/robosuite/scripts/setup_macros.py
[36m(EnvGroup(rank=2) pid=2035190)[0m INFO:OpenGL.platform.ctypesloader:Failed to load library ( 'libOpenGL.so.0' ): libOpenGL.so.0: cannot open shared object file: No such file or directory
[36m(EnvGroup(rank=2) pid=2035190)[0m INFO:OpenGL.acceleratesupport:No OpenGL_accelerate module loaded: No module named 'OpenGL_accelerate'
[36m(EnvGroup(rank=3) pid=2035359)[0m INFO:OpenGL.platform.ctypesloader:Failed to load library ( 'libOpenGL.so.0' ): libOpenGL.so.0: cannot open shared object file: No such file or directory
[36m(EnvGroup(rank=3) pid=2035359)[0m INFO:OpenGL.acceleratesupport:No OpenGL_accelerate module loaded: No module named 'OpenGL_accelerate'
[36m(EnvGroup(rank=3) pid=2035359)[0m INFO:OpenGL.platform.ctypesloader:Failed to load library ( 'libOpenGL.so.0' ): libOpenGL.so.0: cannot open shared object file: No such file or directory
[36m(EnvGroup(rank=2) pid=2035190)[0m INFO:OpenGL.platform.ctypesloader:Failed to load library ( 'libOpenGL.so.0' ): libOpenGL.so.0: cannot open shared object file: No such file or directory
[36m(EnvGroup(rank=0) pid=2035182)[0m [info] using task orders [0, 1, 2, 3, 4, 5, 6, 7, 8, 9]
[36m(EnvGroup(rank=0) pid=2035182)[0m [info] using task orders [0, 1, 2, 3, 4, 5, 6, 7, 8, 9]
[36m(EnvGroup(rank=1) pid=2035186)[0m [info] using task orders [0, 1, 2, 3, 4, 5, 6, 7, 8, 9]
[36m(EnvGroup(rank=3) pid=2035359)[0m [info] using task orders [0, 1, 2, 3, 4, 5, 6, 7, 8, 9]
[36m(EnvGroup(rank=3) pid=2035359)[0m [info] using task orders [0, 1, 2, 3, 4, 5, 6, 7, 8, 9]
[36m(EnvGroup(rank=1) pid=2035186)[0m [info] using task orders [0, 1, 2, 3, 4, 5, 6, 7, 8, 9]
[36m(EnvGroup(rank=2) pid=2035190)[0m [info] using task orders [0, 1, 2, 3, 4, 5, 6, 7, 8, 9]
[36m(EnvGroup(rank=2) pid=2035190)[0m [info] using task orders [0, 1, 2, 3, 4, 5, 6, 7, 8, 9]
[36m(EnvGroup(rank=0) pid=2035182)[0m Gym has been unmaintained since 2022 and does not support NumPy 2.0 amongst other critical functionality.
[36m(EnvGroup(rank=0) pid=2035182)[0m Please upgrade to Gymnasium, the maintained drop-in replacement of Gym, or contact the authors of your software and request that they upgrade.
[36m(EnvGroup(rank=0) pid=2035182)[0m Users of this version of Gym should be able to simply replace 'import gym' with 'import gymnasium as gym' in the vast majority of cases.
[36m(EnvGroup(rank=0) pid=2035182)[0m See the migration guide at https://gymnasium.farama.org/introduction/migration_guide/ for additional information.
[36m(EnvGroup(rank=1) pid=2035186)[0m Gym has been unmaintained since 2022 and does not support NumPy 2.0 amongst other critical functionality.
[36m(EnvGroup(rank=1) pid=2035186)[0m Please upgrade to Gymnasium, the maintained drop-in replacement of Gym, or contact the authors of your software and request that they upgrade.
[36m(EnvGroup(rank=1) pid=2035186)[0m Users of this version of Gym should be able to simply replace 'import gym' with 'import gymnasium as gym' in the vast majority of cases.
[36m(EnvGroup(rank=1) pid=2035186)[0m See the migration guide at https://gymnasium.farama.org/introduction/migration_guide/ for additional information.
[36m(EnvGroup(rank=1) pid=2035186)[0m /workspace/venv_fw/lib/python3.11/site-packages/robosuite/macros.py:53: DeprecationWarning: The 'warn' method is deprecated, use 'warning' instead
[36m(EnvGroup(rank=1) pid=2035186)[0m   ROBOSUITE_DEFAULT_LOGGER.warn("No private macro file found!")
[36m(EnvGroup(rank=1) pid=2035186)[0m [robosuite WARNING] No private macro file found! (macros.py:53)
[36m(EnvGroup(rank=1) pid=2035186)[0m [robosuite WARNING] It is recommended to use a private macro file (macros.py:54)
[36m(EnvGroup(rank=1) pid=2035186)[0m [robosuite WARNING] To setup, run: python /workspace/venv_fw/lib/python3.11/site-packages/robosuite/scripts/setup_macros.py (macros.py:55)
[36m(EnvGroup(rank=0) pid=2035182)[0m /workspace/venv_fw/lib/python3.11/site-packages/robosuite/macros.py:53: DeprecationWarning: The 'warn' method is deprecated, use 'warning' instead
[36m(EnvGroup(rank=0) pid=2035182)[0m   ROBOSUITE_DEFAULT_LOGGER.warn("No private macro file found!")
[36m(EnvGroup(rank=0) pid=2035182)[0m [robosuite WARNING] No private macro file found! (macros.py:53)
[36m(EnvGroup(rank=0) pid=2035182)[0m [robosuite WARNING] It is recommended to use a private macro file (macros.py:54)
[36m(EnvGroup(rank=0) pid=2035182)[0m [robosuite WARNING] To setup, run: python /workspace/venv_fw/lib/python3.11/site-packages/robosuite/scripts/setup_macros.py (macros.py:55)
[36m(EnvGroup(rank=0) pid=2035182)[0m Gym has been unmaintained since 2022 and does not support NumPy 2.0 amongst other critical functionality.
[36m(EnvGroup(rank=0) pid=2035182)[0m Please upgrade to Gymnasium, the maintained drop-in replacement of Gym, or contact the authors of your software and request that they upgrade.
[36m(EnvGroup(rank=0) pid=2035182)[0m Users of this version of Gym should be able to simply replace 'import gym' with 'import gymnasium as gym' in the vast majority of cases.
[36m(EnvGroup(rank=0) pid=2035182)[0m See the migration guide at https://gymnasium.farama.org/introduction/migration_guide/ for additional information.
[36m(EnvGroup(rank=0) pid=2035182)[0m Gym has been unmaintained since 2022 and does not support NumPy 2.0 amongst other critical functionality.
[36m(EnvGroup(rank=0) pid=2035182)[0m Please upgrade to Gymnasium, the maintained drop-in replacement of Gym, or contact the authors of your software and request that they upgrade.
[36m(EnvGroup(rank=0) pid=2035182)[0m Users of this version of Gym should be able to simply replace 'import gym' with 'import gymnasium as gym' in the vast majority of cases.
[36m(EnvGroup(rank=0) pid=2035182)[0m See the migration guide at https://gymnasium.farama.org/introduction/migration_guide/ for additional information.
[36m(EnvGroup(rank=1) pid=2035186)[0m Gym has been unmaintained since 2022 and does not support NumPy 2.0 amongst other critical functionality.
[36m(EnvGroup(rank=1) pid=2035186)[0m Please upgrade to Gymnasium, the maintained drop-in replacement of Gym, or contact the authors of your software and request that they upgrade.
[36m(EnvGroup(rank=1) pid=2035186)[0m Users of this version of Gym should be able to simply replace 'import gym' with 'import gymnasium as gym' in the vast majority of cases.
[36m(EnvGroup(rank=1) pid=2035186)[0m See the migration guide at https://gymnasium.farama.org/introduction/migration_guide/ for additional information.
[36m(EnvGroup(rank=1) pid=2035186)[0m /workspace/venv_fw/lib/python3.11/site-packages/robosuite/macros.py:53: DeprecationWarning: The 'warn' method is deprecated, use 'warning' instead
[36m(EnvGroup(rank=1) pid=2035186)[0m   ROBOSUITE_DEFAULT_LOGGER.warn("No private macro file found!")
[36m(EnvGroup(rank=1) pid=2035186)[0m [robosuite WARNING] No private macro file found! (macros.py:53)
[36m(EnvGroup(rank=1) pid=2035186)[0m [robosuite WARNING] It is recommended to use a private macro file (macros.py:54)
[36m(EnvGroup(rank=1) pid=2035186)[0m [robosuite WARNING] To setup, run: python /workspace/venv_fw/lib/python3.11/site-packages/robosuite/scripts/setup_macros.py (macros.py:55)
[36m(EnvGroup(rank=2) pid=2035190)[0m Gym has been unmaintained since 2022 and does not support NumPy 2.0 amongst other critical functionality.
[36m(EnvGroup(rank=2) pid=2035190)[0m Please upgrade to Gymnasium, the maintained drop-in replacement of Gym, or contact the authors of your software and request that they upgrade.
[36m(EnvGroup(rank=2) pid=2035190)[0m Users of this version of Gym should be able to simply replace 'import gym' with 'import gymnasium as gym' in the vast majority of cases.
[36m(EnvGroup(rank=2) pid=2035190)[0m See the migration guide at https://gymnasium.farama.org/introduction/migration_guide/ for additional information.
[36m(EnvGroup(rank=2) pid=2035190)[0m /workspace/venv_fw/lib/python3.11/site-packages/robosuite/macros.py:53: DeprecationWarning: The 'warn' method is deprecated, use 'warning' instead
[36m(EnvGroup(rank=2) pid=2035190)[0m   ROBOSUITE_DEFAULT_LOGGER.warn("No private macro file found!")
[36m(EnvGroup(rank=2) pid=2035190)[0m [robosuite WARNING] No private macro file found! (macros.py:53)
[36m(EnvGroup(rank=2) pid=2035190)[0m [robosuite WARNING] It is recommended to use a private macro file (macros.py:54)
[36m(EnvGroup(rank=2) pid=2035190)[0m [robosuite WARNING] To setup, run: python /workspace/venv_fw/lib/python3.11/site-packages/robosuite/scripts/setup_macros.py (macros.py:55)
[36m(EnvGroup(rank=3) pid=2035359)[0m Gym has been unmaintained since 2022 and does not support NumPy 2.0 amongst other critical functionality.
[36m(EnvGroup(rank=3) pid=2035359)[0m Please upgrade to Gymnasium, the maintained drop-in replacement of Gym, or contact the authors of your software and request that they upgrade.
[36m(EnvGroup(rank=3) pid=2035359)[0m Users of this version of Gym should be able to simply replace 'import gym' with 'import gymnasium as gym' in the vast majority of cases.
[36m(EnvGroup(rank=3) pid=2035359)[0m See the migration guide at https://gymnasium.farama.org/introduction/migration_guide/ for additional information.
[36m(EnvGroup(rank=3) pid=2035359)[0m Gym has been unmaintained since 2022 and does not support NumPy 2.0 amongst other critical functionality.
[36m(EnvGroup(rank=3) pid=2035359)[0m Please upgrade to Gymnasium, the maintained drop-in replacement of Gym, or contact the authors of your software and request that they upgrade.
[36m(EnvGroup(rank=3) pid=2035359)[0m Users of this version of Gym should be able to simply replace 'import gym' with 'import gymnasium as gym' in the vast majority of cases.
[36m(EnvGroup(rank=3) pid=2035359)[0m See the migration guide at https://gymnasium.farama.org/introduction/migration_guide/ for additional information.
[36m(EnvGroup(rank=3) pid=2035359)[0m /workspace/venv_fw/lib/python3.11/site-packages/robosuite/macros.py:53: DeprecationWarning: The 'warn' method is deprecated, use 'warning' instead
[36m(EnvGroup(rank=3) pid=2035359)[0m   ROBOSUITE_DEFAULT_LOGGER.warn("No private macro file found!")
[36m(EnvGroup(rank=3) pid=2035359)[0m [robosuite WARNING] No private macro file found! (macros.py:53)
[36m(EnvGroup(rank=3) pid=2035359)[0m [robosuite WARNING] It is recommended to use a private macro file (macros.py:54)
[36m(EnvGroup(rank=3) pid=2035359)[0m [robosuite WARNING] To setup, run: python /workspace/venv_fw/lib/python3.11/site-packages/robosuite/scripts/setup_macros.py (macros.py:55)
[36m(EnvGroup(rank=3) pid=2035359)[0m /workspace/venv_fw/lib/python3.11/site-packages/robosuite/macros.py:53: DeprecationWarning: The 'warn' method is deprecated, use 'warning' instead
[36m(EnvGroup(rank=3) pid=2035359)[0m   ROBOSUITE_DEFAULT_LOGGER.warn("No private macro file found!")
[36m(EnvGroup(rank=3) pid=2035359)[0m [robosuite WARNING] No private macro file found! (macros.py:53)
[36m(EnvGroup(rank=3) pid=2035359)[0m [robosuite WARNING] It is recommended to use a private macro file (macros.py:54)
[36m(EnvGroup(rank=3) pid=2035359)[0m [robosuite WARNING] To setup, run: python /workspace/venv_fw/lib/python3.11/site-packages/robosuite/scripts/setup_macros.py (macros.py:55)
[36m(EnvGroup(rank=3) pid=2035359)[0m Gym has been unmaintained since 2022 and does not support NumPy 2.0 amongst other critical functionality.
[36m(EnvGroup(rank=3) pid=2035359)[0m Please upgrade to Gymnasium, the maintained drop-in replacement of Gym, or contact the authors of your software and request that they upgrade.
[36m(EnvGroup(rank=3) pid=2035359)[0m Users of this version of Gym should be able to simply replace 'import gym' with 'import gymnasium as gym' in the vast majority of cases.
[36m(EnvGroup(rank=3) pid=2035359)[0m See the migration guide at https://gymnasium.farama.org/introduction/migration_guide/ for additional information.
[36m(EnvGroup(rank=3) pid=2035359)[0m /workspace/venv_fw/lib/python3.11/site-packages/robosuite/macros.py:53: DeprecationWarning: The 'warn' method is deprecated, use 'warning' instead
[36m(EnvGroup(rank=3) pid=2035359)[0m   ROBOSUITE_DEFAULT_LOGGER.warn("No private macro file found!")
[36m(EnvGroup(rank=3) pid=2035359)[0m [robosuite WARNING] No private macro file found! (macros.py:53)
[36m(EnvGroup(rank=3) pid=2035359)[0m [robosuite WARNING] It is recommended to use a private macro file (macros.py:54)
[36m(EnvGroup(rank=3) pid=2035359)[0m [robosuite WARNING] To setup, run: python /workspace/venv_fw/lib/python3.11/site-packages/robosuite/scripts/setup_macros.py (macros.py:55)
[36m(EnvGroup(rank=0) pid=2035182)[0m /workspace/venv_fw/lib/python3.11/site-packages/robosuite/macros.py:53: DeprecationWarning: The 'warn' method is deprecated, use 'warning' instead
[36m(EnvGroup(rank=0) pid=2035182)[0m   ROBOSUITE_DEFAULT_LOGGER.warn("No private macro file found!")
[36m(EnvGroup(rank=0) pid=2035182)[0m [robosuite WARNING] No private macro file found! (macros.py:53)
[36m(EnvGroup(rank=0) pid=2035182)[0m [robosuite WARNING] It is recommended to use a private macro file (macros.py:54)
[36m(EnvGroup(rank=0) pid=2035182)[0m [robosuite WARNING] To setup, run: python /workspace/venv_fw/lib/python3.11/site-packages/robosuite/scripts/setup_macros.py (macros.py:55)
[36m(EnvGroup(rank=0) pid=2035182)[0m /workspace/venv_fw/lib/python3.11/site-packages/robosuite/macros.py:53: DeprecationWarning: The 'warn' method is deprecated, use 'warning' instead
[36m(EnvGroup(rank=0) pid=2035182)[0m   ROBOSUITE_DEFAULT_LOGGER.warn("No private macro file found!")
[36m(EnvGroup(rank=0) pid=2035182)[0m [robosuite WARNING] No private macro file found! (macros.py:53)
[36m(EnvGroup(rank=0) pid=2035182)[0m [robosuite WARNING] It is recommended to use a private macro file (macros.py:54)
[36m(EnvGroup(rank=0) pid=2035182)[0m [robosuite WARNING] To setup, run: python /workspace/venv_fw/lib/python3.11/site-packages/robosuite/scripts/setup_macros.py (macros.py:55)
[36m(EnvGroup(rank=0) pid=2035182)[0m Gym has been unmaintained since 2022 and does not support NumPy 2.0 amongst other critical functionality.
[36m(EnvGroup(rank=0) pid=2035182)[0m Please upgrade to Gymnasium, the maintained drop-in replacement of Gym, or contact the authors of your software and request that they upgrade.
[36m(EnvGroup(rank=0) pid=2035182)[0m Users of this version of Gym should be able to simply replace 'import gym' with 'import gymnasium as gym' in the vast majority of cases.
[36m(EnvGroup(rank=0) pid=2035182)[0m See the migration guide at https://gymnasium.farama.org/introduction/migration_guide/ for additional information.
[36m(EnvGroup(rank=3) pid=2035359)[0m Gym has been unmaintained since 2022 and does not support NumPy 2.0 amongst other critical functionality.
[36m(EnvGroup(rank=3) pid=2035359)[0m Please upgrade to Gymnasium, the maintained drop-in replacement of Gym, or contact the authors of your software and request that they upgrade.
[36m(EnvGroup(rank=3) pid=2035359)[0m Users of this version of Gym should be able to simply replace 'import gym' with 'import gymnasium as gym' in the vast majority of cases.
[36m(EnvGroup(rank=3) pid=2035359)[0m See the migration guide at https://gymnasium.farama.org/introduction/migration_guide/ for additional information.
[36m(EnvGroup(rank=0) pid=2035182)[0m /workspace/venv_fw/lib/python3.11/site-packages/robosuite/macros.py:53: DeprecationWarning: The 'warn' method is deprecated, use 'warning' instead
[36m(EnvGroup(rank=0) pid=2035182)[0m   ROBOSUITE_DEFAULT_LOGGER.warn("No private macro file found!")
[36m(EnvGroup(rank=0) pid=2035182)[0m [robosuite WARNING] No private macro file found! (macros.py:53)
[36m(EnvGroup(rank=0) pid=2035182)[0m [robosuite WARNING] It is recommended to use a private macro file (macros.py:54)
[36m(EnvGroup(rank=0) pid=2035182)[0m [robosuite WARNING] To setup, run: python /workspace/venv_fw/lib/python3.11/site-packages/robosuite/scripts/setup_macros.py (macros.py:55)
[36m(EnvGroup(rank=1) pid=2035186)[0m Gym has been unmaintained since 2022 and does not support NumPy 2.0 amongst other critical functionality.
[36m(EnvGroup(rank=1) pid=2035186)[0m Please upgrade to Gymnasium, the maintained drop-in replacement of Gym, or contact the authors of your software and request that they upgrade.
[36m(EnvGroup(rank=1) pid=2035186)[0m Users of this version of Gym should be able to simply replace 'import gym' with 'import gymnasium as gym' in the vast majority of cases.
[36m(EnvGroup(rank=1) pid=2035186)[0m See the migration guide at https://gymnasium.farama.org/introduction/migration_guide/ for additional information.
[36m(EnvGroup(rank=3) pid=2035359)[0m /workspace/venv_fw/lib/python3.11/site-packages/robosuite/macros.py:53: DeprecationWarning: The 'warn' method is deprecated, use 'warning' instead
[36m(EnvGroup(rank=3) pid=2035359)[0m   ROBOSUITE_DEFAULT_LOGGER.warn("No private macro file found!")
[36m(EnvGroup(rank=3) pid=2035359)[0m [robosuite WARNING] No private macro file found! (macros.py:53)
[36m(EnvGroup(rank=3) pid=2035359)[0m [robosuite WARNING] It is recommended to use a private macro file (macros.py:54)
[36m(EnvGroup(rank=3) pid=2035359)[0m [robosuite WARNING] To setup, run: python /workspace/venv_fw/lib/python3.11/site-packages/robosuite/scripts/setup_macros.py (macros.py:55)
[36m(EnvGroup(rank=1) pid=2035186)[0m Gym has been unmaintained since 2022 and does not support NumPy 2.0 amongst other critical functionality.
[36m(EnvGroup(rank=1) pid=2035186)[0m Please upgrade to Gymnasium, the maintained drop-in replacement of Gym, or contact the authors of your software and request that they upgrade.
[36m(EnvGroup(rank=1) pid=2035186)[0m Users of this version of Gym should be able to simply replace 'import gym' with 'import gymnasium as gym' in the vast majority of cases.
[36m(EnvGroup(rank=1) pid=2035186)[0m See the migration guide at https://gymnasium.farama.org/introduction/migration_guide/ for additional information.
[36m(EnvGroup(rank=1) pid=2035186)[0m /workspace/venv_fw/lib/python3.11/site-packages/robosuite/macros.py:53: DeprecationWarning: The 'warn' method is deprecated, use 'warning' instead
[36m(EnvGroup(rank=1) pid=2035186)[0m   ROBOSUITE_DEFAULT_LOGGER.warn("No private macro file found!")
[36m(EnvGroup(rank=1) pid=2035186)[0m [robosuite WARNING] No private macro file found! (macros.py:53)
[36m(EnvGroup(rank=1) pid=2035186)[0m [robosuite WARNING] It is recommended to use a private macro file (macros.py:54)
[36m(EnvGroup(rank=1) pid=2035186)[0m [robosuite WARNING] To setup, run: python /workspace/venv_fw/lib/python3.11/site-packages/robosuite/scripts/setup_macros.py (macros.py:55)
[36m(EnvGroup(rank=1) pid=2035186)[0m /workspace/venv_fw/lib/python3.11/site-packages/robosuite/macros.py:53: DeprecationWarning: The 'warn' method is deprecated, use 'warning' instead
[36m(EnvGroup(rank=1) pid=2035186)[0m   ROBOSUITE_DEFAULT_LOGGER.warn("No private macro file found!")
[36m(EnvGroup(rank=1) pid=2035186)[0m [robosuite WARNING] No private macro file found! (macros.py:53)
[36m(EnvGroup(rank=1) pid=2035186)[0m [robosuite WARNING] It is recommended to use a private macro file (macros.py:54)
[36m(EnvGroup(rank=1) pid=2035186)[0m [robosuite WARNING] To setup, run: python /workspace/venv_fw/lib/python3.11/site-packages/robosuite/scripts/setup_macros.py (macros.py:55)
[36m(EnvGroup(rank=0) pid=2035182)[0m Gym has been unmaintained since 2022 and does not support NumPy 2.0 amongst other critical functionality.
[36m(EnvGroup(rank=0) pid=2035182)[0m Please upgrade to Gymnasium, the maintained drop-in replacement of Gym, or contact the authors of your software and request that they upgrade.
[36m(EnvGroup(rank=0) pid=2035182)[0m Users of this version of Gym should be able to simply replace 'import gym' with 'import gymnasium as gym' in the vast majority of cases.
[36m(EnvGroup(rank=0) pid=2035182)[0m See the migration guide at https://gymnasium.farama.org/introduction/migration_guide/ for additional information.
[36m(EnvGroup(rank=0) pid=2035182)[0m /workspace/venv_fw/lib/python3.11/site-packages/robosuite/macros.py:53: DeprecationWarning: The 'warn' method is deprecated, use 'warning' instead
[36m(EnvGroup(rank=0) pid=2035182)[0m   ROBOSUITE_DEFAULT_LOGGER.warn("No private macro file found!")
[36m(EnvGroup(rank=0) pid=2035182)[0m [robosuite WARNING] No private macro file found! (macros.py:53)
[36m(EnvGroup(rank=0) pid=2035182)[0m [robosuite WARNING] It is recommended to use a private macro file (macros.py:54)
[36m(EnvGroup(rank=0) pid=2035182)[0m [robosuite WARNING] To setup, run: python /workspace/venv_fw/lib/python3.11/site-packages/robosuite/scripts/setup_macros.py (macros.py:55)
[36m(EnvGroup(rank=0) pid=2035182)[0m Gym has been unmaintained since 2022 and does not support NumPy 2.0 amongst other critical functionality.
[36m(EnvGroup(rank=0) pid=2035182)[0m Please upgrade to Gymnasium, the maintained drop-in replacement of Gym, or contact the authors of your software and request that they upgrade.
[36m(EnvGroup(rank=0) pid=2035182)[0m Users of this version of Gym should be able to simply replace 'import gym' with 'import gymnasium as gym' in the vast majority of cases.
[36m(EnvGroup(rank=0) pid=2035182)[0m See the migration guide at https://gymnasium.farama.org/introduction/migration_guide/ for additional information.
[36m(EnvGroup(rank=0) pid=2035182)[0m Gym has been unmaintained since 2022 and does not support NumPy 2.0 amongst other critical functionality.
[36m(EnvGroup(rank=0) pid=2035182)[0m Please upgrade to Gymnasium, the maintained drop-in replacement of Gym, or contact the authors of your software and request that they upgrade.
[36m(EnvGroup(rank=0) pid=2035182)[0m Users of this version of Gym should be able to simply replace 'import gym' with 'import gymnasium as gym' in the vast majority of cases.
[36m(EnvGroup(rank=0) pid=2035182)[0m See the migration guide at https://gymnasium.farama.org/introduction/migration_guide/ for additional information.
[36m(EnvGroup(rank=1) pid=2035186)[0m Gym has been unmaintained since 2022 and does not support NumPy 2.0 amongst other critical functionality.
[36m(EnvGroup(rank=1) pid=2035186)[0m Please upgrade to Gymnasium, the maintained drop-in replacement of Gym, or contact the authors of your software and request that they upgrade.
[36m(EnvGroup(rank=1) pid=2035186)[0m Users of this version of Gym should be able to simply replace 'import gym' with 'import gymnasium as gym' in the vast majority of cases.
[36m(EnvGroup(rank=1) pid=2035186)[0m See the migration guide at https://gymnasium.farama.org/introduction/migration_guide/ for additional information.
[36m(EnvGroup(rank=1) pid=2035186)[0m /workspace/venv_fw/lib/python3.11/site-packages/robosuite/macros.py:53: DeprecationWarning: The 'warn' method is deprecated, use 'warning' instead
[36m(EnvGroup(rank=1) pid=2035186)[0m   ROBOSUITE_DEFAULT_LOGGER.warn("No private macro file found!")
[36m(EnvGroup(rank=1) pid=2035186)[0m [robosuite WARNING] No private macro file found! (macros.py:53)
[36m(EnvGroup(rank=1) pid=2035186)[0m [robosuite WARNING] It is recommended to use a private macro file (macros.py:54)
[36m(EnvGroup(rank=1) pid=2035186)[0m [robosuite WARNING] To setup, run: python /workspace/venv_fw/lib/python3.11/site-packages/robosuite/scripts/setup_macros.py (macros.py:55)
[36m(EnvGroup(rank=1) pid=2035186)[0m Gym has been unmaintained since 2022 and does not support NumPy 2.0 amongst other critical functionality.
[36m(EnvGroup(rank=1) pid=2035186)[0m Please upgrade to Gymnasium, the maintained drop-in replacement of Gym, or contact the authors of your software and request that they upgrade.
[36m(EnvGroup(rank=1) pid=2035186)[0m Users of this version of Gym should be able to simply replace 'import gym' with 'import gymnasium as gym' in the vast majority of cases.
[36m(EnvGroup(rank=1) pid=2035186)[0m See the migration guide at https://gymnasium.farama.org/introduction/migration_guide/ for additional information.
[36m(EnvGroup(rank=1) pid=2035186)[0m /workspace/venv_fw/lib/python3.11/site-packages/robosuite/macros.py:53: DeprecationWarning: The 'warn' method is deprecated, use 'warning' instead
[36m(EnvGroup(rank=1) pid=2035186)[0m   ROBOSUITE_DEFAULT_LOGGER.warn("No private macro file found!")
[36m(EnvGroup(rank=1) pid=2035186)[0m [robosuite WARNING] No private macro file found! (macros.py:53)
[36m(EnvGroup(rank=1) pid=2035186)[0m [robosuite WARNING] It is recommended to use a private macro file (macros.py:54)
[36m(EnvGroup(rank=1) pid=2035186)[0m [robosuite WARNING] To setup, run: python /workspace/venv_fw/lib/python3.11/site-packages/robosuite/scripts/setup_macros.py (macros.py:55)
[36m(EnvGroup(rank=2) pid=2035190)[0m Gym has been unmaintained since 2022 and does not support NumPy 2.0 amongst other critical functionality.
[36m(EnvGroup(rank=2) pid=2035190)[0m Please upgrade to Gymnasium, the maintained drop-in replacement of Gym, or contact the authors of your software and request that they upgrade.
[36m(EnvGroup(rank=2) pid=2035190)[0m Users of this version of Gym should be able to simply replace 'import gym' with 'import gymnasium as gym' in the vast majority of cases.
[36m(EnvGroup(rank=2) pid=2035190)[0m See the migration guide at https://gymnasium.farama.org/introduction/migration_guide/ for additional information.
[36m(EnvGroup(rank=2) pid=2035190)[0m Gym has been unmaintained since 2022 and does not support NumPy 2.0 amongst other critical functionality.
[36m(EnvGroup(rank=2) pid=2035190)[0m Please upgrade to Gymnasium, the maintained drop-in replacement of Gym, or contact the authors of your software and request that they upgrade.
[36m(EnvGroup(rank=2) pid=2035190)[0m Users of this version of Gym should be able to simply replace 'import gym' with 'import gymnasium as gym' in the vast majority of cases.
[36m(EnvGroup(rank=2) pid=2035190)[0m See the migration guide at https://gymnasium.farama.org/introduction/migration_guide/ for additional information.
[36m(EnvGroup(rank=2) pid=2035190)[0m /workspace/venv_fw/lib/python3.11/site-packages/robosuite/macros.py:53: DeprecationWarning: The 'warn' method is deprecated, use 'warning' instead
[36m(EnvGroup(rank=2) pid=2035190)[0m   ROBOSUITE_DEFAULT_LOGGER.warn("No private macro file found!")
[36m(EnvGroup(rank=2) pid=2035190)[0m [robosuite WARNING] No private macro file found! (macros.py:53)
[36m(EnvGroup(rank=2) pid=2035190)[0m [robosuite WARNING] It is recommended to use a private macro file (macros.py:54)
[36m(EnvGroup(rank=2) pid=2035190)[0m [robosuite WARNING] To setup, run: python /workspace/venv_fw/lib/python3.11/site-packages/robosuite/scripts/setup_macros.py (macros.py:55)
[36m(EnvGroup(rank=2) pid=2035190)[0m /workspace/venv_fw/lib/python3.11/site-packages/robosuite/macros.py:53: DeprecationWarning: The 'warn' method is deprecated, use 'warning' instead
[36m(EnvGroup(rank=2) pid=2035190)[0m   ROBOSUITE_DEFAULT_LOGGER.warn("No private macro file found!")
[36m(EnvGroup(rank=2) pid=2035190)[0m [robosuite WARNING] No private macro file found! (macros.py:53)
[36m(EnvGroup(rank=2) pid=2035190)[0m [robosuite WARNING] It is recommended to use a private macro file (macros.py:54)
[36m(EnvGroup(rank=2) pid=2035190)[0m [robosuite WARNING] To setup, run: python /workspace/venv_fw/lib/python3.11/site-packages/robosuite/scripts/setup_macros.py (macros.py:55)
[36m(EnvGroup(rank=3) pid=2035359)[0m Gym has been unmaintained since 2022 and does not support NumPy 2.0 amongst other critical functionality.
[36m(EnvGroup(rank=3) pid=2035359)[0m Please upgrade to Gymnasium, the maintained drop-in replacement of Gym, or contact the authors of your software and request that they upgrade.
[36m(EnvGroup(rank=3) pid=2035359)[0m Users of this version of Gym should be able to simply replace 'import gym' with 'import gymnasium as gym' in the vast majority of cases.
[36m(EnvGroup(rank=3) pid=2035359)[0m See the migration guide at https://gymnasium.farama.org/introduction/migration_guide/ for additional information.
[36m(EnvGroup(rank=3) pid=2035359)[0m /workspace/venv_fw/lib/python3.11/site-packages/robosuite/macros.py:53: DeprecationWarning: The 'warn' method is deprecated, use 'warning' instead
[36m(EnvGroup(rank=3) pid=2035359)[0m   ROBOSUITE_DEFAULT_LOGGER.warn("No private macro file found!")
[36m(EnvGroup(rank=3) pid=2035359)[0m [robosuite WARNING] No private macro file found! (macros.py:53)
[36m(EnvGroup(rank=3) pid=2035359)[0m [robosuite WARNING] It is recommended to use a private macro file (macros.py:54)
[36m(EnvGroup(rank=3) pid=2035359)[0m [robosuite WARNING] To setup, run: python /workspace/venv_fw/lib/python3.11/site-packages/robosuite/scripts/setup_macros.py (macros.py:55)
[36m(EnvGroup(rank=3) pid=2035359)[0m Gym has been unmaintained since 2022 and does not support NumPy 2.0 amongst other critical functionality.
[36m(EnvGroup(rank=3) pid=2035359)[0m Please upgrade to Gymnasium, the maintained drop-in replacement of Gym, or contact the authors of your software and request that they upgrade.
[36m(EnvGroup(rank=3) pid=2035359)[0m Users of this version of Gym should be able to simply replace 'import gym' with 'import gymnasium as gym' in the vast majority of cases.
[36m(EnvGroup(rank=3) pid=2035359)[0m See the migration guide at https://gymnasium.farama.org/introduction/migration_guide/ for additional information.
[36m(EnvGroup(rank=3) pid=2035359)[0m Gym has been unmaintained since 2022 and does not support NumPy 2.0 amongst other critical functionality.
[36m(EnvGroup(rank=3) pid=2035359)[0m Please upgrade to Gymnasium, the maintained drop-in replacement of Gym, or contact the authors of your software and request that they upgrade.
[36m(EnvGroup(rank=3) pid=2035359)[0m Users of this version of Gym should be able to simply replace 'import gym' with 'import gymnasium as gym' in the vast majority of cases.
[36m(EnvGroup(rank=3) pid=2035359)[0m See the migration guide at https://gymnasium.farama.org/introduction/migration_guide/ for additional information.
[36m(EnvGroup(rank=3) pid=2035359)[0m /workspace/venv_fw/lib/python3.11/site-packages/robosuite/macros.py:53: DeprecationWarning: The 'warn' method is deprecated, use 'warning' instead
[36m(EnvGroup(rank=3) pid=2035359)[0m   ROBOSUITE_DEFAULT_LOGGER.warn("No private macro file found!")
[36m(EnvGroup(rank=3) pid=2035359)[0m [robosuite WARNING] No private macro file found! (macros.py:53)
[36m(EnvGroup(rank=3) pid=2035359)[0m [robosuite WARNING] It is recommended to use a private macro file (macros.py:54)
[36m(EnvGroup(rank=3) pid=2035359)[0m [robosuite WARNING] To setup, run: python /workspace/venv_fw/lib/python3.11/site-packages/robosuite/scripts/setup_macros.py (macros.py:55)
[36m(EnvGroup(rank=3) pid=2035359)[0m /workspace/venv_fw/lib/python3.11/site-packages/robosuite/macros.py:53: DeprecationWarning: The 'warn' method is deprecated, use 'warning' instead
[36m(EnvGroup(rank=3) pid=2035359)[0m   ROBOSUITE_DEFAULT_LOGGER.warn("No private macro file found!")
[36m(EnvGroup(rank=3) pid=2035359)[0m [robosuite WARNING] No private macro file found! (macros.py:53)
[36m(EnvGroup(rank=3) pid=2035359)[0m [robosuite WARNING] It is recommended to use a private macro file (macros.py:54)
[36m(EnvGroup(rank=3) pid=2035359)[0m [robosuite WARNING] To setup, run: python /workspace/venv_fw/lib/python3.11/site-packages/robosuite/scripts/setup_macros.py (macros.py:55)
[36m(EnvGroup(rank=3) pid=2035359)[0m Gym has been unmaintained since 2022 and does not support NumPy 2.0 amongst other critical functionality.
[36m(EnvGroup(rank=3) pid=2035359)[0m Please upgrade to Gymnasium, the maintained drop-in replacement of Gym, or contact the authors of your software and request that they upgrade.
[36m(EnvGroup(rank=3) pid=2035359)[0m Users of this version of Gym should be able to simply replace 'import gym' with 'import gymnasium as gym' in the vast majority of cases.
[36m(EnvGroup(rank=3) pid=2035359)[0m See the migration guide at https://gymnasium.farama.org/introduction/migration_guide/ for additional information.
[36m(EnvGroup(rank=3) pid=2035359)[0m /workspace/venv_fw/lib/python3.11/site-packages/robosuite/macros.py:53: DeprecationWarning: The 'warn' method is deprecated, use 'warning' instead
[36m(EnvGroup(rank=3) pid=2035359)[0m   ROBOSUITE_DEFAULT_LOGGER.warn("No private macro file found!")
[36m(EnvGroup(rank=3) pid=2035359)[0m [robosuite WARNING] No private macro file found! (macros.py:53)
[36m(EnvGroup(rank=3) pid=2035359)[0m [robosuite WARNING] It is recommended to use a private macro file (macros.py:54)
[36m(EnvGroup(rank=3) pid=2035359)[0m [robosuite WARNING] To setup, run: python /workspace/venv_fw/lib/python3.11/site-packages/robosuite/scripts/setup_macros.py (macros.py:55)
[36m(EnvGroup(rank=3) pid=2035359)[0m Gym has been unmaintained since 2022 and does not support NumPy 2.0 amongst other critical functionality.
[36m(EnvGroup(rank=3) pid=2035359)[0m Please upgrade to Gymnasium, the maintained drop-in replacement of Gym, or contact the authors of your software and request that they upgrade.
[36m(EnvGroup(rank=3) pid=2035359)[0m Users of this version of Gym should be able to simply replace 'import gym' with 'import gymnasium as gym' in the vast majority of cases.
[36m(EnvGroup(rank=3) pid=2035359)[0m See the migration guide at https://gymnasium.farama.org/introduction/migration_guide/ for additional information.
[36m(EnvGroup(rank=3) pid=2035359)[0m /workspace/venv_fw/lib/python3.11/site-packages/robosuite/macros.py:53: DeprecationWarning: The 'warn' method is deprecated, use 'warning' instead
[36m(EnvGroup(rank=3) pid=2035359)[0m   ROBOSUITE_DEFAULT_LOGGER.warn("No private macro file found!")
[36m(EnvGroup(rank=3) pid=2035359)[0m [robosuite WARNING] No private macro file found! (macros.py:53)
[36m(EnvGroup(rank=3) pid=2035359)[0m [robosuite WARNING] It is recommended to use a private macro file (macros.py:54)
[36m(EnvGroup(rank=3) pid=2035359)[0m [robosuite WARNING] To setup, run: python /workspace/venv_fw/lib/python3.11/site-packages/robosuite/scripts/setup_macros.py (macros.py:55)
[36m(EnvGroup(rank=0) pid=2035182)[0m /workspace/venv_fw/lib/python3.11/site-packages/robosuite/macros.py:53: DeprecationWarning: The 'warn' method is deprecated, use 'warning' instead
[36m(EnvGroup(rank=0) pid=2035182)[0m   ROBOSUITE_DEFAULT_LOGGER.warn("No private macro file found!")
[36m(EnvGroup(rank=0) pid=2035182)[0m [robosuite WARNING] No private macro file found! (macros.py:53)
[36m(EnvGroup(rank=0) pid=2035182)[0m Gym has been unmaintained since 2022 and does not support NumPy 2.0 amongst other critical functionality.
[36m(EnvGroup(rank=0) pid=2035182)[0m Please upgrade to Gymnasium, the maintained drop-in replacement of Gym, or contact the authors of your software and request that they upgrade.
[36m(EnvGroup(rank=0) pid=2035182)[0m Users of this version of Gym should be able to simply replace 'import gym' with 'import gymnasium as gym' in the vast majority of cases.
[36m(EnvGroup(rank=0) pid=2035182)[0m See the migration guide at https://gymnasium.farama.org/introduction/migration_guide/ for additional information.[robosuite WARNING] It is recommended to use a private macro file (macros.py:54)
[36m(EnvGroup(rank=0) pid=2035182)[0m 
[36m(EnvGroup(rank=0) pid=2035182)[0m [robosuite WARNING] To setup, run: python /workspace/venv_fw/lib/python3.11/site-packages/robosuite/scripts/setup_macros.py (macros.py:55)
[36m(EnvGroup(rank=0) pid=2035182)[0m /workspace/venv_fw/lib/python3.11/site-packages/robosuite/macros.py:53: DeprecationWarning: The 'warn' method is deprecated, use 'warning' instead
[36m(EnvGroup(rank=0) pid=2035182)[0m   ROBOSUITE_DEFAULT_LOGGER.warn("No private macro file found!")
[36m(EnvGroup(rank=0) pid=2035182)[0m [robosuite WARNING] No private macro file found! (macros.py:53)
[36m(EnvGroup(rank=0) pid=2035182)[0m [robosuite WARNING] It is recommended to use a private macro file (macros.py:54)
[36m(EnvGroup(rank=0) pid=2035182)[0m [robosuite WARNING] To setup, run: python /workspace/venv_fw/lib/python3.11/site-packages/robosuite/scripts/setup_macros.py (macros.py:55)
[36m(EnvGroup(rank=1) pid=2035186)[0m Gym has been unmaintained since 2022 and does not support NumPy 2.0 amongst other critical functionality.
[36m(EnvGroup(rank=1) pid=2035186)[0m Please upgrade to Gymnasium, the maintained drop-in replacement of Gym, or contact the authors of your software and request that they upgrade.
[36m(EnvGroup(rank=1) pid=2035186)[0m Users of this version of Gym should be able to simply replace 'import gym' with 'import gymnasium as gym' in the vast majority of cases.
[36m(EnvGroup(rank=1) pid=2035186)[0m See the migration guide at https://gymnasium.farama.org/introduction/migration_guide/ for additional information.
[36m(EnvGroup(rank=0) pid=2035182)[0m /workspace/venv_fw/lib/python3.11/site-packages/robosuite/macros.py:53: DeprecationWarning: The 'warn' method is deprecated, use 'warning' instead
[36m(EnvGroup(rank=0) pid=2035182)[0m   ROBOSUITE_DEFAULT_LOGGER.warn("No private macro file found!")
[36m(EnvGroup(rank=0) pid=2035182)[0m [robosuite WARNING] No private macro file found! (macros.py:53)
[36m(EnvGroup(rank=0) pid=2035182)[0m [robosuite WARNING] It is recommended to use a private macro file (macros.py:54)
[36m(EnvGroup(rank=0) pid=2035182)[0m [robosuite WARNING] To setup, run: python /workspace/venv_fw/lib/python3.11/site-packages/robosuite/scripts/setup_macros.py (macros.py:55)
[36m(EnvGroup(rank=2) pid=2035190)[0m Gym has been unmaintained since 2022 and does not support NumPy 2.0 amongst other critical functionality.
[36m(EnvGroup(rank=2) pid=2035190)[0m Please upgrade to Gymnasium, the maintained drop-in replacement of Gym, or contact the authors of your software and request that they upgrade.
[36m(EnvGroup(rank=2) pid=2035190)[0m Users of this version of Gym should be able to simply replace 'import gym' with 'import gymnasium as gym' in the vast majority of cases.
[36m(EnvGroup(rank=2) pid=2035190)[0m See the migration guide at https://gymnasium.farama.org/introduction/migration_guide/ for additional information.
[36m(EnvGroup(rank=3) pid=2035359)[0m Gym has been unmaintained since 2022 and does not support NumPy 2.0 amongst other critical functionality.
[36m(EnvGroup(rank=3) pid=2035359)[0m Please upgrade to Gymnasium, the maintained drop-in replacement of Gym, or contact the authors of your software and request that they upgrade.
[36m(EnvGroup(rank=3) pid=2035359)[0m Users of this version of Gym should be able to simply replace 'import gym' with 'import gymnasium as gym' in the vast majority of cases.
[36m(EnvGroup(rank=3) pid=2035359)[0m See the migration guide at https://gymnasium.farama.org/introduction/migration_guide/ for additional information.
[36m(EnvGroup(rank=0) pid=2035182)[0m Gym has been unmaintained since 2022 and does not support NumPy 2.0 amongst other critical functionality.
[36m(EnvGroup(rank=0) pid=2035182)[0m Please upgrade to Gymnasium, the maintained drop-in replacement of Gym, or contact the authors of your software and request that they upgrade.
[36m(EnvGroup(rank=0) pid=2035182)[0m Users of this version of Gym should be able to simply replace 'import gym' with 'import gymnasium as gym' in the vast majority of cases.
[36m(EnvGroup(rank=0) pid=2035182)[0m See the migration guide at https://gymnasium.farama.org/introduction/migration_guide/ for additional information.
[36m(EnvGroup(rank=1) pid=2035186)[0m /workspace/venv_fw/lib/python3.11/site-packages/robosuite/macros.py:53: DeprecationWarning: The 'warn' method is deprecated, use 'warning' instead
[36m(EnvGroup(rank=1) pid=2035186)[0m   ROBOSUITE_DEFAULT_LOGGER.warn("No private macro file found!")
[36m(EnvGroup(rank=1) pid=2035186)[0m [robosuite WARNING] No private macro file found! (macros.py:53)
[36m(EnvGroup(rank=1) pid=2035186)[0m [robosuite WARNING] It is recommended to use a private macro file (macros.py:54)
[36m(EnvGroup(rank=1) pid=2035186)[0m [robosuite WARNING] To setup, run: python /workspace/venv_fw/lib/python3.11/site-packages/robosuite/scripts/setup_macros.py (macros.py:55)
[36m(EnvGroup(rank=1) pid=2035186)[0m Gym has been unmaintained since 2022 and does not support NumPy 2.0 amongst other critical functionality.
[36m(EnvGroup(rank=1) pid=2035186)[0m Please upgrade to Gymnasium, the maintained drop-in replacement of Gym, or contact the authors of your software and request that they upgrade.
[36m(EnvGroup(rank=1) pid=2035186)[0m Users of this version of Gym should be able to simply replace 'import gym' with 'import gymnasium as gym' in the vast majority of cases.
[36m(EnvGroup(rank=1) pid=2035186)[0m See the migration guide at https://gymnasium.farama.org/introduction/migration_guide/ for additional information.
[36m(EnvGroup(rank=1) pid=2035186)[0m Gym has been unmaintained since 2022 and does not support NumPy 2.0 amongst other critical functionality.
[36m(EnvGroup(rank=1) pid=2035186)[0m Please upgrade to Gymnasium, the maintained drop-in replacement of Gym, or contact the authors of your software and request that they upgrade.
[36m(EnvGroup(rank=1) pid=2035186)[0m Users of this version of Gym should be able to simply replace 'import gym' with 'import gymnasium as gym' in the vast majority of cases.
[36m(EnvGroup(rank=1) pid=2035186)[0m See the migration guide at https://gymnasium.farama.org/introduction/migration_guide/ for additional information.
[36m(EnvGroup(rank=3) pid=2035359)[0m /workspace/venv_fw/lib/python3.11/site-packages/robosuite/macros.py:53: DeprecationWarning: The 'warn' method is deprecated, use 'warning' instead
[36m(EnvGroup(rank=3) pid=2035359)[0m   ROBOSUITE_DEFAULT_LOGGER.warn("No private macro file found!")
[36m(EnvGroup(rank=3) pid=2035359)[0m [robosuite WARNING] No private macro file found! (macros.py:53)
[36m(EnvGroup(rank=3) pid=2035359)[0m [robosuite WARNING] It is recommended to use a private macro file (macros.py:54)
[36m(EnvGroup(rank=3) pid=2035359)[0m [robosuite WARNING] To setup, run: python /workspace/venv_fw/lib/python3.11/site-packages/robosuite/scripts/setup_macros.py (macros.py:55)
[36m(EnvGroup(rank=3) pid=2035359)[0m Gym has been unmaintained since 2022 and does not support NumPy 2.0 amongst other critical functionality.
[36m(EnvGroup(rank=3) pid=2035359)[0m Please upgrade to Gymnasium, the maintained drop-in replacement of Gym, or contact the authors of your software and request that they upgrade.
[36m(EnvGroup(rank=3) pid=2035359)[0m Users of this version of Gym should be able to simply replace 'import gym' with 'import gymnasium as gym' in the vast majority of cases.
[36m(EnvGroup(rank=3) pid=2035359)[0m See the migration guide at https://gymnasium.farama.org/introduction/migration_guide/ for additional information.
[36m(EnvGroup(rank=1) pid=2035186)[0m /workspace/venv_fw/lib/python3.11/site-packages/robosuite/macros.py:53: DeprecationWarning: The 'warn' method is deprecated, use 'warning' instead
[36m(EnvGroup(rank=1) pid=2035186)[0m   ROBOSUITE_DEFAULT_LOGGER.warn("No private macro file found!")
[36m(EnvGroup(rank=1) pid=2035186)[0m [robosuite WARNING] No private macro file found! (macros.py:53)
[36m(EnvGroup(rank=1) pid=2035186)[0m [robosuite WARNING] It is recommended to use a private macro file (macros.py:54)
[36m(EnvGroup(rank=1) pid=2035186)[0m [robosuite WARNING] To setup, run: python /workspace/venv_fw/lib/python3.11/site-packages/robosuite/scripts/setup_macros.py (macros.py:55)
[36m(EnvGroup(rank=2) pid=2035190)[0m /workspace/venv_fw/lib/python3.11/site-packages/robosuite/macros.py:53: DeprecationWarning: The 'warn' method is deprecated, use 'warning' instead
[36m(EnvGroup(rank=2) pid=2035190)[0m   ROBOSUITE_DEFAULT_LOGGER.warn("No private macro file found!")
[36m(EnvGroup(rank=2) pid=2035190)[0m [robosuite WARNING] No private macro file found! (macros.py:53)
[36m(EnvGroup(rank=2) pid=2035190)[0m [robosuite WARNING] It is recommended to use a private macro file (macros.py:54)
[36m(EnvGroup(rank=2) pid=2035190)[0m [robosuite WARNING] To setup, run: python /workspace/venv_fw/lib/python3.11/site-packages/robosuite/scripts/setup_macros.py (macros.py:55)
[36m(EnvGroup(rank=2) pid=2035190)[0m Gym has been unmaintained since 2022 and does not support NumPy 2.0 amongst other critical functionality.
[36m(EnvGroup(rank=2) pid=2035190)[0m Please upgrade to Gymnasium, the maintained drop-in replacement of Gym, or contact the authors of your software and request that they upgrade.
[36m(EnvGroup(rank=2) pid=2035190)[0m Users of this version of Gym should be able to simply replace 'import gym' with 'import gymnasium as gym' in the vast majority of cases.
[36m(EnvGroup(rank=2) pid=2035190)[0m See the migration guide at https://gymnasium.farama.org/introduction/migration_guide/ for additional information.
[36m(EnvGroup(rank=3) pid=2035359)[0m Gym has been unmaintained since 2022 and does not support NumPy 2.0 amongst other critical functionality.
[36m(EnvGroup(rank=3) pid=2035359)[0m Please upgrade to Gymnasium, the maintained drop-in replacement of Gym, or contact the authors of your software and request that they upgrade.
[36m(EnvGroup(rank=3) pid=2035359)[0m Users of this version of Gym should be able to simply replace 'import gym' with 'import gymnasium as gym' in the vast majority of cases.
[36m(EnvGroup(rank=3) pid=2035359)[0m See the migration guide at https://gymnasium.farama.org/introduction/migration_guide/ for additional information.
[36m(EnvGroup(rank=3) pid=2035359)[0m /workspace/venv_fw/lib/python3.11/site-packages/robosuite/macros.py:53: DeprecationWarning: The 'warn' method is deprecated, use 'warning' instead
[36m(EnvGroup(rank=3) pid=2035359)[0m   ROBOSUITE_DEFAULT_LOGGER.warn("No private macro file found!")
[36m(EnvGroup(rank=3) pid=2035359)[0m [robosuite WARNING] No private macro file found! (macros.py:53)
[36m(EnvGroup(rank=3) pid=2035359)[0m [robosuite WARNING] It is recommended to use a private macro file (macros.py:54)
[36m(EnvGroup(rank=3) pid=2035359)[0m [robosuite WARNING] To setup, run: python /workspace/venv_fw/lib/python3.11/site-packages/robosuite/scripts/setup_macros.py (macros.py:55)
[36m(EnvGroup(rank=0) pid=2035182)[0m /workspace/venv_fw/lib/python3.11/site-packages/robosuite/macros.py:53: DeprecationWarning: The 'warn' method is deprecated, use 'warning' instead
[36m(EnvGroup(rank=0) pid=2035182)[0m   ROBOSUITE_DEFAULT_LOGGER.warn("No private macro file found!")
[36m(EnvGroup(rank=0) pid=2035182)[0m [robosuite WARNING] No private macro file found! (macros.py:53)
[36m(EnvGroup(rank=0) pid=2035182)[0m [robosuite WARNING] It is recommended to use a private macro file (macros.py:54)
[36m(EnvGroup(rank=0) pid=2035182)[0m [robosuite WARNING] To setup, run: python /workspace/venv_fw/lib/python3.11/site-packages/robosuite/scripts/setup_macros.py (macros.py:55)
[36m(EnvGroup(rank=0) pid=2035182)[0m Gym has been unmaintained since 2022 and does not support NumPy 2.0 amongst other critical functionality.
[36m(EnvGroup(rank=0) pid=2035182)[0m Please upgrade to Gymnasium, the maintained drop-in replacement of Gym, or contact the authors of your software and request that they upgrade.
[36m(EnvGroup(rank=0) pid=2035182)[0m Users of this version of Gym should be able to simply replace 'import gym' with 'import gymnasium as gym' in the vast majority of cases.
[36m(EnvGroup(rank=0) pid=2035182)[0m See the migration guide at https://gymnasium.farama.org/introduction/migration_guide/ for additional information.
[36m(EnvGroup(rank=1) pid=2035186)[0m /workspace/venv_fw/lib/python3.11/site-packages/robosuite/macros.py:53: DeprecationWarning: The 'warn' method is deprecated, use 'warning' instead
[36m(EnvGroup(rank=1) pid=2035186)[0m   ROBOSUITE_DEFAULT_LOGGER.warn("No private macro file found!")
[36m(EnvGroup(rank=1) pid=2035186)[0m [robosuite WARNING] No private macro file found! (macros.py:53)
[36m(EnvGroup(rank=1) pid=2035186)[0m [robosuite WARNING] It is recommended to use a private macro file (macros.py:54)
[36m(EnvGroup(rank=1) pid=2035186)[0m [robosuite WARNING] To setup, run: python /workspace/venv_fw/lib/python3.11/site-packages/robosuite/scripts/setup_macros.py (macros.py:55)
[36m(EnvGroup(rank=2) pid=2035190)[0m /workspace/venv_fw/lib/python3.11/site-packages/robosuite/macros.py:53: DeprecationWarning: The 'warn' method is deprecated, use 'warning' instead
[36m(EnvGroup(rank=2) pid=2035190)[0m   ROBOSUITE_DEFAULT_LOGGER.warn("No private macro file found!")
[36m(EnvGroup(rank=2) pid=2035190)[0m [robosuite WARNING] No private macro file found! (macros.py:53)
[36m(EnvGroup(rank=2) pid=2035190)[0m [robosuite WARNING] It is recommended to use a private macro file (macros.py:54)
[36m(EnvGroup(rank=2) pid=2035190)[0m [robosuite WARNING] To setup, run: python /workspace/venv_fw/lib/python3.11/site-packages/robosuite/scripts/setup_macros.py (macros.py:55)
[36m(EnvGroup(rank=2) pid=2035190)[0m Gym has been unmaintained since 2022 and does not support NumPy 2.0 amongst other critical functionality.
[36m(EnvGroup(rank=2) pid=2035190)[0m Please upgrade to Gymnasium, the maintained drop-in replacement of Gym, or contact the authors of your software and request that they upgrade.
[36m(EnvGroup(rank=2) pid=2035190)[0m Users of this version of Gym should be able to simply replace 'import gym' with 'import gymnasium as gym' in the vast majority of cases.
[36m(EnvGroup(rank=2) pid=2035190)[0m See the migration guide at https://gymnasium.farama.org/introduction/migration_guide/ for additional information.
[36m(EnvGroup(rank=3) pid=2035359)[0m /workspace/venv_fw/lib/python3.11/site-packages/robosuite/macros.py:53: DeprecationWarning: The 'warn' method is deprecated, use 'warning' instead
[36m(EnvGroup(rank=3) pid=2035359)[0m   ROBOSUITE_DEFAULT_LOGGER.warn("No private macro file found!")
[36m(EnvGroup(rank=3) pid=2035359)[0m [robosuite WARNING] No private macro file found! (macros.py:53)
[36m(EnvGroup(rank=3) pid=2035359)[0m [robosuite WARNING] It is recommended to use a private macro file (macros.py:54)
[36m(EnvGroup(rank=3) pid=2035359)[0m [robosuite WARNING] To setup, run: python /workspace/venv_fw/lib/python3.11/site-packages/robosuite/scripts/setup_macros.py (macros.py:55)
[36m(EnvGroup(rank=0) pid=2035182)[0m Gym has been unmaintained since 2022 and does not support NumPy 2.0 amongst other critical functionality.
[36m(EnvGroup(rank=0) pid=2035182)[0m Please upgrade to Gymnasium, the maintained drop-in replacement of Gym, or contact the authors of your software and request that they upgrade.
[36m(EnvGroup(rank=0) pid=2035182)[0m Users of this version of Gym should be able to simply replace 'import gym' with 'import gymnasium as gym' in the vast majority of cases.
[36m(EnvGroup(rank=0) pid=2035182)[0m See the migration guide at https://gymnasium.farama.org/introduction/migration_guide/ for additional information.
[36m(EnvGroup(rank=0) pid=2035182)[0m /workspace/venv_fw/lib/python3.11/site-packages/robosuite/macros.py:53: DeprecationWarning: The 'warn' method is deprecated, use 'warning' instead
[36m(EnvGroup(rank=0) pid=2035182)[0m   ROBOSUITE_DEFAULT_LOGGER.warn("No private macro file found!")
[36m(EnvGroup(rank=0) pid=2035182)[0m [robosuite WARNING] No private macro file found! (macros.py:53)
[36m(EnvGroup(rank=0) pid=2035182)[0m [robosuite WARNING] It is recommended to use a private macro file (macros.py:54)
[36m(EnvGroup(rank=0) pid=2035182)[0m [robosuite WARNING] To setup, run: python /workspace/venv_fw/lib/python3.11/site-packages/robosuite/scripts/setup_macros.py (macros.py:55)
[36m(EnvGroup(rank=1) pid=2035186)[0m Gym has been unmaintained since 2022 and does not support NumPy 2.0 amongst other critical functionality.
[36m(EnvGroup(rank=1) pid=2035186)[0m Please upgrade to Gymnasium, the maintained drop-in replacement of Gym, or contact the authors of your software and request that they upgrade.
[36m(EnvGroup(rank=1) pid=2035186)[0m Users of this version of Gym should be able to simply replace 'import gym' with 'import gymnasium as gym' in the vast majority of cases.
[36m(EnvGroup(rank=1) pid=2035186)[0m See the migration guide at https://gymnasium.farama.org/introduction/migration_guide/ for additional information.
[36m(EnvGroup(rank=2) pid=2035190)[0m /workspace/venv_fw/lib/python3.11/site-packages/robosuite/macros.py:53: DeprecationWarning: The 'warn' method is deprecated, use 'warning' instead
[36m(EnvGroup(rank=2) pid=2035190)[0m   ROBOSUITE_DEFAULT_LOGGER.warn("No private macro file found!")
[36m(EnvGroup(rank=2) pid=2035190)[0m [robosuite WARNING] No private macro file found! (macros.py:53)
[36m(EnvGroup(rank=2) pid=2035190)[0m [robosuite WARNING] It is recommended to use a private macro file (macros.py:54)
[36m(EnvGroup(rank=2) pid=2035190)[0m [robosuite WARNING] To setup, run: python /workspace/venv_fw/lib/python3.11/site-packages/robosuite/scripts/setup_macros.py (macros.py:55)
[36m(EnvGroup(rank=1) pid=2035186)[0m /workspace/venv_fw/lib/python3.11/site-packages/robosuite/macros.py:53: DeprecationWarning: The 'warn' method is deprecated, use 'warning' instead
[36m(EnvGroup(rank=1) pid=2035186)[0m   ROBOSUITE_DEFAULT_LOGGER.warn("No private macro file found!")
[36m(EnvGroup(rank=1) pid=2035186)[0m [robosuite WARNING] No private macro file found! (macros.py:53)
[36m(EnvGroup(rank=1) pid=2035186)[0m [robosuite WARNING] It is recommended to use a private macro file (macros.py:54)
[36m(EnvGroup(rank=1) pid=2035186)[0m [robosuite WARNING] To setup, run: python /workspace/venv_fw/lib/python3.11/site-packages/robosuite/scripts/setup_macros.py (macros.py:55)
[36m(EnvGroup(rank=0) pid=2035182)[0m /workspace/venv_fw/lib/python3.11/site-packages/robosuite/macros.py:53: DeprecationWarning: The 'warn' method is deprecated, use 'warning' instead
[36m(EnvGroup(rank=0) pid=2035182)[0m   ROBOSUITE_DEFAULT_LOGGER.warn("No private macro file found!")
[36m(EnvGroup(rank=0) pid=2035182)[0m [robosuite WARNING] No private macro file found! (macros.py:53)
[36m(EnvGroup(rank=0) pid=2035182)[0m [robosuite WARNING] It is recommended to use a private macro file (macros.py:54)
[36m(EnvGroup(rank=0) pid=2035182)[0m [robosuite WARNING] To setup, run: python /workspace/venv_fw/lib/python3.11/site-packages/robosuite/scripts/setup_macros.py (macros.py:55)
[36m(EnvGroup(rank=1) pid=2035186)[0m Gym has been unmaintained since 2022 and does not support NumPy 2.0 amongst other critical functionality.
[36m(EnvGroup(rank=1) pid=2035186)[0m Please upgrade to Gymnasium, the maintained drop-in replacement of Gym, or contact the authors of your software and request that they upgrade.
[36m(EnvGroup(rank=1) pid=2035186)[0m Users of this version of Gym should be able to simply replace 'import gym' with 'import gymnasium as gym' in the vast majority of cases.
[36m(EnvGroup(rank=1) pid=2035186)[0m See the migration guide at https://gymnasium.farama.org/introduction/migration_guide/ for additional information.
[36m(EnvGroup(rank=2) pid=2035190)[0m Gym has been unmaintained since 2022 and does not support NumPy 2.0 amongst other critical functionality.
[36m(EnvGroup(rank=2) pid=2035190)[0m Please upgrade to Gymnasium, the maintained drop-in replacement of Gym, or contact the authors of your software and request that they upgrade.
[36m(EnvGroup(rank=2) pid=2035190)[0m Users of this version of Gym should be able to simply replace 'import gym' with 'import gymnasium as gym' in the vast majority of cases.
[36m(EnvGroup(rank=2) pid=2035190)[0m See the migration guide at https://gymnasium.farama.org/introduction/migration_guide/ for additional information.
[36m(EnvGroup(rank=1) pid=2035186)[0m /workspace/venv_fw/lib/python3.11/site-packages/robosuite/macros.py:53: DeprecationWarning: The 'warn' method is deprecated, use 'warning' instead
[36m(EnvGroup(rank=1) pid=2035186)[0m   ROBOSUITE_DEFAULT_LOGGER.warn("No private macro file found!")
[36m(EnvGroup(rank=1) pid=2035186)[0m [robosuite WARNING] No private macro file found! (macros.py:53)
[36m(EnvGroup(rank=1) pid=2035186)[0m [robosuite WARNING] It is recommended to use a private macro file (macros.py:54)
[36m(EnvGroup(rank=1) pid=2035186)[0m [robosuite WARNING] To setup, run: python /workspace/venv_fw/lib/python3.11/site-packages/robosuite/scripts/setup_macros.py (macros.py:55)
[36m(EnvGroup(rank=2) pid=2035190)[0m /workspace/venv_fw/lib/python3.11/site-packages/robosuite/macros.py:53: DeprecationWarning: The 'warn' method is deprecated, use 'warning' instead
[36m(EnvGroup(rank=2) pid=2035190)[0m   ROBOSUITE_DEFAULT_LOGGER.warn("No private macro file found!")
[36m(EnvGroup(rank=2) pid=2035190)[0m [robosuite WARNING] No private macro file found! (macros.py:53)
[36m(EnvGroup(rank=2) pid=2035190)[0m [robosuite WARNING] It is recommended to use a private macro file (macros.py:54)
[36m(EnvGroup(rank=2) pid=2035190)[0m [robosuite WARNING] To setup, run: python /workspace/venv_fw/lib/python3.11/site-packages/robosuite/scripts/setup_macros.py (macros.py:55)
[36m(EnvGroup(rank=0) pid=2035182)[0m Gym has been unmaintained since 2022 and does not support NumPy 2.0 amongst other critical functionality.
[36m(EnvGroup(rank=0) pid=2035182)[0m Please upgrade to Gymnasium, the maintained drop-in replacement of Gym, or contact the authors of your software and request that they upgrade.
[36m(EnvGroup(rank=0) pid=2035182)[0m Users of this version of Gym should be able to simply replace 'import gym' with 'import gymnasium as gym' in the vast majority of cases.
[36m(EnvGroup(rank=0) pid=2035182)[0m See the migration guide at https://gymnasium.farama.org/introduction/migration_guide/ for additional information.
[36m(EnvGroup(rank=0) pid=2035182)[0m /workspace/venv_fw/lib/python3.11/site-packages/robosuite/macros.py:53: DeprecationWarning: The 'warn' method is deprecated, use 'warning' instead
[36m(EnvGroup(rank=0) pid=2035182)[0m   ROBOSUITE_DEFAULT_LOGGER.warn("No private macro file found!")
[36m(EnvGroup(rank=0) pid=2035182)[0m [robosuite WARNING] No private macro file found! (macros.py:53)
[36m(EnvGroup(rank=0) pid=2035182)[0m [robosuite WARNING] It is recommended to use a private macro file (macros.py:54)
[36m(EnvGroup(rank=0) pid=2035182)[0m [robosuite WARNING] To setup, run: python /workspace/venv_fw/lib/python3.11/site-packages/robosuite/scripts/setup_macros.py (macros.py:55)
[36m(EnvGroup(rank=1) pid=2035186)[0m Gym has been unmaintained since 2022 and does not support NumPy 2.0 amongst other critical functionality.
[36m(EnvGroup(rank=1) pid=2035186)[0m Please upgrade to Gymnasium, the maintained drop-in replacement of Gym, or contact the authors of your software and request that they upgrade.
[36m(EnvGroup(rank=1) pid=2035186)[0m Users of this version of Gym should be able to simply replace 'import gym' with 'import gymnasium as gym' in the vast majority of cases.
[36m(EnvGroup(rank=1) pid=2035186)[0m See the migration guide at https://gymnasium.farama.org/introduction/migration_guide/ for additional information.
[36m(EnvGroup(rank=1) pid=2035186)[0m /workspace/venv_fw/lib/python3.11/site-packages/robosuite/macros.py:53: DeprecationWarning: The 'warn' method is deprecated, use 'warning' instead
[36m(EnvGroup(rank=1) pid=2035186)[0m   ROBOSUITE_DEFAULT_LOGGER.warn("No private macro file found!")
[36m(EnvGroup(rank=1) pid=2035186)[0m [robosuite WARNING] No private macro file found! (macros.py:53)
[36m(EnvGroup(rank=1) pid=2035186)[0m [robosuite WARNING] It is recommended to use a private macro file (macros.py:54)
[36m(EnvGroup(rank=1) pid=2035186)[0m [robosuite WARNING] To setup, run: python /workspace/venv_fw/lib/python3.11/site-packages/robosuite/scripts/setup_macros.py (macros.py:55)
[36m(EnvGroup(rank=2) pid=2035190)[0m Gym has been unmaintained since 2022 and does not support NumPy 2.0 amongst other critical functionality.
[36m(EnvGroup(rank=2) pid=2035190)[0m Please upgrade to Gymnasium, the maintained drop-in replacement of Gym, or contact the authors of your software and request that they upgrade.
[36m(EnvGroup(rank=2) pid=2035190)[0m Users of this version of Gym should be able to simply replace 'import gym' with 'import gymnasium as gym' in the vast majority of cases.
[36m(EnvGroup(rank=2) pid=2035190)[0m See the migration guide at https://gymnasium.farama.org/introduction/migration_guide/ for additional information.
[36m(EnvGroup(rank=2) pid=2035190)[0m /workspace/venv_fw/lib/python3.11/site-packages/robosuite/macros.py:53: DeprecationWarning: The 'warn' method is deprecated, use 'warning' instead
[36m(EnvGroup(rank=2) pid=2035190)[0m   ROBOSUITE_DEFAULT_LOGGER.warn("No private macro file found!")
[36m(EnvGroup(rank=2) pid=2035190)[0m [robosuite WARNING] No private macro file found! (macros.py:53)
[36m(EnvGroup(rank=2) pid=2035190)[0m [robosuite WARNING] It is recommended to use a private macro file (macros.py:54)
[36m(EnvGroup(rank=2) pid=2035190)[0m [robosuite WARNING] To setup, run: python /workspace/venv_fw/lib/python3.11/site-packages/robosuite/scripts/setup_macros.py (macros.py:55)
[36m(EnvGroup(rank=2) pid=2035190)[0m Gym has been unmaintained since 2022 and does not support NumPy 2.0 amongst other critical functionality.
[36m(EnvGroup(rank=2) pid=2035190)[0m Please upgrade to Gymnasium, the maintained drop-in replacement of Gym, or contact the authors of your software and request that they upgrade.
[36m(EnvGroup(rank=2) pid=2035190)[0m Users of this version of Gym should be able to simply replace 'import gym' with 'import gymnasium as gym' in the vast majority of cases.
[36m(EnvGroup(rank=2) pid=2035190)[0m See the migration guide at https://gymnasium.farama.org/introduction/migration_guide/ for additional information.
[36m(EnvGroup(rank=2) pid=2035190)[0m Gym has been unmaintained since 2022 and does not support NumPy 2.0 amongst other critical functionality.
[36m(EnvGroup(rank=2) pid=2035190)[0m Please upgrade to Gymnasium, the maintained drop-in replacement of Gym, or contact the authors of your software and request that they upgrade.
[36m(EnvGroup(rank=2) pid=2035190)[0m Users of this version of Gym should be able to simply replace 'import gym' with 'import gymnasium as gym' in the vast majority of cases.
[36m(EnvGroup(rank=2) pid=2035190)[0m See the migration guide at https://gymnasium.farama.org/introduction/migration_guide/ for additional information.
[36m(EnvGroup(rank=2) pid=2035190)[0m /workspace/venv_fw/lib/python3.11/site-packages/robosuite/macros.py:53: DeprecationWarning: The 'warn' method is deprecated, use 'warning' instead
[36m(EnvGroup(rank=2) pid=2035190)[0m   ROBOSUITE_DEFAULT_LOGGER.warn("No private macro file found!")
[36m(EnvGroup(rank=2) pid=2035190)[0m [robosuite WARNING] No private macro file found! (macros.py:53)
[36m(EnvGroup(rank=2) pid=2035190)[0m [robosuite WARNING] It is recommended to use a private macro file (macros.py:54)
[36m(EnvGroup(rank=2) pid=2035190)[0m [robosuite WARNING] To setup, run: python /workspace/venv_fw/lib/python3.11/site-packages/robosuite/scripts/setup_macros.py (macros.py:55)
[36m(EnvGroup(rank=2) pid=2035190)[0m /workspace/venv_fw/lib/python3.11/site-packages/robosuite/macros.py:53: DeprecationWarning: The 'warn' method is deprecated, use 'warning' instead
[36m(EnvGroup(rank=2) pid=2035190)[0m   ROBOSUITE_DEFAULT_LOGGER.warn("No private macro file found!")
[36m(EnvGroup(rank=2) pid=2035190)[0m [robosuite WARNING] No private macro file found! (macros.py:53)
[36m(EnvGroup(rank=2) pid=2035190)[0m [robosuite WARNING] It is recommended to use a private macro file (macros.py:54)
[36m(EnvGroup(rank=2) pid=2035190)[0m Gym has been unmaintained since 2022 and does not support NumPy 2.0 amongst other critical functionality.
[36m(EnvGroup(rank=2) pid=2035190)[0m Please upgrade to Gymnasium, the maintained drop-in replacement of Gym, or contact the authors of your software and request that they upgrade.
[36m(EnvGroup(rank=2) pid=2035190)[0m Users of this version of Gym should be able to simply replace 'import gym' with 'import gymnasium as gym' in the vast majority of cases.
[36m(EnvGroup(rank=2) pid=2035190)[0m See the migration guide at https://gymnasium.farama.org/introduction/migration_guide/ for additional information.[robosuite WARNING] To setup, run: python /workspace/venv_fw/lib/python3.11/site-packages/robosuite/scripts/setup_macros.py (macros.py:55)
[36m(EnvGroup(rank=2) pid=2035190)[0m 
[36m(EnvGroup(rank=2) pid=2035190)[0m /workspace/venv_fw/lib/python3.11/site-packages/robosuite/macros.py:53: DeprecationWarning: The 'warn' method is deprecated, use 'warning' instead
[36m(EnvGroup(rank=2) pid=2035190)[0m   ROBOSUITE_DEFAULT_LOGGER.warn("No private macro file found!")
[36m(EnvGroup(rank=2) pid=2035190)[0m [robosuite WARNING] No private macro file found! (macros.py:53)
[36m(EnvGroup(rank=2) pid=2035190)[0m [robosuite WARNING] It is recommended to use a private macro file (macros.py:54)
[36m(EnvGroup(rank=2) pid=2035190)[0m [robosuite WARNING] To setup, run: python /workspace/venv_fw/lib/python3.11/site-packages/robosuite/scripts/setup_macros.py (macros.py:55)
[36m(EnvGroup(rank=3) pid=2035359)[0m Gym has been unmaintained since 2022 and does not support NumPy 2.0 amongst other critical functionality.
[36m(EnvGroup(rank=3) pid=2035359)[0m Please upgrade to Gymnasium, the maintained drop-in replacement of Gym, or contact the authors of your software and request that they upgrade.
[36m(EnvGroup(rank=3) pid=2035359)[0m Users of this version of Gym should be able to simply replace 'import gym' with 'import gymnasium as gym' in the vast majority of cases.
[36m(EnvGroup(rank=3) pid=2035359)[0m See the migration guide at https://gymnasium.farama.org/introduction/migration_guide/ for additional information.
[36m(EnvGroup(rank=3) pid=2035359)[0m /workspace/venv_fw/lib/python3.11/site-packages/robosuite/macros.py:53: DeprecationWarning: The 'warn' method is deprecated, use 'warning' instead
[36m(EnvGroup(rank=3) pid=2035359)[0m   ROBOSUITE_DEFAULT_LOGGER.warn("No private macro file found!")
[36m(EnvGroup(rank=3) pid=2035359)[0m [robosuite WARNING] No private macro file found! (macros.py:53)
[36m(EnvGroup(rank=3) pid=2035359)[0m [robosuite WARNING] It is recommended to use a private macro file (macros.py:54)
[36m(EnvGroup(rank=3) pid=2035359)[0m [robosuite WARNING] To setup, run: python /workspace/venv_fw/lib/python3.11/site-packages/robosuite/scripts/setup_macros.py (macros.py:55)
[36m(EnvGroup(rank=0) pid=2035182)[0m Gym has been unmaintained since 2022 and does not support NumPy 2.0 amongst other critical functionality.
[36m(EnvGroup(rank=0) pid=2035182)[0m Please upgrade to Gymnasium, the maintained drop-in replacement of Gym, or contact the authors of your software and request that they upgrade.
[36m(EnvGroup(rank=0) pid=2035182)[0m Users of this version of Gym should be able to simply replace 'import gym' with 'import gymnasium as gym' in the vast majority of cases.
[36m(EnvGroup(rank=0) pid=2035182)[0m See the migration guide at https://gymnasium.farama.org/introduction/migration_guide/ for additional information.
[36m(EnvGroup(rank=1) pid=2035186)[0m Gym has been unmaintained since 2022 and does not support NumPy 2.0 amongst other critical functionality.
[36m(EnvGroup(rank=1) pid=2035186)[0m Please upgrade to Gymnasium, the maintained drop-in replacement of Gym, or contact the authors of your software and request that they upgrade.
[36m(EnvGroup(rank=1) pid=2035186)[0m Users of this version of Gym should be able to simply replace 'import gym' with 'import gymnasium as gym' in the vast majority of cases.
[36m(EnvGroup(rank=1) pid=2035186)[0m See the migration guide at https://gymnasium.farama.org/introduction/migration_guide/ for additional information.
[36m(EnvGroup(rank=1) pid=2035186)[0m /workspace/venv_fw/lib/python3.11/site-packages/robosuite/macros.py:53: DeprecationWarning: The 'warn' method is deprecated, use 'warning' instead
[36m(EnvGroup(rank=1) pid=2035186)[0m   ROBOSUITE_DEFAULT_LOGGER.warn("No private macro file found!")
[36m(EnvGroup(rank=1) pid=2035186)[0m [robosuite WARNING] No private macro file found! (macros.py:53)
[36m(EnvGroup(rank=1) pid=2035186)[0m [robosuite WARNING] It is recommended to use a private macro file (macros.py:54)
[36m(EnvGroup(rank=1) pid=2035186)[0m [robosuite WARNING] To setup, run: python /workspace/venv_fw/lib/python3.11/site-packages/robosuite/scripts/setup_macros.py (macros.py:55)
[36m(EnvGroup(rank=2) pid=2035190)[0m Gym has been unmaintained since 2022 and does not support NumPy 2.0 amongst other critical functionality.
[36m(EnvGroup(rank=2) pid=2035190)[0m Please upgrade to Gymnasium, the maintained drop-in replacement of Gym, or contact the authors of your software and request that they upgrade.
[36m(EnvGroup(rank=2) pid=2035190)[0m Users of this version of Gym should be able to simply replace 'import gym' with 'import gymnasium as gym' in the vast majority of cases.
[36m(EnvGroup(rank=2) pid=2035190)[0m See the migration guide at https://gymnasium.farama.org/introduction/migration_guide/ for additional information.
[36m(EnvGroup(rank=2) pid=2035190)[0m /workspace/venv_fw/lib/python3.11/site-packages/robosuite/macros.py:53: DeprecationWarning: The 'warn' method is deprecated, use 'warning' instead
[36m(EnvGroup(rank=2) pid=2035190)[0m   ROBOSUITE_DEFAULT_LOGGER.warn("No private macro file found!")
[36m(EnvGroup(rank=2) pid=2035190)[0m [robosuite WARNING] No private macro file found! (macros.py:53)
[36m(EnvGroup(rank=2) pid=2035190)[0m [robosuite WARNING] It is recommended to use a private macro file (macros.py:54)
[36m(EnvGroup(rank=2) pid=2035190)[0m [robosuite WARNING] To setup, run: python /workspace/venv_fw/lib/python3.11/site-packages/robosuite/scripts/setup_macros.py (macros.py:55)
[36m(EnvGroup(rank=0) pid=2035182)[0m /workspace/venv_fw/lib/python3.11/site-packages/robosuite/macros.py:53: DeprecationWarning: The 'warn' method is deprecated, use 'warning' instead
[36m(EnvGroup(rank=0) pid=2035182)[0m   ROBOSUITE_DEFAULT_LOGGER.warn("No private macro file found!")
[36m(EnvGroup(rank=0) pid=2035182)[0m [robosuite WARNING] No private macro file found! (macros.py:53)
[36m(EnvGroup(rank=0) pid=2035182)[0m [robosuite WARNING] It is recommended to use a private macro file (macros.py:54)
[36m(EnvGroup(rank=0) pid=2035182)[0m [robosuite WARNING] To setup, run: python /workspace/venv_fw/lib/python3.11/site-packages/robosuite/scripts/setup_macros.py (macros.py:55)
[36m(EnvGroup(rank=2) pid=2035190)[0m Gym has been unmaintained since 2022 and does not support NumPy 2.0 amongst other critical functionality.
[36m(EnvGroup(rank=2) pid=2035190)[0m Please upgrade to Gymnasium, the maintained drop-in replacement of Gym, or contact the authors of your software and request that they upgrade.
[36m(EnvGroup(rank=2) pid=2035190)[0m Users of this version of Gym should be able to simply replace 'import gym' with 'import gymnasium as gym' in the vast majority of cases.
[36m(EnvGroup(rank=2) pid=2035190)[0m See the migration guide at https://gymnasium.farama.org/introduction/migration_guide/ for additional information.
[36m(EnvGroup(rank=2) pid=2035190)[0m /workspace/venv_fw/lib/python3.11/site-packages/robosuite/macros.py:53: DeprecationWarning: The 'warn' method is deprecated, use 'warning' instead
[36m(EnvGroup(rank=2) pid=2035190)[0m   ROBOSUITE_DEFAULT_LOGGER.warn("No private macro file found!")
[36m(EnvGroup(rank=2) pid=2035190)[0m [robosuite WARNING] No private macro file found! (macros.py:53)
[36m(EnvGroup(rank=2) pid=2035190)[0m [robosuite WARNING] It is recommended to use a private macro file (macros.py:54)
[36m(EnvGroup(rank=2) pid=2035190)[0m [robosuite WARNING] To setup, run: python /workspace/venv_fw/lib/python3.11/site-packages/robosuite/scripts/setup_macros.py (macros.py:55)
[36m(RolloutGroup(rank=0) pid=2035156)[0m INFO:fastwam.models.wan22.helpers.loader:Finished loading Wan2.2-TI2V-5B components in 129.28 seconds.
[36m(RolloutGroup(rank=0) pid=2035156)[0m INFO:fastwam.models.wan22.action_dit:Skipping ActionDiT pretrained load (`skip_dit_load_from_pretrain=True`); initializing action expert randomly and expecting checkpoint override.
[36m(RolloutGroup(rank=3) pid=2035178)[0m [INFO 04:29:39 RolloutGroup-Rank-3][__init__.py:171] Loading FastWAM checkpoint: /workspace/fastwam_ckpt/round15_robust_step_005000.pt
[36m(RolloutGroup(rank=2) pid=2035173)[0m [INFO 04:29:42 RolloutGroup-Rank-2][__init__.py:171] Loading FastWAM checkpoint: /workspace/fastwam_ckpt/round15_robust_step_005000.pt
[36m(RolloutGroup(rank=0) pid=2035156)[0m [INFO 04:29:43 RolloutGroup-Rank-0][__init__.py:171] Loading FastWAM checkpoint: /workspace/fastwam_ckpt/round15_robust_step_005000.pt
[36m(RolloutGroup(rank=0) pid=2035156)[0m INFO:fastwam.models.wan22.mot:Initialized MoT with experts: ['video', 'action'], num_layers=30
[36m(RolloutGroup(rank=0) pid=2035156)[0m INFO:fastwam.models.wan22.mot:  Expert 'video': num_params=5.00 B
[36m(RolloutGroup(rank=0) pid=2035156)[0m INFO:fastwam.models.wan22.mot:  Expert 'action': num_params=1.02 B
[36m(RolloutGroup(rank=1) pid=2035168)[0m [INFO 04:29:43 RolloutGroup-Rank-1][__init__.py:171] Loading FastWAM checkpoint: /workspace/fastwam_ckpt/round15_robust_step_005000.pt
[36m(RolloutGroup(rank=3) pid=2035178)[0m [INFO 04:29:50 RolloutGroup-Rank-3][__init__.py:197] FastWAM processor using dataset stats: /workspace/checkpoints/fastwam/libero_uncond_2cam224_dataset_stats.json
[36m(RolloutGroup(rank=3) pid=2035178)[0m [INFO 04:29:50 RolloutGroup-Rank-3][__init__.py:272] FastWAM RL enabled: value_head=no (critic-free, e.g. GRPO), noise_level=0.600, noise_method=flow_sde, sde_sampling=single, train_video_expert=False, batched=True
[36m(RolloutGroup(rank=3) pid=2035178)[0m [INFO 04:29:50 RolloutGroup-Rank-3][huggingface_worker.py:182] Rollout worker initialized with dst_ranks: {'train': [(3, 8)], 'eval': [(3, 5)]}
[36m(RolloutGroup(rank=3) pid=2035178)[0m [INFO 04:29:50 RolloutGroup-Rank-3][huggingface_worker.py:183] Rollout worker initialized with src_ranks: {'train': [(3, 8)], 'eval': [(3, 5)]}
[36m(RolloutGroup(rank=2) pid=2035173)[0m [INFO 04:29:52 RolloutGroup-Rank-2][__init__.py:197] FastWAM processor using dataset stats: /workspace/checkpoints/fastwam/libero_uncond_2cam224_dataset_stats.json
[36m(RolloutGroup(rank=2) pid=2035173)[0m [INFO 04:29:52 RolloutGroup-Rank-2][__init__.py:272] FastWAM RL enabled: value_head=no (critic-free, e.g. GRPO), noise_level=0.600, noise_method=flow_sde, sde_sampling=single, train_video_expert=False, batched=True
[36m(RolloutGroup(rank=2) pid=2035173)[0m [INFO 04:29:52 RolloutGroup-Rank-2][huggingface_worker.py:182] Rollout worker initialized with dst_ranks: {'train': [(2, 8)], 'eval': [(2, 5)]}
[36m(RolloutGroup(rank=2) pid=2035173)[0m [INFO 04:29:52 RolloutGroup-Rank-2][huggingface_worker.py:183] Rollout worker initialized with src_ranks: {'train': [(2, 8)], 'eval': [(2, 5)]}
[36m(RolloutGroup(rank=1) pid=2035168)[0m [INFO 04:29:53 RolloutGroup-Rank-1][__init__.py:197] FastWAM processor using dataset stats: /workspace/checkpoints/fastwam/libero_uncond_2cam224_dataset_stats.json
[36m(RolloutGroup(rank=1) pid=2035168)[0m [INFO 04:29:53 RolloutGroup-Rank-1][__init__.py:272] FastWAM RL enabled: value_head=no (critic-free, e.g. GRPO), noise_level=0.600, noise_method=flow_sde, sde_sampling=single, train_video_expert=False, batched=True
[36m(RolloutGroup(rank=1) pid=2035168)[0m [INFO 04:29:53 RolloutGroup-Rank-1][huggingface_worker.py:182] Rollout worker initialized with dst_ranks: {'train': [(1, 8)], 'eval': [(1, 5)]}
[36m(RolloutGroup(rank=1) pid=2035168)[0m [INFO 04:29:53 RolloutGroup-Rank-1][huggingface_worker.py:183] Rollout worker initialized with src_ranks: {'train': [(1, 8)], 'eval': [(1, 5)]}
[36m(RolloutGroup(rank=0) pid=2035156)[0m [INFO 04:29:54 RolloutGroup-Rank-0][__init__.py:197] FastWAM processor using dataset stats: /workspace/checkpoints/fastwam/libero_uncond_2cam224_dataset_stats.json
[36m(RolloutGroup(rank=0) pid=2035156)[0m [INFO 04:29:54 RolloutGroup-Rank-0][__init__.py:272] FastWAM RL enabled: value_head=no (critic-free, e.g. GRPO), noise_level=0.600, noise_method=flow_sde, sde_sampling=single, train_video_expert=False, batched=True
[36m(RolloutGroup(rank=0) pid=2035156)[0m [INFO 04:29:54 RolloutGroup-Rank-0][huggingface_worker.py:182] Rollout worker initialized with dst_ranks: {'train': [(0, 8)], 'eval': [(0, 5)]}
[36m(RolloutGroup(rank=0) pid=2035156)[0m [INFO 04:29:54 RolloutGroup-Rank-0][huggingface_worker.py:183] Rollout worker initialized with src_ranks: {'train': [(0, 8)], 'eval': [(0, 5)]}
[36m(ActorGroup(rank=0) pid=2035151)[0m INFO:fastwam.models.wan22.helpers.loader:Loading Wan2.2-TI2V-5B components...
[36m(ActorGroup(rank=0) pid=2035151)[0m INFO:fastwam.models.wan22.helpers.loader:Skipping pretrained video DiT load (`skip_dit_load_from_pretrain=True`); initializing video expert randomly and expecting checkpoint override.
[36m(ActorGroup(rank=0) pid=2035151)[0m INFO:fastwam.models.wan22.helpers.loader:Finished loading Wan2.2-TI2V-5B components in 126.68 seconds.
[36m(ActorGroup(rank=0) pid=2035151)[0m INFO:fastwam.models.wan22.action_dit:Skipping ActionDiT pretrained load (`skip_dit_load_from_pretrain=True`); initializing action expert randomly and expecting checkpoint override.
[36m(ActorGroup(rank=1) pid=2035152)[0m [INFO 04:32:19 ActorGroup-Rank-1][__init__.py:171] Loading FastWAM checkpoint: /workspace/fastwam_ckpt/round15_robust_step_005000.pt
[36m(ActorGroup(rank=3) pid=2035155)[0m [INFO 04:32:20 ActorGroup-Rank-3][__init__.py:171] Loading FastWAM checkpoint: /workspace/fastwam_ckpt/round15_robust_step_005000.pt
[36m(ActorGroup(rank=0) pid=2035151)[0m [INFO 04:32:23 ActorGroup-Rank-0][__init__.py:171] Loading FastWAM checkpoint: /workspace/fastwam_ckpt/round15_robust_step_005000.pt
[36m(ActorGroup(rank=0) pid=2035151)[0m INFO:fastwam.models.wan22.mot:Initialized MoT with experts: ['video', 'action'], num_layers=30
[36m(ActorGroup(rank=0) pid=2035151)[0m INFO:fastwam.models.wan22.mot:  Expert 'video': num_params=5.00 B
[36m(ActorGroup(rank=0) pid=2035151)[0m INFO:fastwam.models.wan22.mot:  Expert 'action': num_params=1.02 B
[36m(ActorGroup(rank=2) pid=2035153)[0m [INFO 04:32:24 ActorGroup-Rank-2][__init__.py:171] Loading FastWAM checkpoint: /workspace/fastwam_ckpt/round15_robust_step_005000.pt
[36m(ActorGroup(rank=3) pid=2035155)[0m [INFO 04:32:30 ActorGroup-Rank-3][__init__.py:197] FastWAM processor using dataset stats: /workspace/checkpoints/fastwam/libero_uncond_2cam224_dataset_stats.json
[36m(ActorGroup(rank=3) pid=2035155)[0m [INFO 04:32:30 ActorGroup-Rank-3][__init__.py:272] FastWAM RL enabled: value_head=no (critic-free, e.g. GRPO), noise_level=0.600, noise_method=flow_sde, sde_sampling=single, train_video_expert=False, batched=True
[36m(ActorGroup(rank=3) pid=2035155)[0m [INFO 04:32:30 ActorGroup-Rank-3][fsdp_model_manager.py:260] [FSDP] Enabling gradient checkpointing with use_reentrant=True
[36m(ActorGroup(rank=1) pid=2035152)[0m [INFO 04:32:30 ActorGroup-Rank-1][__init__.py:197] FastWAM processor using dataset stats: /workspace/checkpoints/fastwam/libero_uncond_2cam224_dataset_stats.json
[36m(ActorGroup(rank=1) pid=2035152)[0m [INFO 04:32:30 ActorGroup-Rank-1][__init__.py:272] FastWAM RL enabled: value_head=no (critic-free, e.g. GRPO), noise_level=0.600, noise_method=flow_sde, sde_sampling=single, train_video_expert=False, batched=True
[36m(ActorGroup(rank=1) pid=2035152)[0m [INFO 04:32:30 ActorGroup-Rank-1][fsdp_model_manager.py:260] [FSDP] Enabling gradient checkpointing with use_reentrant=True
[36m(ActorGroup(rank=0) pid=2035151)[0m [INFO 04:32:34 ActorGroup-Rank-0][__init__.py:197] FastWAM processor using dataset stats: /workspace/checkpoints/fastwam/libero_uncond_2cam224_dataset_stats.json
[36m(ActorGroup(rank=0) pid=2035151)[0m [INFO 04:32:34 ActorGroup-Rank-0][__init__.py:272] FastWAM RL enabled: value_head=no (critic-free, e.g. GRPO), noise_level=0.600, noise_method=flow_sde, sde_sampling=single, train_video_expert=False, batched=True
[36m(ActorGroup(rank=0) pid=2035151)[0m [INFO 04:32:34 ActorGroup-Rank-0][fsdp_model_manager.py:260] [FSDP] Enabling gradient checkpointing with use_reentrant=True
[36m(ActorGroup(rank=2) pid=2035153)[0m [INFO 04:32:35 ActorGroup-Rank-2][__init__.py:197] FastWAM processor using dataset stats: /workspace/checkpoints/fastwam/libero_uncond_2cam224_dataset_stats.json
[36m(ActorGroup(rank=2) pid=2035153)[0m [INFO 04:32:35 ActorGroup-Rank-2][__init__.py:272] FastWAM RL enabled: value_head=no (critic-free, e.g. GRPO), noise_level=0.600, noise_method=flow_sde, sde_sampling=single, train_video_expert=False, batched=True
[36m(ActorGroup(rank=2) pid=2035153)[0m [INFO 04:32:35 ActorGroup-Rank-2][fsdp_model_manager.py:260] [FSDP] Enabling gradient checkpointing with use_reentrant=True
[36m(RolloutGroup(rank=0) pid=2035156)[0m Generating Rollout Epochs:   0%|          | 0/8 [00:00<?, ?it/s]
[36m(RolloutGroup(rank=0) pid=2035156)[0m Generating Rollout Epochs:  12%|█▎        | 1/8 [01:30<10:33, 90.49s/it]
[36m(RolloutGroup(rank=0) pid=2035156)[0m Generating Rollout Epochs:  25%|██▌       | 2/8 [03:28<10:38, 106.46s/it]
[36m(RolloutGroup(rank=0) pid=2035156)[0m Generating Rollout Epochs:  38%|███▊      | 3/8 [05:14<08:52, 106.52s/it]
[36m(RolloutGroup(rank=0) pid=2035156)[0m Generating Rollout Epochs:  50%|█████     | 4/8 [06:46<06:43, 100.76s/it]
[36m(RolloutGroup(rank=0) pid=2035156)[0m Generating Rollout Epochs:  62%|██████▎   | 5/8 [08:27<05:02, 100.96s/it]
[36m(RolloutGroup(rank=0) pid=2035156)[0m Generating Rollout Epochs:  75%|███████▌  | 6/8 [10:21<03:30, 105.23s/it]
[36m(RolloutGroup(rank=0) pid=2035156)[0m Generating Rollout Epochs:  88%|████████▊ | 7/8 [12:14<01:47, 107.67s/it]
[36m(RolloutGroup(rank=0) pid=2035156)[0m Generating Rollout Epochs: 100%|██████████| 8/8 [14:08<00:00, 109.82s/it]Generating Rollout Epochs: 100%|██████████| 8/8 [14:08<00:00, 106.08s/it]

╭──────────────────────────────────────────────────────────────────────────────────────────────────────────────────────╮
├──────────────────────────────────────────────────── Metric Table ────────────────────────────────────────────────────┤
│ Global Step:    1/10 │ Progress: ████░░░░░░░░░░░░░░░░░░░░░░░░░░░░░░░░░░░░ │  10.0%                                   │
│ Elapsed: 33:45 │ ETA: 05:03:52 │ Step Time: 2025.875s                                                                │
├──────────────────────────────────────────────────────── Time ────────────────────────────────────────────────────────┤
│                                                                                                                      │
│actor/actor/compute_adv=0.091          │actor/actor/recv_traj=882.0            │actor/actor/sync_model_to_rollout=11.…│
│actor/run_training=1132.1              │cal_adv_and_returns=0.095              │env/compute_bootstrap_rewards=0.038   │
│env/env/bootstrap_step=189.3           │env/env/send_obs=6.876                 │env/env/send_rollout_trajectories=10.…│
│env/env_interact_step=250.5            │env/interact=862.3                     │env/recv_rollout_results=413.1        │
│env/run_interact_once=862.3            │generate_rollouts=882.1                │rollout/generate_one_epoch=848.6      │
│rollout/predict=386.3                  │rollout/rollout/generate=871.1         │rollout/rollout/recv_obs=461.1        │
│rollout/rollout/send_traj=0.386        │step=2025.8                            │sync_weights=11.542                   │
│                                                                                                                      │
├──────────────────────────────────────────────────── Environment ─────────────────────────────────────────────────────┤
│                                                                                                                      │
│episode_len=520.0                      │n_task0=48.0                           │n_task1=32.0                          │
│n_task2=32.0                           │n_task3=8.0                            │n_task4=24.0                          │
│n_task5=24.0                           │n_task6=8.0                            │n_task7=8.0                           │
│n_task8=56.0                           │n_task9=16.0                           │num_trajectories=256                  │
│return=0.8359375                       │reward=0.0032848679                    │success_once=0.8359375                │
│success_once_task0=0.9583333           │success_once_task1=0.9375              │success_once_task2=0.375              │
│success_once_task3=0.75                │success_once_task4=0.9166667           │success_once_task5=1.0                │
│success_once_task6=1.0                 │success_once_task7=1.0                 │success_once_task8=0.78571427         │
│success_once_task9=0.875               │                                       │                                      │
│                                                                                                                      │
├────────────────────────────────────────────────────── Rollout ───────────────────────────────────────────────────────┤
│                                                                                                                      │
│advantages_max=0.875                   │advantages_mean=-0.080                 │advantages_min=-0.875                 │
│rewards=0.0020                         │                                       │                                      │
│                                                                                                                      │
├─────────────────────────────────────────────────── Training/Actor ───────────────────────────────────────────────────┤
│                                                                                                                      │
│actor/approx_kl=0.0090                 │actor/clip_fraction=0.038              │actor/clipped_ratio=0.869             │
│actor/dual_cliped_ratio=0.0000         │actor/entropy_loss=0.0000              │actor/grad_norm=3.292                 │
│actor/kl_loss=0.0000                   │actor/lr=2.00e-05                      │actor/policy_loss=3.14e-04            │
│actor/policy_loss_abs=0.202            │actor/ratio=0.873                      │actor/ratio_abs=0.070                 │
│actor/ratio_std=0.041                  │actor/total_loss=7.84e-05              │                                      │
│                                                                                                                      │
╰──────────────────────────────────────────────────────────────────────────────────────────────────────────────────────╯

[36m(RolloutGroup(rank=0) pid=2035156)[0m Generating Rollout Epochs:   0%|          | 0/8 [00:00<?, ?it/s]
[36m(RolloutGroup(rank=0) pid=2035156)[0m Generating Rollout Epochs:  12%|█▎        | 1/8 [01:45<12:15, 105.05s/it]
[36m(RolloutGroup(rank=0) pid=2035156)[0m Generating Rollout Epochs:  25%|██▌       | 2/8 [03:19<09:51, 98.66s/it] 
[36m(RolloutGroup(rank=0) pid=2035156)[0m Generating Rollout Epochs:  38%|███▊      | 3/8 [05:02<08:23, 100.66s/it]
[36m(RolloutGroup(rank=0) pid=2035156)[0m Generating Rollout Epochs:  50%|█████     | 4/8 [06:41<06:40, 100.11s/it]
[36m(RolloutGroup(rank=0) pid=2035156)[0m Generating Rollout Epochs:  62%|██████▎   | 5/8 [08:26<05:05, 101.74s/it]
[36m(RolloutGroup(rank=0) pid=2035156)[0m Generating Rollout Epochs:  75%|███████▌  | 6/8 [10:07<03:23, 101.72s/it]
[36m(RolloutGroup(rank=0) pid=2035156)[0m Generating Rollout Epochs:  88%|████████▊ | 7/8 [11:48<01:41, 101.51s/it]
[36m(RolloutGroup(rank=0) pid=2035156)[0m Generating Rollout Epochs: 100%|██████████| 8/8 [13:33<00:00, 102.54s/it]Generating Rollout Epochs: 100%|██████████| 8/8 [13:33<00:00, 101.71s/it]

╭──────────────────────────────────────────────────────────────────────────────────────────────────────────────────────╮
├──────────────────────────────────────────────────── Metric Table ────────────────────────────────────────────────────┤
│ Global Step:    2/10 │ Progress: ████████░░░░░░░░░░░░░░░░░░░░░░░░░░░░░░░░ │  20.0%                                   │
│ Elapsed: 01:07:16 │ ETA: 04:29:05 │ Step Time: 2018.191s                                                             │
├──────────────────────────────────────────────────────── Time ────────────────────────────────────────────────────────┤
│                                                                                                                      │
│actor/actor/compute_adv=0.054          │actor/actor/recv_traj=892.8            │actor/actor/sync_model_to_rollout=10.…│
│actor/run_training=1107.2              │cal_adv_and_returns=0.058              │env/compute_bootstrap_rewards=0.038   │
│env/env/bootstrap_step=210.0           │env/env/send_obs=6.475                 │env/env/send_rollout_trajectories=6.1…│
│env/env_interact_step=252.2            │env/interact=876.1                     │env/recv_rollout_results=414.6        │
│env/run_interact_once=876.1            │generate_rollouts=892.9                │rollout/generate_one_epoch=858.0      │
│rollout/predict=389.4                  │rollout/rollout/generate=884.3         │rollout/rollout/recv_obs=481.6        │
│rollout/rollout/send_traj=0.373        │step=2010.5                            │sync_weights=10.294                   │
│                                                                                                                      │
├──────────────────────────────────────────────────── Environment ─────────────────────────────────────────────────────┤
│                                                                                                                      │
│episode_len=520.0                      │n_task0=24.0                           │n_task1=24.0                          │
│n_task2=32.0                           │n_task3=24.0                           │n_task4=32.0                          │
│n_task5=8.0                            │n_task6=32.0                           │n_task7=16.0                          │
│n_task8=40.0                           │n_task9=24.0                           │num_trajectories=256                  │
│return=0.87890625                      │reward=0.003335081                     │success_once=0.87890625               │
│success_once_task0=1.0                 │success_once_task1=1.0                 │success_once_task2=0.8125             │
│success_once_task3=0.7916667           │success_once_task4=0.78125             │success_once_task5=1.0                │
│success_once_task6=0.90625             │success_once_task7=1.0                 │success_once_task8=0.925              │
│success_once_task9=0.7083333           │                                       │                                      │
│                                                                                                                      │
├────────────────────────────────────────────────────── Rollout ───────────────────────────────────────────────────────┤
│                                                                                                                      │
│advantages_max=0.750                   │advantages_mean=-0.101                 │advantages_min=-0.875                 │
│rewards=0.0022                         │                                       │                                      │
│                                                                                                                      │
├─────────────────────────────────────────────────── Training/Actor ───────────────────────────────────────────────────┤
│                                                                                                                      │
│actor/approx_kl=0.0062                 │actor/clip_fraction=0.029              │actor/clipped_ratio=0.776             │
│actor/dual_cliped_ratio=0.0000         │actor/entropy_loss=0.0000              │actor/grad_norm=3.258                 │
│actor/kl_loss=0.0000                   │actor/lr=2.00e-05                      │actor/policy_loss=-7.45e-04           │
│actor/policy_loss_abs=0.184            │actor/ratio=0.778                      │actor/ratio_abs=0.054                 │
│actor/ratio_std=0.027                  │actor/total_loss=-1.86e-04             │                                      │
│                                                                                                                      │
╰──────────────────────────────────────────────────────────────────────────────────────────────────────────────────────╯

[36m(RolloutGroup(rank=0) pid=2035156)[0m Generating Rollout Epochs:   0%|          | 0/8 [00:00<?, ?it/s]
[36m(RolloutGroup(rank=0) pid=2035156)[0m Generating Rollout Epochs:  12%|█▎        | 1/8 [01:32<10:45, 92.15s/it]
[36m(RolloutGroup(rank=0) pid=2035156)[0m Generating Rollout Epochs:  25%|██▌       | 2/8 [03:16<09:55, 99.31s/it]
[36m(RolloutGroup(rank=0) pid=2035156)[0m Generating Rollout Epochs:  38%|███▊      | 3/8 [05:01<08:29, 101.97s/it]
[36m(RolloutGroup(rank=0) pid=2035156)[0m Generating Rollout Epochs:  50%|█████     | 4/8 [06:42<06:46, 101.55s/it]
[36m(RolloutGroup(rank=0) pid=2035156)[0m Generating Rollout Epochs:  62%|██████▎   | 5/8 [08:15<04:55, 98.40s/it] 
[36m(RolloutGroup(rank=0) pid=2035156)[0m Generating Rollout Epochs:  75%|███████▌  | 6/8 [09:47<03:12, 96.14s/it]
[36m(RolloutGroup(rank=0) pid=2035156)[0m Generating Rollout Epochs:  88%|████████▊ | 7/8 [11:29<01:38, 98.23s/it]
[36m(RolloutGroup(rank=0) pid=2035156)[0m Generating Rollout Epochs: 100%|██████████| 8/8 [13:22<00:00, 102.96s/it]Generating Rollout Epochs: 100%|██████████| 8/8 [13:22<00:00, 100.34s/it]

╭──────────────────────────────────────────────────────────────────────────────────────────────────────────────────────╮
├──────────────────────────────────────────────────── Metric Table ────────────────────────────────────────────────────┤
│ Global Step:    3/10 │ Progress: ████████████░░░░░░░░░░░░░░░░░░░░░░░░░░░░ │  30.0%                                   │
│ Elapsed: 01:40:23 │ ETA: 03:54:15 │ Step Time: 2007.921s                                                             │
├──────────────────────────────────────────────────────── Time ────────────────────────────────────────────────────────┤
│                                                                                                                      │
│actor/actor/compute_adv=0.051          │actor/actor/recv_traj=870.9            │actor/actor/sync_model_to_rollout=14.…│
│actor/run_training=1101.8              │cal_adv_and_returns=0.056              │env/compute_bootstrap_rewards=0.037   │
│env/env/bootstrap_step=187.0           │env/env/send_obs=6.679                 │env/env/send_rollout_trajectories=5.9…│
│env/env_interact_step=253.9            │env/interact=853.4                     │env/recv_rollout_results=411.4        │
│env/run_interact_once=853.4            │generate_rollouts=871.0                │rollout/generate_one_epoch=839.5      │
│rollout/predict=385.3                  │rollout/rollout/generate=861.9         │rollout/rollout/recv_obs=462.8        │
│rollout/rollout/send_traj=0.409        │step=1987.3                            │sync_weights=14.513                   │
│                                                                                                                      │
├──────────────────────────────────────────────────── Environment ─────────────────────────────────────────────────────┤
│                                                                                                                      │
│episode_len=520.0                      │n_task0=32.0                           │n_task1=16.0                          │
│n_task2=32.0                           │n_task3=16.0                           │n_task4=8.0                           │
│n_task5=56.0                           │n_task6=40.0                           │n_task7=16.0                          │
│n_task8=32.0                           │n_task9=8.0                            │num_trajectories=256                  │
│return=0.90625                         │reward=0.0038678686                    │success_once=0.90625                  │
│success_once_task0=0.90625             │success_once_task1=1.0                 │success_once_task2=0.78125            │
│success_once_task3=0.8125              │success_once_task4=0.75                │success_once_task5=0.9464286          │
│success_once_task6=0.95                │success_once_task7=0.9375              │success_once_task8=0.90625            │
│success_once_task9=1.0                 │                                       │                                      │
│                                                                                                                      │
├────────────────────────────────────────────────────── Rollout ───────────────────────────────────────────────────────┤
│                                                                                                                      │
│advantages_max=0.625                   │advantages_mean=-0.095                 │advantages_min=-0.875                 │
│rewards=0.0026                         │                                       │                                      │
│                                                                                                                      │
├─────────────────────────────────────────────────── Training/Actor ───────────────────────────────────────────────────┤
│                                                                                                                      │
│actor/approx_kl=0.0046                 │actor/clip_fraction=0.027              │actor/clipped_ratio=0.820             │
│actor/dual_cliped_ratio=0.0000         │actor/entropy_loss=0.0000              │actor/grad_norm=2.650                 │
│actor/kl_loss=0.0000                   │actor/lr=2.00e-05                      │actor/policy_loss=-2.26e-04           │
│actor/policy_loss_abs=0.165            │actor/ratio=0.823                      │actor/ratio_abs=0.058                 │
│actor/ratio_std=0.029                  │actor/total_loss=-5.64e-05             │                                      │
│                                                                                                                      │
╰──────────────────────────────────────────────────────────────────────────────────────────────────────────────────────╯

[36m(RolloutGroup(rank=0) pid=2035156)[0m Generating Rollout Epochs:   0%|          | 0/8 [00:00<?, ?it/s]
[36m(RolloutGroup(rank=0) pid=2035156)[0m Generating Rollout Epochs:  12%|█▎        | 1/8 [01:30<10:32, 90.32s/it]
[36m(RolloutGroup(rank=0) pid=2035156)[0m Generating Rollout Epochs:  25%|██▌       | 2/8 [03:01<09:05, 90.88s/it]
[36m(RolloutGroup(rank=0) pid=2035156)[0m Generating Rollout Epochs:  38%|███▊      | 3/8 [04:41<07:55, 95.13s/it]
[36m(RolloutGroup(rank=0) pid=2035156)[0m Generating Rollout Epochs:  50%|█████     | 4/8 [06:38<06:54, 103.57s/it]
[36m(RolloutGroup(rank=0) pid=2035156)[0m Generating Rollout Epochs:  62%|██████▎   | 5/8 [08:26<05:15, 105.10s/it]
[36m(RolloutGroup(rank=0) pid=2035156)[0m Generating Rollout Epochs:  75%|███████▌  | 6/8 [10:13<03:31, 105.74s/it]
[36m(RolloutGroup(rank=0) pid=2035156)[0m Generating Rollout Epochs:  88%|████████▊ | 7/8 [11:43<01:40, 100.58s/it]
[36m(RolloutGroup(rank=0) pid=2035156)[0m Generating Rollout Epochs: 100%|██████████| 8/8 [13:38<00:00, 105.47s/it]Generating Rollout Epochs: 100%|██████████| 8/8 [13:38<00:00, 102.37s/it]

╭──────────────────────────────────────────────────────────────────────────────────────────────────────────────────────╮
├──────────────────────────────────────────────────── Metric Table ────────────────────────────────────────────────────┤
│ Global Step:    4/10 │ Progress: ████████████████░░░░░░░░░░░░░░░░░░░░░░░░ │  40.0%                                   │
│ Elapsed: 02:14:17 │ ETA: 03:21:26 │ Step Time: 2014.341s                                                             │
├──────────────────────────────────────────────────────── Time ────────────────────────────────────────────────────────┤
│                                                                                                                      │
│actor/actor/compute_adv=0.050          │actor/actor/recv_traj=911.3            │actor/actor/sync_model_to_rollout=14.…│
│actor/run_training=1107.4              │cal_adv_and_returns=0.055              │env/compute_bootstrap_rewards=0.037   │
│env/env/bootstrap_step=235.4           │env/env/send_obs=6.569                 │env/env/send_rollout_trajectories=5.8…│
│env/env_interact_step=251.1            │env/interact=894.9                     │env/recv_rollout_results=408.0        │
│env/run_interact_once=894.9            │generate_rollouts=911.4                │rollout/generate_one_epoch=879.8      │
│rollout/predict=382.5                  │rollout/rollout/generate=905.8         │rollout/rollout/recv_obs=498.7        │
│rollout/rollout/send_traj=0.397        │step=2033.6                            │sync_weights=14.644                   │
│                                                                                                                      │
├──────────────────────────────────────────────────── Environment ─────────────────────────────────────────────────────┤
│                                                                                                                      │
│episode_len=520.0                      │n_task0=8.0                            │n_task1=32.0                          │
│n_task2=8.0                            │n_task3=24.0                           │n_task4=48.0                          │
│n_task5=16.0                           │n_task6=32.0                           │n_task7=48.0                          │
│n_task8=24.0                           │n_task9=16.0                           │num_trajectories=256                  │
│return=0.890625                        │reward=0.0036016642                    │success_once=0.890625                 │
│success_once_task0=0.75                │success_once_task1=1.0                 │success_once_task2=0.875              │
│success_once_task3=0.9583333           │success_once_task4=0.6875              │success_once_task5=1.0                │
│success_once_task6=0.96875             │success_once_task7=0.9791667           │success_once_task8=0.875              │
│success_once_task9=0.75                │                                       │                                      │
│                                                                                                                      │
├────────────────────────────────────────────────────── Rollout ───────────────────────────────────────────────────────┤
│                                                                                                                      │
│advantages_max=0.750                   │advantages_mean=-0.099                 │advantages_min=-0.875                 │
│rewards=0.0023                         │                                       │                                      │
│                                                                                                                      │
├─────────────────────────────────────────────────── Training/Actor ───────────────────────────────────────────────────┤
│                                                                                                                      │
│actor/approx_kl=0.0034                 │actor/clip_fraction=0.022              │actor/clipped_ratio=0.797             │
│actor/dual_cliped_ratio=0.0000         │actor/entropy_loss=0.0000              │actor/grad_norm=3.317                 │
│actor/kl_loss=0.0000                   │actor/lr=2.00e-05                      │actor/policy_loss=9.75e-04            │
│actor/policy_loss_abs=0.168            │actor/ratio=0.801                      │actor/ratio_abs=0.058                 │
│actor/ratio_std=0.025                  │actor/total_loss=2.44e-04              │                                      │
│                                                                                                                      │
╰──────────────────────────────────────────────────────────────────────────────────────────────────────────────────────╯

[36m(RolloutGroup(rank=0) pid=2035156)[0m Generating Rollout Epochs:   0%|          | 0/8 [00:00<?, ?it/s]
[36m(RolloutGroup(rank=0) pid=2035156)[0m Generating Rollout Epochs:  12%|█▎        | 1/8 [01:47<12:29, 107.04s/it]
[36m(RolloutGroup(rank=0) pid=2035156)[0m Generating Rollout Epochs:  25%|██▌       | 2/8 [03:20<09:54, 99.11s/it] 
[36m(RolloutGroup(rank=0) pid=2035156)[0m Generating Rollout Epochs:  38%|███▊      | 3/8 [05:14<08:49, 105.96s/it]
[36m(RolloutGroup(rank=0) pid=2035156)[0m Generating Rollout Epochs:  50%|█████     | 4/8 [06:59<07:02, 105.53s/it]
[36m(RolloutGroup(rank=0) pid=2035156)[0m Generating Rollout Epochs:  62%|██████▎   | 5/8 [08:52<05:25, 108.36s/it]
[36m(RolloutGroup(rank=0) pid=2035156)[0m Generating Rollout Epochs:  75%|███████▌  | 6/8 [10:24<03:25, 102.64s/it]
[36m(RolloutGroup(rank=0) pid=2035156)[0m Generating Rollout Epochs:  88%|████████▊ | 7/8 [12:14<01:45, 105.04s/it]
[36m(RolloutGroup(rank=0) pid=2035156)[0m Generating Rollout Epochs: 100%|██████████| 8/8 [14:06<00:00, 107.22s/it]Generating Rollout Epochs: 100%|██████████| 8/8 [14:06<00:00, 105.79s/it]

╭──────────────────────────────────────────────────────────────────────────────────────────────────────────────────────╮
├──────────────────────────────────────────────────── Metric Table ────────────────────────────────────────────────────┤
│ Global Step:    5/10 │ Progress: ████████████████████░░░░░░░░░░░░░░░░░░░░ │  50.0%                                   │
│ Elapsed: 02:47:43 │ ETA: 02:47:43 │ Step Time: 2012.614s                                                             │
├──────────────────────────────────────────────────────── Time ────────────────────────────────────────────────────────┤
│                                                                                                                      │
│actor/actor/compute_adv=0.061          │actor/actor/recv_traj=874.9            │actor/actor/sync_model_to_rollout=14.…│
│actor/run_training=1116.0              │cal_adv_and_returns=0.067              │env/compute_bootstrap_rewards=0.038   │
│env/env/bootstrap_step=183.2           │env/env/send_obs=6.577                 │env/env/send_rollout_trajectories=5.8…│
│env/env_interact_step=257.6            │env/interact=859.0                     │env/recv_rollout_results=405.5        │
│env/run_interact_once=859.0            │generate_rollouts=875.0                │rollout/generate_one_epoch=846.4      │
│rollout/predict=380.5                  │rollout/rollout/generate=867.1         │rollout/rollout/recv_obs=465.3        │
│rollout/rollout/send_traj=0.373        │step=2005.7                            │sync_weights=14.625                   │
│                                                                                                                      │
├──────────────────────────────────────────────────── Environment ─────────────────────────────────────────────────────┤
│                                                                                                                      │
│episode_len=520.0                      │n_task0=32.0                           │n_task1=16.0                          │
│n_task2=40.0                           │n_task3=32.0                           │n_task4=24.0                          │
│n_task5=16.0                           │n_task6=32.0                           │n_task7=8.0                           │
│n_task8=24.0                           │n_task9=32.0                           │num_trajectories=256                  │
│return=0.8984375                       │reward=0.0035257286                    │success_once=0.8984375                │
│success_once_task0=0.84375             │success_once_task1=0.9375              │success_once_task2=0.775              │
│success_once_task3=0.9375              │success_once_task4=1.0                 │success_once_task5=1.0                │
│success_once_task6=0.9375              │success_once_task7=1.0                 │success_once_task8=0.9166667          │
│success_once_task9=0.84375             │                                       │                                      │
│                                                                                                                      │
├────────────────────────────────────────────────────── Rollout ───────────────────────────────────────────────────────┤
│                                                                                                                      │
│advantages_max=0.625                   │advantages_mean=-0.077                 │advantages_min=-0.875                 │
│rewards=0.0022                         │                                       │                                      │
│                                                                                                                      │
├─────────────────────────────────────────────────── Training/Actor ───────────────────────────────────────────────────┤
│                                                                                                                      │
│actor/approx_kl=0.0093                 │actor/clip_fraction=0.028              │actor/clipped_ratio=0.820             │
│actor/dual_cliped_ratio=0.0000         │actor/entropy_loss=0.0000              │actor/grad_norm=3.368                 │
│actor/kl_loss=0.0000                   │actor/lr=2.00e-05                      │actor/policy_loss=5.63e-04            │
│actor/policy_loss_abs=0.192            │actor/ratio=0.822                      │actor/ratio_abs=0.060                 │
│actor/ratio_std=0.030                  │actor/total_loss=1.41e-04              │                                      │
│                                                                                                                      │
╰──────────────────────────────────────────────────────────────────────────────────────────────────────────────────────╯

[36m(RolloutGroup(rank=0) pid=2035156)[0m Generating Rollout Epochs:   0%|          | 0/8 [00:00<?, ?it/s]
[36m(RolloutGroup(rank=0) pid=2035156)[0m Generating Rollout Epochs:  12%|█▎        | 1/8 [01:41<11:53, 101.92s/it]
[36m(RolloutGroup(rank=0) pid=2035156)[0m Generating Rollout Epochs:  25%|██▌       | 2/8 [03:37<10:58, 109.71s/it]
[36m(RolloutGroup(rank=0) pid=2035156)[0m Generating Rollout Epochs:  38%|███▊      | 3/8 [05:32<09:20, 112.16s/it]
[36m(RolloutGroup(rank=0) pid=2035156)[0m Generating Rollout Epochs:  50%|█████     | 4/8 [07:24<07:28, 112.08s/it]
[36m(RolloutGroup(rank=0) pid=2035156)[0m Generating Rollout Epochs:  62%|██████▎   | 5/8 [09:17<05:37, 112.39s/it]
[36m(RolloutGroup(rank=0) pid=2035156)[0m Generating Rollout Epochs:  75%|███████▌  | 6/8 [10:57<03:36, 108.45s/it]
[36m(RolloutGroup(rank=0) pid=2035156)[0m Generating Rollout Epochs:  88%|████████▊ | 7/8 [12:40<01:46, 106.67s/it]
[36m(RolloutGroup(rank=0) pid=2035156)[0m Generating Rollout Epochs: 100%|██████████| 8/8 [14:22<00:00, 105.11s/it]Generating Rollout Epochs: 100%|██████████| 8/8 [14:22<00:00, 107.83s/it]

╭──────────────────────────────────────────────────────────────────────────────────────────────────────────────────────╮
├──────────────────────────────────────────────────── Metric Table ────────────────────────────────────────────────────┤
│ Global Step:    6/10 │ Progress: ████████████████████████░░░░░░░░░░░░░░░░ │  60.0%                                   │
│ Elapsed: 03:21:27 │ ETA: 02:14:18 │ Step Time: 2014.610s                                                             │
├──────────────────────────────────────────────────────── Time ────────────────────────────────────────────────────────┤
│                                                                                                                      │
│actor/actor/compute_adv=0.050          │actor/actor/recv_traj=899.8            │actor/actor/sync_model_to_rollout=8.8…│
│actor/run_training=1115.7              │cal_adv_and_returns=0.054              │env/compute_bootstrap_rewards=0.038   │
│env/env/bootstrap_step=207.5           │env/env/send_obs=6.492                 │env/env/send_rollout_trajectories=5.5…│
│env/env_interact_step=257.1            │env/interact=878.4                     │env/recv_rollout_results=407.8        │
│env/run_interact_once=878.4            │generate_rollouts=899.9                │rollout/generate_one_epoch=862.7      │
│rollout/predict=381.2                  │rollout/rollout/generate=888.8         │rollout/rollout/recv_obs=484.0        │
│rollout/rollout/send_traj=0.355        │step=2024.6                            │sync_weights=8.874                    │
│                                                                                                                      │
├──────────────────────────────────────────────────── Environment ─────────────────────────────────────────────────────┤
│                                                                                                                      │
│episode_len=520.0                      │n_task0=56.0                           │n_task1=24.0                          │
│n_task2=16.0                           │n_task3=24.0                           │n_task4=24.0                          │
│n_task5=24.0                           │n_task6=24.0                           │n_task7=16.0                          │
│n_task8=16.0                           │n_task9=32.0                           │num_trajectories=256                  │
│return=0.78125                         │reward=0.0030287013                    │success_once=0.78125                  │
│success_once_task0=0.39285713          │success_once_task1=1.0                 │success_once_task2=0.75               │
│success_once_task3=0.9583333           │success_once_task4=0.9583333           │success_once_task5=0.9583333          │
│success_once_task6=0.875               │success_once_task7=1.0                 │success_once_task8=0.6875             │
│success_once_task9=0.78125             │                                       │                                      │
│                                                                                                                      │
├────────────────────────────────────────────────────── Rollout ───────────────────────────────────────────────────────┤
│                                                                                                                      │
│advantages_max=0.875                   │advantages_mean=-0.065                 │advantages_min=-0.875                 │
│rewards=0.0018                         │                                       │                                      │
│                                                                                                                      │
├─────────────────────────────────────────────────── Training/Actor ───────────────────────────────────────────────────┤
│                                                                                                                      │
│actor/approx_kl=0.010                  │actor/clip_fraction=0.031              │actor/clipped_ratio=0.896             │
│actor/dual_cliped_ratio=0.0000         │actor/entropy_loss=0.0000              │actor/grad_norm=3.949                 │
│actor/kl_loss=0.0000                   │actor/lr=2.00e-05                      │actor/policy_loss=0.0015              │
│actor/policy_loss_abs=0.224            │actor/ratio=0.898                      │actor/ratio_abs=0.069                 │
│actor/ratio_std=0.044                  │actor/total_loss=3.64e-04              │                                      │
│                                                                                                                      │
╰──────────────────────────────────────────────────────────────────────────────────────────────────────────────────────╯

[36m(RolloutGroup(rank=0) pid=2035156)[0m Generating Rollout Epochs:   0%|          | 0/8 [00:00<?, ?it/s]
[36m(RolloutGroup(rank=0) pid=2035156)[0m Generating Rollout Epochs:  12%|█▎        | 1/8 [01:23<09:41, 83.11s/it]
[36m(RolloutGroup(rank=0) pid=2035156)[0m Generating Rollout Epochs:  25%|██▌       | 2/8 [03:05<09:28, 94.70s/it]
[36m(RolloutGroup(rank=0) pid=2035156)[0m Generating Rollout Epochs:  38%|███▊      | 3/8 [04:51<08:18, 99.72s/it]
[36m(RolloutGroup(rank=0) pid=2035156)[0m Generating Rollout Epochs:  50%|█████     | 4/8 [06:28<06:34, 98.74s/it]
[36m(RolloutGroup(rank=0) pid=2035156)[0m Generating Rollout Epochs:  62%|██████▎   | 5/8 [08:22<05:12, 104.14s/it]
[36m(RolloutGroup(rank=0) pid=2035156)[0m Generating Rollout Epochs:  75%|███████▌  | 6/8 [10:03<03:25, 102.99s/it]
[36m(RolloutGroup(rank=0) pid=2035156)[0m Generating Rollout Epochs:  88%|████████▊ | 7/8 [11:35<01:39, 99.53s/it] 
[36m(RolloutGroup(rank=0) pid=2035156)[0m Generating Rollout Epochs: 100%|██████████| 8/8 [13:15<00:00, 99.58s/it]Generating Rollout Epochs: 100%|██████████| 8/8 [13:15<00:00, 99.43s/it]

╭──────────────────────────────────────────────────────────────────────────────────────────────────────────────────────╮
├──────────────────────────────────────────────────── Metric Table ────────────────────────────────────────────────────┤
│ Global Step:    7/10 │ Progress: ████████████████████████████░░░░░░░░░░░░ │  70.0%                                   │
│ Elapsed: 03:55:06 │ ETA: 01:40:45 │ Step Time: 2015.233s                                                             │
├──────────────────────────────────────────────────────── Time ────────────────────────────────────────────────────────┤
│                                                                                                                      │
│actor/actor/compute_adv=0.053          │actor/actor/recv_traj=879.1            │actor/actor/sync_model_to_rollout=9.0…│
│actor/run_training=1130.6              │cal_adv_and_returns=0.057              │env/compute_bootstrap_rewards=0.040   │
│env/env/bootstrap_step=201.6           │env/env/send_obs=6.406                 │env/env/send_rollout_trajectories=5.7…│
│env/env_interact_step=246.5            │env/interact=863.3                     │env/recv_rollout_results=410.4        │
│env/run_interact_once=863.3            │generate_rollouts=879.2                │rollout/generate_one_epoch=846.6      │
│rollout/predict=385.4                  │rollout/rollout/generate=873.9         │rollout/rollout/recv_obs=460.4        │
│rollout/rollout/send_traj=0.396        │step=2018.9                            │sync_weights=9.086                    │
│                                                                                                                      │
├──────────────────────────────────────────────────── Environment ─────────────────────────────────────────────────────┤
│                                                                                                                      │
│episode_len=520.0                      │n_task0=16.0                           │n_task1=8.0                           │
│n_task2=40.0                           │n_task3=16.0                           │n_task4=24.0                          │
│n_task5=24.0                           │n_task6=24.0                           │n_task7=32.0                          │
│n_task8=16.0                           │n_task9=56.0                           │num_trajectories=256                  │
│return=0.81640625                      │reward=0.0031212228                    │success_once=0.81640625               │
│success_once_task0=0.875               │success_once_task1=0.875               │success_once_task2=0.775              │
│success_once_task3=0.875               │success_once_task4=0.875               │success_once_task5=0.9583333          │
│success_once_task6=0.9583333           │success_once_task7=0.90625             │success_once_task8=0.875              │
│success_once_task9=0.58928573          │                                       │                                      │
│                                                                                                                      │
├────────────────────────────────────────────────────── Rollout ───────────────────────────────────────────────────────┤
│                                                                                                                      │
│advantages_max=0.875                   │advantages_mean=-0.098                 │advantages_min=-0.875                 │
│rewards=0.0020                         │                                       │                                      │
│                                                                                                                      │
├─────────────────────────────────────────────────── Training/Actor ───────────────────────────────────────────────────┤
│                                                                                                                      │
│actor/approx_kl=0.0055                 │actor/clip_fraction=0.032              │actor/clipped_ratio=0.905             │
│actor/dual_cliped_ratio=0.0000         │actor/entropy_loss=0.0000              │actor/grad_norm=3.884                 │
│actor/kl_loss=0.0000                   │actor/lr=2.00e-05                      │actor/policy_loss=-1.13e-04           │
│actor/policy_loss_abs=0.245            │actor/ratio=0.910                      │actor/ratio_abs=0.066                 │
│actor/ratio_std=0.043                  │actor/total_loss=-2.82e-05             │                                      │
│                                                                                                                      │
╰──────────────────────────────────────────────────────────────────────────────────────────────────────────────────────╯

[36m(RolloutGroup(rank=0) pid=2035156)[0m Generating Rollout Epochs:   0%|          | 0/8 [00:00<?, ?it/s]
[36m(RolloutGroup(rank=0) pid=2035156)[0m Generating Rollout Epochs:  12%|█▎        | 1/8 [01:29<10:28, 89.85s/it]
[36m(RolloutGroup(rank=0) pid=2035156)[0m Generating Rollout Epochs:  25%|██▌       | 2/8 [03:12<09:44, 97.38s/it]
[36m(RolloutGroup(rank=0) pid=2035156)[0m Generating Rollout Epochs:  38%|███▊      | 3/8 [04:53<08:14, 98.94s/it]
[36m(RolloutGroup(rank=0) pid=2035156)[0m Generating Rollout Epochs:  50%|█████     | 4/8 [06:35<06:41, 100.39s/it]
[36m(RolloutGroup(rank=0) pid=2035156)[0m Generating Rollout Epochs:  62%|██████▎   | 5/8 [08:08<04:52, 97.65s/it] 
[36m(RolloutGroup(rank=0) pid=2035156)[0m Generating Rollout Epochs:  75%|███████▌  | 6/8 [09:50<03:18, 99.17s/it]
[36m(RolloutGroup(rank=0) pid=2035156)[0m Generating Rollout Epochs:  88%|████████▊ | 7/8 [11:34<01:40, 100.62s/it]
[36m(RolloutGroup(rank=0) pid=2035156)[0m Generating Rollout Epochs: 100%|██████████| 8/8 [13:15<00:00, 100.88s/it]Generating Rollout Epochs: 100%|██████████| 8/8 [13:15<00:00, 99.48s/it] 

╭──────────────────────────────────────────────────────────────────────────────────────────────────────────────────────╮
├──────────────────────────────────────────────────── Metric Table ────────────────────────────────────────────────────┤
│ Global Step:    8/10 │ Progress: ████████████████████████████████░░░░░░░░ │  80.0%                                   │
│ Elapsed: 04:29:24 │ ETA: 01:07:21 │ Step Time: 2020.537s                                                             │
├──────────────────────────────────────────────────────── Time ────────────────────────────────────────────────────────┤
│                                                                                                                      │
│actor/actor/compute_adv=0.048          │actor/actor/recv_traj=886.6            │actor/actor/sync_model_to_rollout=10.…│
│actor/run_training=1160.0              │cal_adv_and_returns=0.054              │env/compute_bootstrap_rewards=0.043   │
│env/env/bootstrap_step=199.6           │env/env/send_obs=6.700                 │env/env/send_rollout_trajectories=6.9…│
│env/env_interact_step=258.7            │env/interact=870.4                     │env/recv_rollout_results=406.0        │
│env/run_interact_once=870.4            │generate_rollouts=886.7                │rollout/generate_one_epoch=852.4      │
│rollout/predict=379.2                  │rollout/rollout/generate=880.1         │rollout/rollout/recv_obs=473.5        │
│rollout/rollout/send_traj=0.381        │step=2057.6                            │sync_weights=10.857                   │
│                                                                                                                      │
├──────────────────────────────────────────────────── Environment ─────────────────────────────────────────────────────┤
│                                                                                                                      │
│episode_len=520.0                      │n_task0=16.0                           │n_task1=32.0                          │
│n_task2=32.0                           │n_task3=32.0                           │n_task4=32.0                          │
│n_task5=16.0                           │n_task6=24.0                           │n_task7=32.0                          │
│n_task8=16.0                           │n_task9=24.0                           │num_trajectories=256                  │
│return=0.84375                         │reward=0.0033320424                    │success_once=0.84375                  │
│success_once_task0=0.5625              │success_once_task1=0.84375             │success_once_task2=0.84375            │
│success_once_task3=0.96875             │success_once_task4=0.96875             │success_once_task5=1.0                │
│success_once_task6=0.75                │success_once_task7=0.96875             │success_once_task8=0.6875             │
│success_once_task9=0.625               │                                       │                                      │
│                                                                                                                      │
├────────────────────────────────────────────────────── Rollout ───────────────────────────────────────────────────────┤
│                                                                                                                      │
│advantages_max=0.625                   │advantages_mean=-0.092                 │advantages_min=-0.875                 │
│rewards=0.0019                         │                                       │                                      │
│                                                                                                                      │
├─────────────────────────────────────────────────── Training/Actor ───────────────────────────────────────────────────┤
│                                                                                                                      │
│actor/approx_kl=0.0095                 │actor/clip_fraction=0.032              │actor/clipped_ratio=0.818             │
│actor/dual_cliped_ratio=0.0000         │actor/entropy_loss=0.0000              │actor/grad_norm=3.482                 │
│actor/kl_loss=0.0000                   │actor/lr=2.00e-05                      │actor/policy_loss=-1.42e-05           │
│actor/policy_loss_abs=0.195            │actor/ratio=0.819                      │actor/ratio_abs=0.061                 │
│actor/ratio_std=0.030                  │actor/total_loss=-3.56e-06             │                                      │
│                                                                                                                      │
╰──────────────────────────────────────────────────────────────────────────────────────────────────────────────────────╯

[36m(RolloutGroup(rank=0) pid=2035156)[0m Generating Rollout Epochs:   0%|          | 0/8 [00:00<?, ?it/s]
[36m(RolloutGroup(rank=0) pid=2035156)[0m Generating Rollout Epochs:  12%|█▎        | 1/8 [01:24<09:48, 84.02s/it]
[36m(RolloutGroup(rank=0) pid=2035156)[0m Generating Rollout Epochs:  25%|██▌       | 2/8 [03:16<10:04, 100.79s/it]
[36m(RolloutGroup(rank=0) pid=2035156)[0m Generating Rollout Epochs:  38%|███▊      | 3/8 [05:00<08:30, 102.07s/it]
[36m(RolloutGroup(rank=0) pid=2035156)[0m Generating Rollout Epochs:  50%|█████     | 4/8 [06:47<06:57, 104.28s/it]
[36m(RolloutGroup(rank=0) pid=2035156)[0m Generating Rollout Epochs:  62%|██████▎   | 5/8 [08:22<05:02, 100.70s/it]
[36m(RolloutGroup(rank=0) pid=2035156)[0m Generating Rollout Epochs:  75%|███████▌  | 6/8 [10:06<03:23, 101.87s/it]
[36m(RolloutGroup(rank=0) pid=2035156)[0m Generating Rollout Epochs:  88%|████████▊ | 7/8 [11:44<01:40, 100.55s/it]
[36m(RolloutGroup(rank=0) pid=2035156)[0m Generating Rollout Epochs: 100%|██████████| 8/8 [13:25<00:00, 100.92s/it]Generating Rollout Epochs: 100%|██████████| 8/8 [13:25<00:00, 100.73s/it]

╭──────────────────────────────────────────────────────────────────────────────────────────────────────────────────────╮
├──────────────────────────────────────────────────── Metric Table ────────────────────────────────────────────────────┤
│ Global Step:    9/10 │ Progress: ████████████████████████████████████░░░░ │  90.0%                                   │
│ Elapsed: 05:04:36 │ ETA: 33:50 │ Step Time: 2030.752s                                                                │
├──────────────────────────────────────────────────────── Time ────────────────────────────────────────────────────────┤
│                                                                                                                      │
│actor/actor/compute_adv=0.049          │actor/actor/recv_traj=936.7            │actor/actor/sync_model_to_rollout=14.…│
│actor/run_training=1161.2              │cal_adv_and_returns=0.053              │env/compute_bootstrap_rewards=0.036   │
│env/env/bootstrap_step=261.8           │env/env/send_obs=6.420                 │env/env/send_rollout_trajectories=8.2…│
│env/env_interact_step=243.4            │env/interact=920.2                     │env/recv_rollout_results=411.0        │
│env/run_interact_once=920.2            │generate_rollouts=936.8                │rollout/generate_one_epoch=904.6      │
│rollout/predict=385.9                  │rollout/rollout/generate=935.1         │rollout/rollout/recv_obs=519.6        │
│rollout/rollout/send_traj=0.400        │step=2112.4                            │sync_weights=14.373                   │
│                                                                                                                      │
├──────────────────────────────────────────────────── Environment ─────────────────────────────────────────────────────┤
│                                                                                                                      │
│episode_len=520.0                      │n_task1=8.0                            │n_task2=8.0                           │
│n_task3=24.0                           │n_task4=40.0                           │n_task5=40.0                          │
│n_task6=64.0                           │n_task7=24.0                           │n_task8=24.0                          │
│n_task9=24.0                           │num_trajectories=256                   │return=0.91015625                     │
│reward=0.0038202924                    │success_once=0.91015625                │success_once_task1=0.875              │
│success_once_task2=1.0                 │success_once_task3=0.8333333           │success_once_task4=0.85               │
│success_once_task5=0.975               │success_once_task6=0.953125            │success_once_task7=0.9583333          │
│success_once_task8=0.8333333           │success_once_task9=0.875               │                                      │
│                                                                                                                      │
├────────────────────────────────────────────────────── Rollout ───────────────────────────────────────────────────────┤
│                                                                                                                      │
│advantages_max=0.625                   │advantages_mean=-0.090                 │advantages_min=-0.875                 │
│rewards=0.0024                         │                                       │                                      │
│                                                                                                                      │
├─────────────────────────────────────────────────── Training/Actor ───────────────────────────────────────────────────┤
│                                                                                                                      │
│actor/approx_kl=0.0071                 │actor/clip_fraction=0.028              │actor/clipped_ratio=0.762             │
│actor/dual_cliped_ratio=0.0000         │actor/entropy_loss=0.0000              │actor/grad_norm=3.412                 │
│actor/kl_loss=0.0000                   │actor/lr=2.00e-05                      │actor/policy_loss=9.00e-04            │
│actor/policy_loss_abs=0.182            │actor/ratio=0.764                      │actor/ratio_abs=0.057                 │
│actor/ratio_std=0.026                  │actor/total_loss=2.25e-04              │                                      │
│                                                                                                                      │
╰──────────────────────────────────────────────────────────────────────────────────────────────────────────────────────╯

[36m(RolloutGroup(rank=0) pid=2035156)[0m Generating Rollout Epochs:   0%|          | 0/8 [00:00<?, ?it/s]
[36m(RolloutGroup(rank=0) pid=2035156)[0m Generating Rollout Epochs:  12%|█▎        | 1/8 [01:43<12:06, 103.84s/it]
[36m(RolloutGroup(rank=0) pid=2035156)[0m Generating Rollout Epochs:  25%|██▌       | 2/8 [03:36<10:54, 109.02s/it]
[36m(RolloutGroup(rank=0) pid=2035156)[0m Generating Rollout Epochs:  38%|███▊      | 3/8 [05:29<09:13, 110.69s/it]
[36m(RolloutGroup(rank=0) pid=2035156)[0m Generating Rollout Epochs:  50%|█████     | 4/8 [07:04<06:58, 104.56s/it]
[36m(RolloutGroup(rank=0) pid=2035156)[0m Generating Rollout Epochs:  62%|██████▎   | 5/8 [09:00<05:26, 108.86s/it]
[36m(RolloutGroup(rank=0) pid=2035156)[0m Generating Rollout Epochs:  75%|███████▌  | 6/8 [10:42<03:32, 106.28s/it]
[36m(RolloutGroup(rank=0) pid=2035156)[0m Generating Rollout Epochs:  88%|████████▊ | 7/8 [12:26<01:45, 105.67s/it]
[36m(RolloutGroup(rank=0) pid=2035156)[0m Generating Rollout Epochs: 100%|██████████| 8/8 [14:07<00:00, 104.30s/it]Generating Rollout Epochs: 100%|██████████| 8/8 [14:07<00:00, 105.98s/it]
[36m(RolloutGroup(rank=0) pid=2035156)[0m Evaluating Rollout Epochs:   0%|          | 0/25 [00:00<?, ?it/s]
[36m(RolloutGroup(rank=0) pid=2035156)[0m Evaluating Rollout Epochs:   4%|▍         | 1/25 [01:04<25:42, 64.27s/it]
[36m(RolloutGroup(rank=0) pid=2035156)[0m Evaluating Rollout Epochs:   8%|▊         | 2/25 [02:22<27:50, 72.62s/it]
[36m(RolloutGroup(rank=0) pid=2035156)[0m Evaluating Rollout Epochs:  12%|█▏        | 3/25 [03:37<27:04, 73.82s/it]
[36m(RolloutGroup(rank=0) pid=2035156)[0m Evaluating Rollout Epochs:  16%|█▌        | 4/25 [04:54<26:10, 74.77s/it]
[36m(RolloutGroup(rank=0) pid=2035156)[0m Evaluating Rollout Epochs:  20%|██        | 5/25 [06:10<25:02, 75.14s/it]
[36m(RolloutGroup(rank=0) pid=2035156)[0m Evaluating Rollout Epochs:  24%|██▍       | 6/25 [07:23<23:36, 74.53s/it]
[36m(RolloutGroup(rank=0) pid=2035156)[0m Evaluating Rollout Epochs:  28%|██▊       | 7/25 [08:38<22:25, 74.74s/it]
[36m(RolloutGroup(rank=0) pid=2035156)[0m Evaluating Rollout Epochs:  32%|███▏      | 8/25 [09:53<21:09, 74.67s/it]
[36m(RolloutGroup(rank=0) pid=2035156)[0m Evaluating Rollout Epochs:  36%|███▌      | 9/25 [11:09<20:04, 75.31s/it]
[36m(RolloutGroup(rank=0) pid=2035156)[0m Evaluating Rollout Epochs:  40%|████      | 10/25 [12:24<18:47, 75.20s/it]
[36m(RolloutGroup(rank=0) pid=2035156)[0m Evaluating Rollout Epochs:  44%|████▍     | 11/25 [13:39<17:31, 75.10s/it]
[36m(RolloutGroup(rank=0) pid=2035156)[0m Evaluating Rollout Epochs:  48%|████▊     | 12/25 [14:53<16:12, 74.79s/it]
[36m(RolloutGroup(rank=0) pid=2035156)[0m Evaluating Rollout Epochs:  52%|█████▏    | 13/25 [16:09<14:59, 75.00s/it]
[36m(RolloutGroup(rank=0) pid=2035156)[0m Evaluating Rollout Epochs:  56%|█████▌    | 14/25 [17:24<13:44, 75.00s/it]
[36m(RolloutGroup(rank=0) pid=2035156)[0m Evaluating Rollout Epochs:  60%|██████    | 15/25 [18:40<12:33, 75.34s/it]
[36m(RolloutGroup(rank=0) pid=2035156)[0m Evaluating Rollout Epochs:  64%|██████▍   | 16/25 [19:54<11:14, 74.97s/it]
[36m(RolloutGroup(rank=0) pid=2035156)[0m Evaluating Rollout Epochs:  68%|██████▊   | 17/25 [21:10<10:01, 75.20s/it]
[36m(RolloutGroup(rank=0) pid=2035156)[0m Evaluating Rollout Epochs:  72%|███████▏  | 18/25 [22:25<08:45, 75.14s/it]
[36m(RolloutGroup(rank=0) pid=2035156)[0m Evaluating Rollout Epochs:  76%|███████▌  | 19/25 [23:41<07:33, 75.51s/it]
[36m(RolloutGroup(rank=0) pid=2035156)[0m Evaluating Rollout Epochs:  80%|████████  | 20/25 [24:55<06:14, 75.00s/it]
[36m(RolloutGroup(rank=0) pid=2035156)[0m Evaluating Rollout Epochs:  84%|████████▍ | 21/25 [26:10<05:00, 75.10s/it]
[36m(RolloutGroup(rank=0) pid=2035156)[0m Evaluating Rollout Epochs:  88%|████████▊ | 22/25 [27:26<03:46, 75.37s/it]
[36m(RolloutGroup(rank=0) pid=2035156)[0m Evaluating Rollout Epochs:  92%|█████████▏| 23/25 [28:42<02:31, 75.57s/it]
[36m(RolloutGroup(rank=0) pid=2035156)[0m Evaluating Rollout Epochs:  96%|█████████▌| 24/25 [29:57<01:15, 75.37s/it]
[36m(RolloutGroup(rank=0) pid=2035156)[0m Evaluating Rollout Epochs: 100%|██████████| 25/25 [31:10<00:00, 74.74s/it]Evaluating Rollout Epochs: 100%|██████████| 25/25 [31:10<00:00, 74.83s/it]
[INFO 10:42:40 RLinf] Saving checkpoint at step 10.
[36m(ActorGroup(rank=3) pid=2035155)[0m /workspace/venv_fw/lib/python3.11/site-packages/torch/distributed/distributed_c10d.py:4631: UserWarning: No device id is provided via `init_process_group` or `barrier `. Using the current device set by the user. 
[36m(ActorGroup(rank=3) pid=2035155)[0m   warnings.warn(  # warn only once
[36m(ActorGroup(rank=1) pid=2035152)[0m /workspace/venv_fw/lib/python3.11/site-packages/torch/distributed/distributed_c10d.py:4631: UserWarning: No device id is provided via `init_process_group` or `barrier `. Using the current device set by the user. 
[36m(ActorGroup(rank=1) pid=2035152)[0m   warnings.warn(  # warn only once
[36m(ActorGroup(rank=2) pid=2035153)[0m /workspace/venv_fw/lib/python3.11/site-packages/torch/distributed/distributed_c10d.py:4631: UserWarning: No device id is provided via `init_process_group` or `barrier `. Using the current device set by the user. 
[36m(ActorGroup(rank=2) pid=2035153)[0m   warnings.warn(  # warn only once
[36m(ActorGroup(rank=0) pid=2035151)[0m /workspace/venv_fw/lib/python3.11/site-packages/torch/distributed/distributed_c10d.py:4631: UserWarning: No device id is provided via `init_process_group` or `barrier `. Using the current device set by the user. 
[36m(ActorGroup(rank=0) pid=2035151)[0m   warnings.warn(  # warn only once
Exception occurred while running EmbodiedFSDPActor's function save_checkpoint: exception is [36mray::EmbodiedFSDPActor.save_checkpoint()[39m (pid=2035151, ip=172.31.0.2, actor_id=b7d4b47f6fc4289678baf03f01000000, repr=ActorGroup(rank=0))
  File "/workspace/venv_fw/lib/python3.11/site-packages/torch/serialization.py", line 1266, in _save
    zip_file.write_record(name, storage, num_bytes)
RuntimeError: [enforce fail at inline_container.cc:857] . PytorchStreamWriter failed writing file data/2202: file write failed

During handling of the above exception, another exception occurred:

[36mray::EmbodiedFSDPActor.save_checkpoint()[39m (pid=2035151, ip=172.31.0.2, actor_id=b7d4b47f6fc4289678baf03f01000000, repr=ActorGroup(rank=0))
  File "/workspace/.uv_python/cpython-3.11.15-linux-x86_64-gnu/lib/python3.11/concurrent/futures/_base.py", line 449, in result
    return self.__get_result()
           ^^^^^^^^^^^^^^^^^^^
  File "/workspace/.uv_python/cpython-3.11.15-linux-x86_64-gnu/lib/python3.11/concurrent/futures/_base.py", line 401, in __get_result
    raise self._exception
           ^^^^^^^^^^^^^^^^^^^^^
           ^^^^^^^^^^^^^^^^^^^^^^^^^^^^^^^^^^^^
           ^^^^^^^^^^^^^^^^^^^^^^^^^^^^^^^
  File "/workspace/RLinf/rlinf/hybrid_engines/fsdp/fsdp_model_manager.py", line 355, in save_checkpoint
    self._strategy.save_checkpoint(
  File "/workspace/RLinf/rlinf/hybrid_engines/fsdp/strategy/base.py", line 263, in save_checkpoint
    torch.save(
  File "/workspace/venv_fw/lib/python3.11/site-packages/torch/serialization.py", line 964, in save
    with _open_zipfile_writer(f) as opened_zipfile:
  File "/workspace/venv_fw/lib/python3.11/site-packages/torch/serialization.py", line 798, in __exit__
    self.file_like.write_end_of_file()
RuntimeError: [enforce fail at inline_container.cc:659] . unexpected pos 18767660480 vs 18767660376
Exiting main process due to a failure upon worker execution.
