==============================================================================
GLOBAL STEP 0  |  rank/shard 0  |  8 group(s) x 8 rollouts  (B=64)
[shapes] rewards=(52, 64, 10) denoise_inds=(52, 64) inject_noise_norm=(52, 64) task_ids=None
  ┌─ Group 0 | task~group0 | SR=6/8=0.75  inject-steps=[0,1,1,6,4,9,6,5,7,3,1,5,4,4,1,5,0,8,0,5,5,6,5,5,2,6,9,5,8,0,5,5,6,4,6,4,3,1,2,2,2,8,2,7,8,0,6,1,0,4,5,8]
  │   rollout 0 | reward=1.00 | ✓succ noise‖·‖seq=[9.05,10.41,9.91,4.84,5.44,4.45,4.85,4.86,4.68,6.07,9.89,5.31,5.73,5.41,10.95,5.07,8.40,4.69,8.24,4.89,5.22,4.69,4.84,5.21,7.00,4.83,4.04,5.33,4.17,8.79,5.16,5.09,4.85,5.41,4.99,5.19,6.71,10.13,6.81,7.62,7.39,4.58,7.35,4.60,4.70,8.87,4.41,10.41,9.46,5.34,5.22,4.78]
  │   rollout 1 | reward=0.00 | ✗fail noise‖·‖seq=[9.43,10.17,9.66,4.89,5.23,4.17,5.13,4.86,4.79,5.78,9.33,4.65,5.68,5.02,10.31,4.78,9.54,4.54,9.46,5.36,5.05,4.69,4.82,5.43,7.13,4.69,3.61,5.34,4.67,9.04,5.00,4.53,5.20,5.48,4.76,5.66,6.21,9.87,7.27,6.62,7.10,4.33,7.51,4.78,4.51,9.45,4.99,10.54,9.13,5.73,4.72,4.28]
  │   rollout 2 | reward=0.00 | ✗fail noise‖·‖seq=[9.00,10.22,9.85,4.90,5.34,4.02,4.77,4.81,4.04,6.50,9.87,5.27,5.13,5.19,10.55,4.99,9.91,4.73,9.60,5.18,5.55,4.85,5.24,5.03,7.16,5.30,4.02,5.65,4.32,7.89,5.27,4.86,4.72,5.54,5.26,5.49,5.59,10.61,6.95,7.37,7.32,4.60,7.27,4.39,4.06,9.41,4.90,10.50,9.24,5.17,5.21,4.62]
  │   rollout 3 | reward=1.00 | ✓succ noise‖·‖seq=[9.77,10.45,10.06,4.69,5.43,3.91,4.53,4.65,4.19,5.83,9.89,4.93,5.27,5.34,9.92,5.15,9.61,4.58,10.14,4.99,5.04,4.86,5.26,5.17,6.54,5.05,4.03,4.85,4.63,9.24,4.93,4.92,4.77,5.27,4.67,5.56,5.60,10.48,7.47,6.94,7.42,4.50,7.47,4.39,4.24,8.86,4.78,11.06,10.34,5.38,4.61,4.65]
  │   rollout 4 | reward=1.00 | ✓succ noise‖·‖seq=[9.08,10.18,10.74,5.22,5.53,4.18,4.98,4.96,4.29,5.62,10.03,4.93,5.29,5.70,10.38,5.13,9.59,4.55,9.23,5.13,5.23,4.87,5.33,4.61,7.34,4.74,3.99,5.10,4.56,9.12,4.97,4.58,4.80,5.41,5.26,4.92,6.54,10.52,7.20,7.09,6.79,4.62,6.74,4.55,4.51,10.02,5.19,9.80,9.44,6.14,4.98,4.49]
  │   rollout 5 | reward=1.00 | ✓succ noise‖·‖seq=[9.29,10.20,10.21,4.94,5.58,3.79,4.90,5.06,4.68,6.04,10.54,5.11,5.64,5.44,10.38,5.43,8.85,4.56,9.00,4.91,5.21,4.68,5.10,5.17,6.76,5.16,4.34,5.26,4.09,8.85,4.97,5.18,4.66,5.26,4.47,5.42,6.27,10.65,7.28,7.32,7.48,4.21,7.33,4.35,4.14,8.93,4.75,10.07,8.85,5.56,4.89,4.46]
  │   rollout 6 | reward=1.00 | ✓succ noise‖·‖seq=[9.04,10.96,11.33,4.89,5.70,4.30,4.98,5.25,4.53,5.93,10.17,5.11,5.14,5.06,9.75,5.18,9.88,4.39,9.51,4.86,4.91,5.25,4.69,5.36,7.35,4.63,3.74,4.53,4.68,9.01,5.05,4.89,4.98,5.25,4.75,5.13,6.11,10.91,7.06,7.37,6.70,4.54,7.29,4.45,4.41,8.97,4.89,11.09,9.76,4.89,5.16,4.40]
  │   rollout 7 | reward=1.00 | ✓succ noise‖·‖seq=[9.52,10.78,10.17,4.87,5.34,3.86,4.99,5.20,4.66,6.56,10.45,4.81,5.65,5.22,9.55,5.13,8.93,4.47,9.44,5.45,4.95,4.76,5.23,4.97,6.95,5.07,4.07,5.01,4.25,9.15,4.81,5.12,4.88,6.06,5.04,5.38,6.10,11.14,7.44,7.03,6.98,4.31,7.01,4.61,4.76,9.58,4.82,10.12,9.26,5.51,5.04,4.62]
  └────────────────────────────────────────
  ┌─ Group 1 | task~group1 | SR=8/8=1.00  inject-steps=[4,7,0,1,6,8,9,9,5,2,2,6,8,9,5,0,2,8,5,9,7,9,4,8,4,4,5,3,3,5,7,7,4,0,6,4,8,9,8,0,7,3,9,4,2,7,6,1,7,1,5,2]
  │   rollout 0 | reward=1.00 | ✓succ noise‖·‖seq=[5.28,4.65,9.03,9.97,4.47,4.62,3.83,4.06,5.13,7.28,7.71,4.95,4.46,3.93,4.91,9.11,7.03,4.39,5.00,3.84,4.73,3.92,5.23,4.50,5.13,5.41,5.19,6.21,5.81,4.65,4.36,4.69,5.78,9.40,4.70,5.15,4.76,4.13,4.65,8.82,5.06,5.76,3.84,6.03,7.42,4.76,4.90,9.70,4.52,9.57,5.22,7.37]
  │   rollout 1 | reward=1.00 | ✓succ noise‖·‖seq=[4.94,4.96,9.45,9.23,4.58,4.35,4.01,4.33,5.60,7.79,7.18,4.96,4.29,4.03,4.82,9.40,7.04,4.44,5.14,4.31,4.73,3.84,5.71,4.28,5.57,5.14,5.02,5.81,6.11,5.21,4.88,4.78,5.60,10.02,4.99,5.23,4.26,3.81,4.88,8.85,4.51,6.36,4.17,5.41,7.63,4.16,5.23,9.92,4.85,10.31,5.16,7.03]
  │   rollout 2 | reward=1.00 | ✓succ noise‖·‖seq=[5.64,4.70,9.47,10.49,5.19,4.71,4.26,4.53,4.93,6.77,7.12,4.64,4.09,3.86,5.10,9.25,7.21,4.53,5.09,4.18,4.12,3.67,5.81,4.39,5.83,5.68,5.04,5.84,5.79,5.08,4.40,4.50,5.25,10.05,4.77,5.32,4.52,4.19,4.16,8.66,4.44,6.23,4.19,5.35,6.78,4.57,4.69,10.00,5.16,9.82,5.50,7.24]
  │   rollout 3 | reward=1.00 | ✓succ noise‖·‖seq=[5.21,4.72,8.69,10.19,4.80,4.40,3.79,4.16,4.79,7.70,6.94,4.58,4.55,3.77,4.92,8.97,6.69,4.21,5.40,4.02,4.49,3.91,5.06,4.76,5.74,5.88,5.22,6.05,6.18,4.66,4.86,4.21,5.44,9.43,5.30,5.33,4.24,3.79,4.24,9.24,4.64,6.24,4.26,5.75,7.32,4.68,4.67,10.15,4.48,9.97,5.36,7.82]
  │   rollout 4 | reward=1.00 | ✓succ noise‖·‖seq=[5.54,5.04,9.56,10.62,5.12,4.73,3.86,3.73,4.68,7.16,7.47,4.87,4.07,4.06,5.45,9.79,6.95,5.18,4.79,3.85,4.19,3.84,4.78,4.92,4.92,5.24,5.32,5.95,6.11,4.96,4.96,4.33,5.75,8.92,4.73,5.40,4.75,3.82,4.55,8.78,4.87,6.13,3.92,5.42,6.59,4.66,4.74,10.61,4.63,10.89,5.24,7.35]
  │   rollout 5 | reward=0.00 | ✓succ noise‖·‖seq=[5.61,4.76,9.48,10.08,5.01,4.76,4.00,3.90,4.82,7.42,6.96,5.02,4.29,3.85,4.98,9.10,6.66,4.37,5.02,4.06,4.70,3.81,5.47,4.36,5.24,5.63,4.97,6.22,6.40,5.25,4.45,4.69,5.64,8.60,5.10,5.27,4.44,3.86,4.47,9.34,4.97,6.12,4.31,5.66,7.05,4.71,4.83,10.04,4.70,10.12,4.85,7.24]
  │   rollout 6 | reward=1.00 | ✓succ noise‖·‖seq=[5.09,4.61,9.64,10.62,4.55,3.99,3.93,3.96,4.93,6.78,7.52,4.84,4.55,4.11,4.95,9.21,6.63,4.68,4.99,4.32,4.19,3.78,5.44,4.46,5.40,5.86,4.81,5.85,5.58,5.10,4.65,4.42,6.00,8.80,4.73,5.41,3.94,4.08,4.50,9.23,4.29,6.02,4.24,5.69,7.12,4.51,4.63,10.87,4.68,9.64,5.11,6.97]
  │   rollout 7 | reward=1.00 | ✓succ noise‖·‖seq=[5.83,4.46,9.33,10.05,4.87,4.18,4.13,4.13,4.77,7.49,7.55,5.33,4.28,4.25,4.71,9.33,7.65,4.03,4.85,3.94,4.37,3.61,4.87,4.35,5.53,5.30,5.41,6.65,6.32,4.83,4.57,4.30,5.09,8.73,5.05,5.52,4.44,4.37,4.15,8.70,4.48,5.73,4.05,5.05,6.72,4.70,5.08,10.10,4.69,8.71,5.00,7.74]
  └────────────────────────────────────────
  ┌─ Group 2 | task~group2 | SR=8/8=1.00  inject-steps=[2,1,9,2,5,3,2,4,5,3,1,2,9,8,1,0,8,7,8,1,7,4,2,7,2,5,0,3,3,5,9,6,4,9,2,7,4,9,8,6,1,5,4,8,2,2,9,9,9,4,6,9]
  │   rollout 0 | reward=0.00 | ✓succ noise‖·‖seq=[6.40,10.67,4.12,7.58,4.74,5.97,7.58,5.55,5.14,6.04,10.06,7.00,4.11,4.35,10.60,8.60,5.21,4.92,4.51,10.41,4.59,4.84,7.46,4.83,7.20,5.04,9.45,6.29,6.12,5.08,4.21,5.10,5.59,3.77,7.06,4.54,5.33,4.06,4.42,5.22,9.60,5.14,5.20,4.15,6.79,6.79,4.08,4.27,3.87,5.63,4.91,4.24]
  │   rollout 1 | reward=1.00 | ✓succ noise‖·‖seq=[7.20,10.62,4.02,7.24,5.07,6.51,7.25,5.46,5.27,6.19,9.94,6.99,4.00,4.55,9.54,8.95,4.35,4.65,4.20,10.15,4.53,5.64,7.23,4.70,7.52,5.06,9.51,5.96,6.09,5.11,4.06,4.64,5.65,4.20,7.13,4.48,5.02,3.93,4.50,4.51,9.85,5.07,5.64,4.57,6.86,7.93,3.96,3.87,4.09,5.51,4.81,4.00]
  │   rollout 2 | reward=0.00 | ✓succ noise‖·‖seq=[6.84,9.96,3.85,6.82,5.02,5.74,6.82,5.53,5.07,6.44,9.56,7.35,3.66,4.87,9.96,8.70,4.15,4.72,4.02,10.34,4.86,5.54,7.37,4.64,7.55,5.05,9.42,6.07,5.76,5.12,3.91,4.65,5.19,4.29,6.93,5.16,5.70,4.05,4.68,4.95,10.71,5.15,5.16,4.39,7.38,7.05,3.83,4.31,3.90,4.76,5.04,4.29]
  │   rollout 3 | reward=0.00 | ✓succ noise‖·‖seq=[7.41,10.04,4.06,7.15,5.15,6.32,6.71,5.38,5.23,6.14,9.98,6.66,4.35,4.28,9.21,9.77,3.97,4.63,4.64,10.02,5.10,5.46,6.96,4.61,6.93,5.49,9.35,6.03,5.79,4.74,4.03,5.19,5.28,4.06,7.22,4.80,5.09,4.30,4.61,4.88,11.36,4.78,5.46,4.51,7.14,7.54,3.52,3.94,4.09,5.75,4.97,3.79]
  │   rollout 4 | reward=0.00 | ✓succ noise‖·‖seq=[7.45,9.81,4.15,6.88,5.23,6.10,7.21,4.93,5.21,6.05,9.85,7.01,4.22,4.81,10.58,8.63,4.08,4.84,4.42,10.40,4.63,5.78,7.30,4.75,6.97,5.07,9.61,6.24,6.40,4.79,3.92,4.94,5.32,3.81,7.17,4.88,5.65,3.79,4.36,4.76,10.56,5.47,5.45,4.50,6.94,7.54,4.15,4.09,4.12,5.64,4.52,4.21]
  │   rollout 5 | reward=1.00 | ✓succ noise‖·‖seq=[7.09,9.60,4.05,7.36,5.00,5.85,7.36,5.47,4.84,5.68,10.20,7.12,3.82,4.57,9.46,9.18,4.34,5.12,4.23,9.53,4.60,6.02,6.91,4.45,7.03,5.02,8.90,6.14,5.34,5.03,3.69,5.15,5.56,3.94,6.99,4.41,5.59,3.91,4.73,4.58,9.56,5.34,5.68,4.50,6.96,8.11,4.24,4.04,3.89,5.39,5.16,3.67]
  │   rollout 6 | reward=0.00 | ✓succ noise‖·‖seq=[6.72,10.35,3.86,8.06,4.97,5.87,6.62,5.22,4.78,6.02,9.80,7.28,4.33,4.20,8.92,9.20,4.23,4.71,4.63,10.34,4.52,5.22,7.24,4.74,7.01,5.47,9.35,5.66,5.85,4.58,4.24,5.13,5.28,4.11,7.13,4.54,5.52,4.15,4.65,4.76,9.56,5.17,5.32,4.24,7.80,7.33,3.91,4.20,3.71,4.77,4.54,4.09]
  │   rollout 7 | reward=0.00 | ✓succ noise‖·‖seq=[6.85,10.04,3.55,7.24,5.24,6.15,7.69,4.89,4.76,6.20,10.37,7.01,3.79,4.33,10.08,9.39,4.42,4.67,4.52,10.00,4.83,5.52,7.19,4.64,7.19,5.20,9.42,6.13,6.26,5.17,4.02,4.82,5.71,3.95,7.21,4.70,5.61,4.08,4.52,4.54,9.93,5.01,5.45,4.58,6.87,7.12,4.04,3.80,3.98,5.51,4.63,3.68]
  └────────────────────────────────────────
  ┌─ Group 3 | task~group3 | SR=3/8=0.38  inject-steps=[1,0,0,9,4,6,1,3,1,0,2,4,2,5,6,5,9,7,6,2,8,5,3,3,8,2,6,9,6,3,4,8,6,8,1,1,2,9,0,8,4,4,3,9,0,6,0,3,0,3,6,1]
  │   rollout 0 | reward=0.00 | ✗fail noise‖·‖seq=[9.98,9.22,9.48,4.23,5.35,4.91,11.33,6.52,9.91,8.45,6.45,5.71,7.00,4.76,4.81,4.99,3.98,4.79,4.93,6.94,5.08,4.79,6.35,6.26,4.45,7.03,4.37,3.85,5.16,5.82,5.59,4.72,4.70,4.37,10.15,9.34,7.21,4.23,8.82,4.34,5.37,5.30,6.35,3.96,9.59,4.77,8.40,6.12,9.19,5.52,4.72,9.29]
  │   rollout 1 | reward=0.00 | ✓succ noise‖·‖seq=[10.80,9.51,9.01,3.85,5.01,5.09,10.88,5.95,9.74,9.60,7.27,5.51,7.06,5.25,5.43,5.03,3.85,5.08,4.78,6.99,4.16,5.26,6.21,6.33,4.47,7.51,4.85,3.95,4.77,5.89,5.91,4.62,4.79,4.21,9.96,10.43,7.13,3.92,9.47,4.99,5.37,5.34,5.89,4.12,9.52,4.69,9.14,6.37,9.15,6.20,4.67,10.35]
  │   rollout 2 | reward=0.00 | ✗fail noise‖·‖seq=[10.71,10.08,8.80,4.18,5.43,4.78,10.13,6.05,10.97,9.51,6.86,5.46,7.07,5.06,4.95,4.41,4.00,4.43,4.51,6.98,4.42,5.02,5.72,5.95,4.62,6.81,4.88,4.06,4.41,6.47,5.40,4.52,4.76,4.49,10.20,10.67,7.20,4.15,9.04,4.19,5.33,5.28,6.09,4.12,9.59,5.37,9.07,5.84,9.47,6.21,5.18,10.21]
  │   rollout 3 | reward=0.00 | ✗fail noise‖·‖seq=[9.13,9.04,9.45,3.90,5.07,4.63,10.10,6.24,10.01,9.65,6.71,5.26,7.12,4.74,4.91,4.81,3.97,4.43,4.77,6.86,4.09,4.93,5.79,5.97,4.32,7.49,4.68,3.96,4.97,5.96,5.75,4.57,4.86,4.45,9.59,10.00,7.28,4.07,10.22,4.49,6.14,5.35,5.49,4.15,9.49,4.39,9.47,5.96,9.09,6.04,4.86,9.31]
  │   rollout 4 | reward=0.00 | ✗fail noise‖·‖seq=[9.72,9.84,9.23,3.74,5.19,4.68,10.86,6.21,10.73,9.70,6.72,5.34,7.05,5.02,5.13,5.18,4.02,4.84,4.88,6.85,4.52,4.83,6.00,6.12,4.75,6.86,4.84,4.31,5.00,5.94,5.26,4.22,4.69,4.74,10.92,9.47,7.69,3.97,8.90,4.64,5.15,5.80,6.13,3.91,9.10,5.00,9.46,6.04,8.81,6.44,4.87,9.64]
  │   rollout 5 | reward=1.00 | ✓succ noise‖·‖seq=[9.71,9.79,9.04,4.04,5.59,4.48,10.19,5.74,10.16,8.36,6.86,5.56,7.41,4.85,4.82,4.96,4.08,4.41,4.97,7.61,4.45,5.27,5.93,6.19,4.41,6.73,5.08,4.01,4.78,5.89,5.25,4.20,4.86,4.38,9.79,9.82,7.48,4.25,9.40,4.13,5.87,5.23,6.07,3.89,8.75,4.70,8.77,6.09,9.39,5.88,4.84,9.75]
  │   rollout 6 | reward=1.00 | ✓succ noise‖·‖seq=[9.87,9.41,9.22,3.90,5.47,4.83,10.21,5.86,10.56,9.47,7.03,5.94,7.04,5.32,4.90,5.25,4.10,4.67,4.90,7.41,4.42,5.38,6.32,6.08,4.54,7.35,4.76,3.95,5.22,5.81,5.16,4.44,4.91,4.64,10.37,10.42,6.77,3.89,9.86,4.47,5.19,5.60,5.87,4.11,9.62,4.81,9.21,6.33,8.45,6.25,4.77,9.91]
  │   rollout 7 | reward=0.00 | ✗fail noise‖·‖seq=[9.59,10.12,8.70,4.13,5.07,4.90,10.87,6.36,9.21,9.64,7.04,5.56,6.76,5.09,4.73,4.69,4.04,4.86,4.66,7.85,4.45,4.87,6.12,6.43,4.28,6.69,5.16,3.85,4.98,6.29,5.26,4.32,4.61,4.80,10.42,9.65,6.94,4.06,9.28,4.56,5.39,5.65,6.66,4.02,9.27,4.72,9.49,6.14,9.52,5.74,5.08,10.08]
  └────────────────────────────────────────
  ┌─ Group 4 | task~group4 | SR=6/8=0.75  inject-steps=[0,8,2,0,2,4,0,0,9,7,0,5,6,0,1,9,2,6,3,9,9,5,5,1,3,0,4,8,4,4,1,6,7,0,5,9,0,2,5,1,9,0,1,1,3,5,2,8,2,9,1,2]
  │   rollout 0 | reward=1.00 | ✓succ noise‖·‖seq=[9.93,4.39,6.83,9.44,7.49,5.53,9.39,9.05,3.96,4.35,9.31,4.68,4.86,9.86,10.78,4.04,6.65,4.92,5.79,3.63,3.80,4.91,5.02,10.61,5.60,9.10,5.19,4.45,5.31,5.65,10.64,4.60,4.72,9.29,5.44,4.06,9.14,7.34,4.72,10.30,4.03,9.50,9.13,9.95,6.03,5.26,7.63,4.48,7.43,4.08,10.53,7.01]
  │   rollout 1 | reward=0.00 | ✗fail noise‖·‖seq=[8.40,4.27,7.18,8.86,7.22,5.84,9.34,8.87,3.96,4.45,10.20,4.79,4.90,9.12,9.77,3.62,7.30,5.28,6.11,4.01,4.05,5.14,4.86,10.41,6.17,9.51,5.95,4.22,5.74,5.81,10.25,4.89,4.25,10.04,5.24,3.96,9.15,7.46,4.71,9.66,3.75,9.07,10.03,9.88,5.96,5.33,7.47,4.31,7.91,3.94,9.81,7.05]
  │   rollout 2 | reward=1.00 | ✓succ noise‖·‖seq=[9.43,4.57,7.61,8.54,7.59,5.74,9.09,9.84,3.57,4.76,9.19,4.82,4.85,8.89,9.89,3.99,7.45,4.73,5.77,4.00,4.21,5.27,4.81,10.21,5.85,9.81,5.11,4.54,5.57,5.83,10.01,5.26,4.58,9.75,5.06,4.25,9.35,7.33,4.68,9.98,4.42,8.62,10.20,9.24,6.21,4.81,7.49,4.53,7.08,4.18,10.41,6.74]
  │   rollout 3 | reward=1.00 | ✓succ noise‖·‖seq=[10.16,4.66,6.92,9.53,6.36,6.29,9.24,9.02,4.25,5.08,9.42,5.14,5.05,9.24,10.85,4.01,7.02,4.95,5.58,4.23,4.20,5.57,5.42,10.06,5.74,8.61,5.43,4.52,5.66,5.68,10.50,4.70,5.02,10.02,5.14,3.98,10.21,7.79,5.44,10.66,3.94,9.02,10.42,9.68,5.79,5.09,6.63,4.48,7.00,4.38,9.50,7.27]
  │   rollout 4 | reward=1.00 | ✓succ noise‖·‖seq=[9.16,4.27,7.28,9.07,6.72,5.10,10.15,9.39,3.48,4.77,9.09,4.81,4.64,9.56,10.01,3.74,7.10,4.99,5.66,3.62,3.75,4.63,4.74,10.33,6.09,9.75,5.52,4.51,5.70,5.57,9.35,5.21,4.42,9.48,4.89,4.01,9.61,7.24,4.92,9.71,4.32,9.48,10.49,9.88,6.34,5.05,6.94,4.16,7.08,4.35,10.46,7.04]
  │   rollout 5 | reward=0.00 | ✗fail noise‖·‖seq=[9.30,4.53,6.96,9.12,6.76,5.58,9.40,8.93,4.13,4.72,9.69,4.88,5.16,8.91,10.14,4.42,6.79,5.26,6.44,4.15,3.84,4.94,5.45,9.85,6.28,9.41,5.74,4.65,5.40,5.63,9.70,4.92,4.63,9.36,5.24,4.19,8.76,7.43,5.04,10.54,3.80,8.99,10.05,10.60,5.71,4.71,6.96,4.61,7.21,3.98,10.46,6.58]
  │   rollout 6 | reward=1.00 | ✓succ noise‖·‖seq=[9.39,4.59,6.96,9.73,7.09,5.41,9.39,9.93,4.03,4.97,10.35,4.68,5.32,8.80,10.31,4.17,7.66,5.09,6.15,4.13,3.57,5.21,4.90,10.26,6.71,10.20,5.23,4.55,5.34,5.42,10.34,5.06,4.56,9.72,4.53,3.80,9.49,7.06,4.65,9.51,3.79,8.89,9.95,10.29,6.63,4.98,6.59,4.34,7.73,3.91,10.10,7.39]
  │   rollout 7 | reward=1.00 | ✓succ noise‖·‖seq=[8.41,4.22,7.23,9.13,7.43,5.08,9.86,8.38,3.86,4.22,9.81,4.90,4.55,8.52,9.64,4.24,7.06,5.01,5.71,3.87,3.81,4.62,5.38,10.14,6.23,9.10,5.45,4.77,4.99,5.82,9.79,4.80,4.13,9.51,4.79,3.92,9.36,6.91,4.98,10.21,3.80,8.93,10.16,10.44,6.31,5.58,7.37,4.60,7.14,3.93,10.28,7.95]
  └────────────────────────────────────────
  ┌─ Group 5 | task~group5 | SR=8/8=1.00  inject-steps=[5,4,9,5,0,2,8,0,6,8,9,2,5,9,4,4,4,1,8,4,9,7,5,2,0,6,9,3,7,0,7,1,4,9,0,4,9,5,0,7,9,8,2,7,0,6,2,2,0,2,3,3]
  │   rollout 0 | reward=1.00 | ✓succ noise‖·‖seq=[5.20,5.46,3.83,5.30,8.78,7.49,4.49,9.18,5.32,4.39,4.17,6.72,4.94,3.61,5.87,5.60,5.35,10.56,3.89,5.81,3.99,4.74,5.51,6.68,9.64,4.85,4.21,6.10,4.80,9.80,4.81,9.65,5.52,3.85,9.54,5.95,4.40,4.64,9.17,4.58,3.91,4.10,7.36,4.92,10.47,4.71,7.19,7.35,8.39,7.02,5.63,6.74]
  │   rollout 1 | reward=1.00 | ✓succ noise‖·‖seq=[4.92,5.81,4.31,4.71,9.21,7.57,4.50,9.61,4.69,4.57,3.61,6.72,4.97,3.77,5.50,5.41,5.45,9.52,4.47,5.83,3.86,4.64,5.38,7.11,9.44,4.97,3.87,5.61,4.62,9.70,4.46,9.33,5.50,4.12,9.93,5.60,4.03,5.06,9.11,4.64,3.97,4.31,7.43,4.99,8.22,4.77,7.37,7.64,8.59,6.97,5.51,5.78]
  │   rollout 2 | reward=1.00 | ✓succ noise‖·‖seq=[4.79,5.20,4.21,4.84,8.71,7.49,4.65,8.69,5.13,4.68,4.41,7.33,4.78,4.18,5.52,5.57,5.17,10.02,4.21,5.28,4.21,4.53,5.08,7.54,9.50,4.76,4.25,6.20,4.78,9.48,5.02,10.88,5.84,4.05,9.64,5.58,3.93,4.79,8.11,4.79,4.08,4.25,6.91,4.12,9.35,5.27,7.53,7.45,9.58,6.84,5.71,6.14]
  │   rollout 3 | reward=1.00 | ✓succ noise‖·‖seq=[5.30,5.61,3.90,5.14,9.57,6.94,4.65,8.41,4.52,4.25,4.02,6.81,5.12,3.66,5.58,5.81,5.14,10.79,5.13,6.09,3.88,4.88,5.25,7.06,8.55,4.92,4.15,6.03,4.51,9.29,4.55,9.39,5.52,4.03,9.58,5.37,4.26,4.72,9.11,4.62,4.29,3.96,7.15,4.74,9.26,4.43,7.55,7.43,9.54,7.26,6.25,5.83]
  │   rollout 4 | reward=1.00 | ✓succ noise‖·‖seq=[5.17,5.00,3.96,5.37,8.76,7.50,4.32,8.82,4.83,4.49,3.96,7.00,4.34,4.21,5.78,5.51,5.38,9.86,4.32,5.31,3.98,4.69,5.05,7.33,9.11,4.98,4.04,6.21,4.73,8.89,4.69,9.81,5.47,4.56,9.87,5.36,3.90,4.85,9.43,4.69,4.17,4.30,7.34,4.71,8.75,5.33,7.46,6.93,9.16,7.49,5.82,5.65]
  │   rollout 5 | reward=0.00 | ✓succ noise‖·‖seq=[4.62,5.32,3.82,5.26,8.26,6.75,4.41,9.90,4.85,4.36,4.27,7.38,5.18,4.01,5.43,5.54,5.46,10.14,4.23,6.01,4.23,4.66,4.77,7.32,8.85,4.78,3.78,6.30,4.98,9.07,4.65,9.88,5.52,4.03,9.40,5.94,4.11,4.95,9.04,4.09,3.83,4.41,6.83,4.79,10.02,5.05,6.79,7.19,8.98,6.77,5.99,6.32]
  │   rollout 6 | reward=1.00 | ✓succ noise‖·‖seq=[4.71,5.15,3.85,5.39,9.85,7.06,4.46,9.72,4.73,4.44,4.01,7.32,5.30,4.19,5.32,5.24,5.59,10.69,4.44,5.82,4.00,4.62,4.98,7.53,9.49,4.80,4.15,6.14,4.81,9.57,4.79,10.37,4.82,4.17,8.81,5.55,4.16,5.15,8.53,5.19,4.19,4.53,6.96,4.29,8.93,5.47,7.31,7.06,9.40,7.69,5.82,6.15]
  │   rollout 7 | reward=1.00 | ✓succ noise‖·‖seq=[4.61,5.27,3.88,4.97,9.26,6.85,4.84,8.78,5.06,4.53,3.88,7.08,5.20,4.39,5.76,5.74,5.66,9.26,4.54,5.55,4.08,4.46,5.57,6.95,8.91,5.03,3.98,6.10,4.25,8.34,4.72,9.75,5.29,4.12,8.92,5.72,3.92,5.06,9.56,4.85,4.25,4.53,6.91,4.49,8.93,4.86,7.16,7.17,9.65,7.34,6.09,6.09]
  └────────────────────────────────────────
  ┌─ Group 6 | task~group6 | SR=8/8=1.00  inject-steps=[5,3,1,3,2,0,3,2,9,1,8,6,0,7,2,5,8,3,2,3,0,1,9,3,4,5,4,6,1,5,3,2,5,5,1,5,0,1,6,9,3,8,5,5,0,5,9,5,5,4,9,1]
  │   rollout 0 | reward=1.00 | ✓succ noise‖·‖seq=[5.52,6.21,9.89,6.43,7.16,9.42,5.76,7.63,3.74,9.95,3.94,4.95,9.17,4.57,7.76,4.71,4.11,5.78,7.73,5.64,9.43,10.42,4.00,6.47,5.48,5.43,5.31,5.05,10.04,5.11,6.34,6.65,5.37,5.06,9.46,5.09,9.21,10.49,4.57,3.93,5.99,4.49,5.44,5.13,8.99,4.96,4.08,5.13,5.18,5.61,4.08,10.10]
  │   rollout 1 | reward=1.00 | ✓succ noise‖·‖seq=[5.06,6.17,10.67,5.86,7.26,9.46,5.76,6.33,4.35,9.62,4.47,5.26,9.06,4.51,7.16,4.99,4.41,6.50,7.36,5.95,9.35,10.26,4.14,6.08,5.41,5.03,5.38,5.24,10.19,5.05,6.20,7.20,5.20,5.22,9.87,5.16,9.02,9.81,4.97,3.70,5.90,3.95,5.10,5.00,9.22,5.30,3.79,4.95,4.90,5.67,4.26,9.28]
  │   rollout 2 | reward=1.00 | ✓succ noise‖·‖seq=[5.03,5.92,10.82,6.10,6.61,8.81,5.97,7.52,4.31,11.36,4.68,4.70,9.12,4.50,7.17,5.16,4.49,6.38,7.68,6.67,9.97,10.13,3.67,6.63,5.65,4.74,5.14,4.69,10.50,4.64,6.60,7.41,5.31,4.86,10.17,4.81,10.20,11.02,4.39,4.02,6.06,4.52,5.07,5.57,9.77,4.83,3.96,5.22,4.64,5.15,4.06,9.96]
  │   rollout 3 | reward=1.00 | ✓succ noise‖·‖seq=[5.40,6.52,10.36,5.89,7.25,9.04,6.36,6.82,4.20,9.40,4.46,4.79,9.79,4.41,7.27,5.13,4.79,5.79,6.85,5.60,9.01,10.33,4.30,6.21,5.14,5.36,5.75,4.55,10.49,5.12,6.06,6.76,5.33,5.30,9.99,5.05,8.35,10.38,4.28,4.03,6.35,4.16,5.14,4.80,9.18,5.21,4.26,4.91,5.34,5.78,3.98,10.14]
  │   rollout 4 | reward=1.00 | ✓succ noise‖·‖seq=[5.06,6.13,9.17,5.75,6.54,10.11,5.67,7.54,4.29,9.60,4.57,5.35,9.42,5.16,6.89,5.08,4.15,6.02,7.22,5.90,8.89,10.10,3.87,6.15,5.26,5.26,5.39,5.00,9.12,4.69,5.95,7.15,4.90,5.37,10.34,5.12,9.76,10.59,4.78,3.85,5.71,4.39,4.50,4.90,9.24,5.05,3.89,4.70,4.92,5.03,3.66,9.42]
  │   rollout 5 | reward=1.00 | ✓succ noise‖·‖seq=[5.32,5.65,10.59,5.98,7.11,9.14,6.17,7.35,4.20,9.99,4.23,4.94,9.73,4.68,6.97,4.90,4.63,6.13,7.64,6.17,9.23,10.44,4.08,6.01,5.37,4.96,4.94,4.82,8.98,4.95,6.33,7.67,5.35,4.55,9.35,5.18,9.06,10.87,5.03,4.21,5.88,4.66,5.32,5.73,9.31,4.71,3.83,5.39,5.03,5.64,4.24,10.06]
  │   rollout 6 | reward=1.00 | ✓succ noise‖·‖seq=[4.93,5.96,9.81,6.01,7.07,9.51,5.98,7.46,4.21,10.44,4.58,4.86,9.22,4.35,7.16,5.19,4.73,6.42,7.64,6.32,9.48,10.11,4.12,5.99,5.59,4.88,5.16,4.64,10.58,5.31,5.38,7.52,5.31,5.40,10.11,5.06,9.19,9.86,4.82,4.53,6.17,4.75,5.25,5.11,9.18,5.02,3.95,5.72,4.98,5.56,4.14,10.09]
  │   rollout 7 | reward=1.00 | ✓succ noise‖·‖seq=[4.78,6.29,9.64,5.64,7.40,8.95,6.38,6.71,3.94,9.31,4.44,4.76,8.42,4.85,6.41,4.96,4.22,5.93,7.26,6.17,10.11,10.30,3.82,5.66,5.81,5.34,5.40,4.59,9.25,5.25,6.22,6.93,5.19,4.48,9.23,5.06,9.80,10.99,4.69,3.57,5.98,4.34,5.42,4.86,9.09,5.08,3.77,5.39,4.96,5.63,3.98,10.70]
  └────────────────────────────────────────
  ┌─ Group 7 | task~group7 | SR=7/8=0.88  inject-steps=[1,8,3,3,5,7,2,1,0,8,7,5,6,1,1,6,7,5,5,6,8,8,7,5,0,1,5,2,6,7,8,0,8,9,4,3,9,7,3,1,8,5,6,3,4,2,7,5,9,5,0,0]
  │   rollout 0 | reward=1.00 | ✓succ noise‖·‖seq=[10.05,4.74,5.77,6.22,5.24,4.61,7.57,10.09,10.29,3.97,4.44,4.66,4.93,10.22,10.38,4.78,4.73,4.50,5.05,4.95,4.32,4.12,4.48,5.31,9.34,9.89,5.37,7.21,4.97,5.05,4.67,9.62,4.13,3.58,5.87,5.83,3.73,4.37,5.94,10.24,4.31,5.38,4.94,5.80,5.43,6.80,4.70,5.12,4.10,4.80,9.28,9.47]
  │   rollout 1 | reward=0.00 | ✗fail noise‖·‖seq=[9.14,4.49,5.99,5.71,4.60,4.38,6.75,10.30,8.62,4.55,4.45,5.75,5.26,10.21,10.10,4.48,4.51,5.01,5.00,4.67,4.57,4.54,4.61,4.84,8.69,9.35,4.83,7.50,4.92,4.66,4.80,9.15,4.71,4.22,5.51,6.51,4.10,4.31,6.38,9.85,4.44,5.08,4.93,6.31,5.32,7.14,4.51,5.03,3.88,5.02,9.78,9.43]
  │   rollout 2 | reward=1.00 | ✓succ noise‖·‖seq=[10.75,4.42,5.91,5.88,5.09,5.17,7.09,10.04,9.82,4.52,4.23,5.14,4.85,9.56,10.04,4.62,4.79,4.86,4.57,5.27,4.73,4.21,4.50,4.57,8.72,9.99,5.20,7.41,4.55,4.70,4.39,9.06,4.44,4.06,5.32,5.76,3.86,4.77,6.45,10.11,4.76,5.21,4.83,5.96,5.56,7.14,4.73,5.10,3.82,5.40,9.78,9.74]
  │   rollout 3 | reward=1.00 | ✓succ noise‖·‖seq=[10.07,4.40,6.26,6.60,4.91,4.54,6.88,9.49,9.50,4.52,4.38,4.94,4.91,9.99,9.85,4.95,4.67,5.27,5.51,4.65,5.11,4.33,4.62,5.08,9.13,10.83,5.05,6.93,4.86,4.96,4.38,9.40,4.46,3.83,5.21,6.24,4.12,5.18,5.65,10.18,4.17,5.48,4.68,6.28,5.64,6.30,4.81,5.16,4.10,4.90,9.00,9.21]
  │   rollout 4 | reward=1.00 | ✓succ noise‖·‖seq=[9.77,4.32,6.13,6.29,4.86,4.69,7.22,10.09,9.82,4.32,4.25,4.93,5.33,8.91,9.18,4.72,4.42,5.20,5.17,5.00,4.68,4.30,4.77,5.27,10.02,10.25,5.20,6.76,4.80,4.65,4.26,10.12,4.52,3.99,5.30,5.96,4.04,4.40,6.20,10.57,5.02,5.20,4.83,6.30,5.25,7.29,4.50,5.11,3.94,5.03,8.88,10.09]
  │   rollout 5 | reward=1.00 | ✓succ noise‖·‖seq=[9.89,4.41,6.12,6.21,5.36,4.85,7.93,10.26,8.56,4.19,5.01,5.00,4.62,10.08,10.49,4.89,4.48,4.70,5.22,4.67,4.23,4.43,4.79,4.92,9.49,9.64,4.92,7.09,4.70,4.40,4.73,9.60,4.60,3.68,5.34,5.99,3.75,4.80,5.81,8.99,4.68,5.07,4.89,6.05,5.25,6.70,4.94,5.33,4.13,5.02,10.20,8.43]
  │   rollout 6 | reward=1.00 | ✓succ noise‖·‖seq=[10.97,4.37,6.06,5.47,5.06,4.62,6.55,10.67,9.69,4.38,4.17,4.56,4.77,10.35,10.19,4.75,4.66,4.79,5.11,4.58,4.25,4.63,4.98,5.42,9.16,10.53,4.98,7.10,4.55,4.98,4.33,9.24,4.12,4.00,5.78,6.14,4.16,4.92,6.04,10.23,4.49,5.17,4.85,6.12,4.94,7.38,4.78,5.25,3.94,5.10,9.78,10.28]
  │   rollout 7 | reward=1.00 | ✓succ noise‖·‖seq=[10.14,4.04,5.99,6.17,4.92,4.66,7.17,10.69,8.41,4.41,4.55,5.15,4.64,10.14,9.09,4.88,4.62,5.04,5.66,4.99,4.71,4.76,5.10,5.46,9.48,9.86,5.23,7.53,4.84,4.50,4.50,9.35,4.01,4.09,5.60,5.66,3.84,4.49,6.16,9.86,4.43,5.01,4.95,5.65,5.31,6.70,4.95,5.03,4.20,5.02,9.52,9.25]
  └────────────────────────────────────────

==============================================================================
GLOBAL STEP 1  |  rank/shard 0  |  8 group(s) x 8 rollouts  (B=64)
  ┌─ Group 0 | task~group0 | SR=8/8=1.00  inject-steps=[3,3,3,6,6,5,7,2,1,0,7,9,2,3,3,8,3,2,2,0,4,3,4,8,3,2,0,4,5,1,3,2,1,2,9,8,1,1,6,6,9,3,8,9,2,2,2,0,5,8,9,6]
  │   rollout 0 | reward=1.00 | ✓succ noise‖·‖seq=[6.20,6.08,5.65,4.77,4.78,5.41,4.92,6.93,10.32,8.46,4.63,4.18,6.58,6.32,6.26,4.39,6.04,7.15,7.12,9.15,5.46,6.13,5.57,4.86,6.37,7.02,9.75,5.47,4.82,9.30,5.57,6.94,9.30,6.60,4.12,4.65,11.11,11.06,4.97,5.16,3.58,6.21,4.44,3.87,7.22,7.29,7.58,9.25,5.18,4.02,4.35,4.41]
  │   rollout 1 | reward=1.00 | ✓succ noise‖·‖seq=[6.25,6.36,5.75,4.52,5.00,5.17,4.31,7.16,10.39,9.45,4.73,3.92,7.20,6.17,5.67,4.43,6.34,7.39,7.11,9.74,5.11,6.11,5.55,4.93,6.06,7.06,9.76,5.57,4.94,10.85,6.61,6.97,11.03,6.98,3.77,4.52,9.23,10.04,4.79,4.62,3.87,5.70,4.75,3.89,6.96,6.86,7.13,8.85,5.05,4.37,4.10,4.84]
  │   rollout 2 | reward=1.00 | ✓succ noise‖·‖seq=[6.26,6.29,5.97,4.59,5.13,5.07,4.78,7.06,9.93,9.09,4.82,3.68,7.31,5.41,6.20,4.45,6.13,6.96,6.96,9.07,5.46,6.05,5.57,4.59,6.40,7.61,9.57,5.37,4.74,10.16,6.64,6.77,8.94,6.91,4.07,4.52,11.18,10.03,4.86,4.51,3.73,6.00,4.48,4.07,7.15,7.52,7.78,9.40,4.84,4.27,3.82,4.99]
  │   rollout 3 | reward=1.00 | ✓succ noise‖·‖seq=[5.86,6.49,6.22,4.91,4.77,5.24,4.75,6.85,10.24,10.22,4.37,4.18,6.40,6.35,5.67,4.29,5.72,6.73,6.83,10.00,5.67,6.28,5.61,4.58,5.73,7.41,8.32,5.47,5.28,10.46,6.11,7.04,10.52,7.61,4.08,4.31,9.83,9.95,5.03,5.03,4.09,6.08,4.52,4.09,7.35,6.91,6.89,8.84,4.59,4.24,3.97,4.85]
  │   rollout 4 | reward=1.00 | ✓succ noise‖·‖seq=[5.94,6.44,6.43,4.39,4.50,5.07,4.41,7.05,10.40,9.78,4.95,3.99,7.24,6.43,6.57,4.39,5.92,6.84,7.15,9.46,4.96,6.04,5.43,4.65,6.19,7.10,8.91,5.31,5.39,10.39,6.11,6.61,11.02,6.90,3.82,4.34,10.34,10.39,4.64,4.91,3.93,5.87,4.28,4.47,7.20,6.65,7.42,9.00,4.81,4.46,4.10,4.56]
  │   rollout 5 | reward=1.00 | ✓succ noise‖·‖seq=[6.02,6.74,5.82,5.03,4.98,4.99,4.87,7.23,10.48,9.53,4.52,3.67,6.75,6.12,5.77,4.48,6.25,6.93,7.02,9.20,5.52,6.28,5.53,4.15,6.36,7.12,8.99,5.42,5.09,9.91,6.03,6.98,10.18,6.67,4.26,4.42,11.15,11.27,4.94,5.15,4.03,6.21,4.74,4.00,6.94,7.33,7.00,9.66,4.96,4.23,4.33,4.42]
  │   rollout 6 | reward=1.00 | ✓succ noise‖·‖seq=[5.99,5.52,5.86,5.07,4.72,5.21,4.56,7.33,9.83,8.80,4.41,3.94,7.08,6.07,6.18,4.38,6.07,7.39,7.16,9.66,5.51,5.79,5.92,4.55,6.37,7.32,8.87,5.40,4.71,10.18,6.12,7.27,9.68,7.46,4.04,4.40,10.66,10.24,4.86,4.70,4.04,5.72,4.28,4.40,7.38,7.11,7.09,9.08,5.59,4.52,4.25,4.85]
  │   rollout 7 | reward=1.00 | ✓succ noise‖·‖seq=[6.09,6.27,6.06,5.15,4.28,5.38,4.72,7.75,10.65,9.27,4.39,4.15,6.98,6.12,5.49,4.33,6.18,7.16,8.02,8.56,5.13,5.60,5.48,4.65,5.93,7.31,9.84,5.28,4.77,9.93,5.75,6.59,9.72,7.44,4.03,4.33,9.82,10.31,5.35,4.41,3.97,6.11,4.55,4.28,7.34,7.15,6.76,9.30,4.96,4.63,4.00,5.07]
  └────────────────────────────────────────
  ┌─ Group 1 | task~group1 | SR=7/8=0.88  inject-steps=[2,0,4,7,7,2,8,2,0,5,0,4,7,8,0,6,6,3,9,7,4,4,8,6,7,1,0,6,5,3,4,1,4,4,6,8,5,5,8,9,9,7,4,7,7,3,7,2,6,2,9,8]
  │   rollout 0 | reward=1.00 | ✓succ noise‖·‖seq=[7.04,10.03,5.82,4.36,4.56,7.29,4.42,7.81,8.49,4.81,9.30,5.45,4.43,4.64,9.87,4.57,4.54,5.22,4.02,4.59,5.44,5.60,4.36,4.92,4.35,10.39,9.92,4.71,5.01,5.79,5.38,10.34,5.26,5.04,4.49,4.57,4.94,4.85,4.17,3.99,4.13,4.92,5.96,4.74,4.49,5.71,4.78,7.56,4.64,7.13,4.02,4.88]
  │   rollout 1 | reward=1.00 | ✓succ noise‖·‖seq=[6.81,9.64,5.16,4.75,4.66,7.35,4.50,7.18,9.39,5.12,8.81,5.39,4.18,4.46,9.40,4.82,5.06,5.56,4.20,4.83,5.61,5.06,4.19,4.53,4.27,10.01,9.51,4.76,5.53,6.40,5.66,9.53,5.34,5.16,4.56,4.66,4.85,5.55,4.62,4.27,3.95,4.83,5.36,4.71,4.61,6.27,4.70,7.22,4.73,7.34,4.02,4.29]
  │   rollout 2 | reward=1.00 | ✓succ noise‖·‖seq=[7.58,8.60,5.45,4.65,4.71,7.50,4.60,7.15,9.69,5.13,8.83,5.59,4.56,4.52,9.87,4.46,5.15,6.02,3.93,4.64,5.54,5.49,4.51,4.76,4.56,10.08,9.56,5.15,4.66,6.40,5.52,10.27,5.79,5.30,4.48,4.12,5.35,5.30,4.33,3.99,4.26,4.82,5.08,4.78,4.44,6.19,4.40,6.20,4.61,6.94,3.87,4.47]
  │   rollout 3 | reward=1.00 | ✓succ noise‖·‖seq=[6.67,9.20,5.80,4.64,4.44,7.01,4.43,6.42,8.48,5.48,8.98,5.66,4.75,4.49,9.23,4.65,4.86,5.53,3.86,4.36,5.44,5.48,4.62,4.80,4.57,9.98,10.10,4.60,5.57,6.01,5.31,10.05,5.69,5.46,4.99,4.62,5.07,5.03,4.57,3.74,3.76,4.56,5.89,4.86,4.57,6.28,4.43,6.98,4.29,6.55,4.28,4.39]
  │   rollout 4 | reward=1.00 | ✓succ noise‖·‖seq=[7.55,9.60,5.49,4.56,4.79,7.27,4.56,7.03,10.49,4.93,9.29,5.39,4.72,4.35,8.73,4.85,5.01,6.35,4.17,4.71,5.54,5.90,4.57,4.93,4.34,9.43,9.73,4.59,5.34,6.47,5.56,10.06,5.76,5.31,4.89,4.26,5.28,5.39,4.79,3.96,3.83,4.71,5.21,4.67,4.54,6.14,4.65,7.15,4.57,7.06,3.70,4.30]
  │   rollout 5 | reward=1.00 | ✓succ noise‖·‖seq=[7.30,9.76,5.69,4.49,4.43,7.12,4.18,6.71,10.12,4.94,9.60,5.46,4.72,3.99,9.56,5.16,5.10,5.87,3.81,4.10,5.33,5.13,4.17,4.67,4.40,9.97,9.88,5.04,5.09,6.29,4.94,9.37,5.22,5.78,4.58,4.75,4.99,4.92,4.75,4.10,4.08,4.55,5.11,4.48,4.34,5.92,4.74,7.75,4.88,7.04,4.04,4.14]
  │   rollout 6 | reward=0.00 | ✗fail noise‖·‖seq=[7.11,9.05,5.31,4.67,4.49,7.07,4.11,7.23,9.40,5.20,9.37,5.35,4.66,4.37,8.94,5.08,4.80,5.97,4.16,4.86,5.28,5.06,4.11,4.88,4.51,10.68,9.12,5.00,5.00,6.41,5.62,9.61,5.96,5.35,4.87,4.85,5.28,5.32,4.89,3.76,3.84,4.79,5.52,4.46,4.42,6.71,4.75,6.57,5.00,7.25,4.25,4.23]
  │   rollout 7 | reward=1.00 | ✓succ noise‖·‖seq=[7.67,9.51,5.08,5.01,4.67,6.87,4.73,6.46,9.25,5.47,9.05,5.47,4.30,4.50,8.70,4.97,4.86,6.31,4.28,4.76,5.60,5.83,4.11,4.68,4.42,10.58,8.98,4.76,5.01,5.86,5.44,10.75,5.88,6.06,4.78,4.43,5.07,5.50,4.83,3.72,3.90,4.44,4.98,4.37,4.75,6.68,4.33,6.78,4.83,6.71,3.83,4.09]
  └────────────────────────────────────────
  ┌─ Group 2 | task~group2 | SR=7/8=0.88  inject-steps=[8,6,1,8,9,9,1,3,4,1,5,4,9,7,1,2,7,4,5,7,9,4,7,3,8,2,3,9,2,1,2,0,9,6,4,3,0,4,8,9,7,0,2,9,2,6,2,3,4,6,7,4]
  │   rollout 0 | reward=1.00 | ✓succ noise‖·‖seq=[4.23,4.52,9.68,4.56,3.75,4.23,10.39,6.13,5.51,10.17,4.51,5.62,4.06,4.92,10.10,7.57,4.50,5.66,5.00,4.58,4.36,5.72,4.62,6.09,4.64,7.35,6.49,3.51,7.30,10.87,6.52,9.56,3.88,4.94,5.68,5.83,8.89,5.12,4.50,4.21,4.66,9.29,7.42,4.17,6.58,4.38,8.11,6.19,5.13,4.97,4.59,5.14]
  │   rollout 1 | reward=0.00 | ✗fail noise‖·‖seq=[4.56,4.50,9.19,4.76,4.07,3.99,10.23,6.00,5.62,10.71,4.78,5.54,4.04,4.49,10.44,7.11,4.32,5.85,4.84,4.34,3.99,5.17,5.27,6.61,4.22,7.78,6.38,4.11,7.17,9.80,7.08,9.26,3.89,4.75,5.73,6.12,9.69,5.21,4.31,4.08,4.66,8.68,6.98,3.69,7.25,4.61,7.72,6.21,6.30,4.58,4.53,5.85]
  │   rollout 2 | reward=0.00 | ✓succ noise‖·‖seq=[4.43,4.87,10.00,4.39,4.07,4.05,10.52,6.33,5.72,9.77,5.42,5.21,3.99,4.53,9.80,7.31,4.46,5.22,5.23,4.42,4.04,5.12,4.52,5.69,4.33,7.19,6.30,4.05,7.38,9.70,7.11,9.01,3.99,4.60,6.20,5.47,9.58,5.36,4.46,4.03,4.97,9.13,7.18,4.13,7.06,5.23,7.32,6.56,5.20,4.78,5.01,5.02]
  │   rollout 3 | reward=1.00 | ✓succ noise‖·‖seq=[4.30,4.47,9.84,4.33,3.84,4.23,9.84,6.20,5.61,9.67,5.08,5.34,3.96,5.13,9.68,7.57,4.29,6.22,5.36,4.62,3.46,5.62,4.80,5.95,4.58,7.39,5.88,4.11,7.11,10.00,7.69,9.34,4.10,4.73,5.43,6.19,9.34,5.46,4.44,4.04,4.55,8.92,7.20,3.91,7.58,4.98,6.91,6.45,5.36,4.66,4.89,5.56]
  │   rollout 4 | reward=0.00 | ✓succ noise‖·‖seq=[4.40,5.01,10.21,4.69,4.07,4.19,10.64,5.98,5.41,10.47,4.95,5.12,3.83,5.01,9.87,7.68,4.63,5.53,4.76,4.80,3.95,5.40,4.06,6.31,4.38,7.78,5.79,3.87,6.81,10.72,7.65,8.98,4.08,5.12,5.52,6.09,10.09,5.73,4.37,3.85,4.49,9.01,6.86,4.04,7.00,5.13,7.31,6.78,6.09,4.57,4.30,6.38]
  │   rollout 5 | reward=0.00 | ✓succ noise‖·‖seq=[3.87,5.03,9.97,4.38,3.89,4.19,10.88,6.46,5.57,11.05,4.95,5.90,4.11,4.71,9.48,7.35,4.71,5.37,5.27,4.32,3.91,5.71,4.38,6.53,4.46,6.95,6.11,4.20,7.39,9.21,7.39,9.50,3.85,4.60,5.53,5.27,9.06,5.43,4.72,4.13,4.61,10.18,6.91,4.40,7.16,5.20,7.14,6.29,5.63,4.95,4.21,5.67]
  │   rollout 6 | reward=1.00 | ✓succ noise‖·‖seq=[4.32,4.82,10.03,4.70,4.04,4.07,9.76,6.53,5.98,10.22,4.86,5.30,4.06,4.43,9.31,6.58,4.84,6.03,4.94,4.63,3.81,5.17,4.46,6.22,4.54,7.80,6.14,3.81,6.93,9.98,7.13,9.20,4.20,4.64,5.47,6.01,9.98,5.69,4.23,3.79,4.72,9.33,7.19,3.91,7.22,5.15,7.49,5.87,5.31,4.79,4.91,5.61]
  │   rollout 7 | reward=0.00 | ✓succ noise‖·‖seq=[4.50,5.19,10.54,4.40,4.02,4.00,9.29,5.67,5.56,10.32,4.76,5.33,4.21,4.75,10.16,7.06,4.84,5.65,4.96,4.88,4.11,5.76,4.89,5.56,4.53,7.36,5.90,4.03,7.27,10.56,6.63,9.16,4.09,4.80,5.43,6.63,9.30,5.08,4.25,3.80,4.55,8.67,7.64,3.89,7.26,4.76,7.04,6.15,5.47,4.97,4.53,5.14]
  └────────────────────────────────────────
  ┌─ Group 3 | task~group3 | SR=6/8=0.75  inject-steps=[6,6,2,6,8,5,4,2,8,2,5,9,3,6,4,0,4,0,6,5,8,0,4,1,3,7,6,7,6,2,3,4,0,0,2,4,2,9,5,2,1,8,5,2,2,5,2,0,1,8,1,9]
  │   rollout 0 | reward=0.00 | ✗fail noise‖·‖seq=[5.16,4.78,6.88,4.29,4.80,5.15,5.47,7.08,4.54,7.64,5.54,4.04,5.94,4.60,5.20,9.14,5.42,9.52,4.76,5.11,4.36,9.66,5.30,9.31,5.83,4.57,4.96,5.02,4.91,6.54,5.68,5.78,9.11,9.03,7.11,5.79,7.73,4.02,5.03,7.93,10.72,4.68,5.42,6.14,6.45,4.72,6.45,8.82,10.03,4.35,10.68,3.99]
  │   rollout 1 | reward=1.00 | ✓succ noise‖·‖seq=[5.13,4.95,7.03,4.65,4.29,4.80,5.82,6.60,4.09,6.57,5.25,3.99,6.22,4.81,5.51,8.99,5.13,8.42,5.17,4.99,4.30,8.04,4.83,10.32,5.96,4.40,4.80,4.26,5.10,7.30,6.18,5.74,9.53,8.51,7.18,5.56,7.44,3.84,4.57,7.44,9.85,4.65,5.33,7.16,7.58,4.83,7.28,9.16,10.23,4.55,10.09,3.99]
  │   rollout 2 | reward=1.00 | ✓succ noise‖·‖seq=[4.65,4.89,7.61,4.59,4.45,5.23,5.53,7.48,4.56,7.60,5.33,4.14,6.33,4.70,5.07,9.01,4.97,9.69,4.36,4.91,4.47,9.25,4.97,10.33,5.95,4.71,5.22,4.42,4.61,7.39,6.18,5.44,9.65,9.87,7.13,5.18,6.76,4.32,5.23,6.79,10.64,4.20,4.71,7.11,6.63,4.80,7.11,9.81,10.01,4.54,9.63,3.95]
  │   rollout 3 | reward=0.00 | ✗fail noise‖·‖seq=[4.66,5.14,7.51,5.45,4.32,4.95,5.52,6.67,4.49,7.16,5.05,4.35,6.38,4.72,5.16,9.59,6.12,9.33,4.88,4.90,4.55,8.10,5.52,10.03,5.59,4.92,4.45,4.76,4.71,7.65,6.55,5.21,9.27,9.58,7.22,5.72,6.76,3.96,5.04,7.80,9.60,4.46,4.87,7.18,7.33,5.27,7.47,9.49,9.84,4.59,10.02,4.01]
  │   rollout 4 | reward=1.00 | ✓succ noise‖·‖seq=[4.95,4.80,7.64,5.07,4.24,5.21,5.62,6.97,4.65,6.21,5.21,3.91,6.33,4.92,5.23,8.97,5.92,9.68,4.62,5.42,4.76,9.38,5.20,9.78,5.89,4.56,4.95,4.56,4.54,6.90,5.74,5.58,9.19,9.33,7.23,5.40,6.89,3.87,5.17,7.66,9.36,4.43,5.44,6.86,7.08,5.29,7.15,9.92,10.32,4.33,9.99,4.02]
  │   rollout 5 | reward=1.00 | ✓succ noise‖·‖seq=[4.69,4.72,6.92,5.20,4.20,5.09,5.78,7.52,4.34,6.91,4.72,4.17,5.85,4.93,5.07,9.19,5.08,8.55,4.68,5.08,4.64,9.33,5.88,9.19,6.02,4.73,5.06,4.63,5.07,7.70,5.87,5.06,9.09,9.40,7.31,5.90,6.42,4.25,5.27,7.61,10.36,4.09,5.05,7.46,7.41,5.18,7.00,9.23,10.29,4.56,9.94,4.03]
  │   rollout 6 | reward=1.00 | ✓succ noise‖·‖seq=[4.50,4.90,7.10,4.26,4.33,4.50,5.23,6.89,4.45,7.24,4.54,4.41,6.22,4.82,5.74,8.73,5.58,9.44,4.77,4.98,4.38,9.01,5.76,9.64,6.07,4.29,5.02,4.58,5.08,6.86,6.36,5.76,9.20,8.56,7.27,5.10,6.40,3.93,4.92,7.22,10.73,4.53,4.60,7.08,7.04,5.17,7.56,10.04,10.31,4.56,9.31,4.13]
  │   rollout 7 | reward=1.00 | ✓succ noise‖·‖seq=[4.91,4.94,7.28,5.07,4.26,5.11,5.35,7.05,4.23,6.88,5.20,3.83,5.68,4.87,5.52,9.17,5.36,9.27,4.33,5.05,4.37,8.85,5.61,10.30,5.97,4.67,4.95,4.32,4.84,7.16,6.24,5.49,9.54,8.93,7.43,5.76,6.66,4.08,4.99,7.01,9.51,4.87,5.37,7.88,7.22,5.38,7.14,8.08,10.14,4.38,9.62,3.72]
  └────────────────────────────────────────
  ┌─ Group 4 | task~group4 | SR=8/8=1.00  inject-steps=[1,3,1,6,1,6,7,9,0,1,2,3,6,8,2,9,5,8,6,1,1,4,1,1,6,2,3,8,1,7,5,0,5,4,5,7,3,8,4,6,3,1,4,4,7,6,6,8,0,8,2,3]
  │   rollout 0 | reward=0.00 | ✓succ noise‖·‖seq=[9.99,6.44,9.88,4.77,9.94,4.45,4.39,3.86,9.87,10.01,6.57,6.28,4.77,4.65,6.37,3.73,4.73,4.48,5.01,10.52,9.28,5.98,10.53,10.73,4.70,6.96,6.11,4.74,10.26,4.88,5.16,8.99,5.49,5.25,4.92,4.72,6.39,4.20,5.08,4.66,5.86,11.19,5.18,5.31,4.69,5.06,4.76,4.48,8.66,4.34,7.46,5.47]
  │   rollout 1 | reward=1.00 | ✓succ noise‖·‖seq=[10.13,6.23,9.82,4.91,9.86,4.58,4.50,3.88,9.97,9.88,6.78,6.04,4.99,4.45,7.51,4.02,5.18,4.23,5.05,10.16,9.65,5.82,9.45,10.36,5.18,6.69,5.94,4.20,10.55,4.41,5.43,8.97,5.31,5.73,4.69,4.54,6.28,4.29,5.20,4.61,5.88,10.82,5.43,5.69,4.56,4.71,4.68,4.62,9.32,4.48,6.82,5.89]
  │   rollout 2 | reward=1.00 | ✓succ noise‖·‖seq=[10.91,6.20,9.66,4.57,10.21,5.17,4.67,3.91,9.67,10.73,6.59,5.56,5.29,4.61,7.94,3.78,5.13,4.67,4.89,9.43,9.72,4.92,9.55,9.70,4.75,7.30,5.70,4.14,9.92,4.63,5.34,9.58,4.46,5.41,5.48,4.62,6.06,4.46,5.47,5.36,5.74,9.26,5.64,5.18,4.61,4.78,4.86,4.06,9.43,4.27,7.57,6.08]
  │   rollout 3 | reward=0.00 | ✓succ noise‖·‖seq=[9.72,5.95,9.98,4.76,10.59,4.45,4.94,4.33,10.14,9.50,6.78,5.92,5.50,4.66,6.81,3.98,5.33,4.65,5.17,9.89,10.26,5.50,10.45,9.36,5.26,6.84,6.12,4.51,10.00,4.65,5.11,8.59,4.29,5.63,4.85,4.59,6.01,4.33,5.65,5.17,5.63,9.91,5.27,5.08,4.40,4.63,4.97,4.77,9.27,4.37,6.76,6.48]
  │   rollout 4 | reward=0.00 | ✓succ noise‖·‖seq=[11.00,6.19,9.23,5.22,10.20,5.00,4.27,3.53,9.39,9.48,6.34,5.92,5.16,4.50,7.18,3.90,5.24,4.10,5.11,9.60,9.54,5.84,10.94,10.95,4.79,6.99,5.94,4.50,10.05,4.93,5.14,8.16,4.67,5.47,5.41,4.95,5.78,4.16,5.21,4.57,5.88,10.71,5.39,4.84,4.77,4.71,4.88,4.21,9.00,4.34,6.69,5.84]
  │   rollout 5 | reward=0.00 | ✓succ noise‖·‖seq=[9.42,5.99,9.50,4.77,10.31,4.60,4.43,3.80,9.28,9.24,7.18,6.17,4.63,4.73,7.04,4.00,5.21,4.49,4.77,9.59,9.72,5.05,10.02,9.20,4.87,6.81,6.28,4.28,9.73,4.28,4.83,10.27,4.85,5.45,4.93,4.46,5.73,4.53,5.57,4.64,6.17,10.07,5.37,5.25,4.57,4.72,4.91,4.75,9.38,4.26,7.00,6.02]
  │   rollout 6 | reward=0.00 | ✓succ noise‖·‖seq=[10.24,5.73,10.36,4.67,10.66,4.71,4.80,3.72,9.08,10.30,6.85,5.99,4.89,3.74,6.98,3.82,5.41,4.27,5.10,8.85,9.51,5.61,9.78,10.42,5.40,7.27,6.03,4.20,10.60,4.53,4.75,9.84,4.68,5.55,5.30,4.62,6.33,4.20,5.37,5.39,5.90,10.35,5.44,5.23,4.69,5.32,4.62,4.69,8.63,4.56,7.29,5.90]
  │   rollout 7 | reward=1.00 | ✓succ noise‖·‖seq=[10.42,6.03,10.38,4.59,10.80,4.63,4.36,3.77,8.62,10.03,7.36,6.39,4.66,4.26,6.48,3.82,4.96,4.61,5.17,9.88,11.29,5.25,10.98,11.10,4.87,7.08,5.84,3.83,10.79,4.47,5.31,9.74,5.40,5.68,4.88,4.64,5.63,4.82,5.94,4.89,6.53,10.62,5.21,5.10,4.59,4.50,4.64,4.40,9.21,4.19,6.65,6.20]
  └────────────────────────────────────────
  ┌─ Group 5 | task~group5 | SR=7/8=0.88  inject-steps=[5,2,3,2,0,4,0,9,6,8,6,5,1,3,3,2,0,0,3,2,4,2,2,9,5,9,8,4,7,9,4,7,6,9,4,4,5,3,3,0,5,3,7,4,0,9,7,1,6,9,6,6]
  │   rollout 0 | reward=1.00 | ✓succ noise‖·‖seq=[4.82,7.38,6.06,6.60,9.67,5.30,9.30,4.05,4.53,4.40,4.81,4.84,10.82,5.49,6.43,6.94,9.52,8.52,5.74,8.29,6.00,7.47,7.15,4.08,5.29,3.87,3.87,5.30,4.63,3.92,4.97,4.43,4.78,4.10,5.37,5.23,5.52,6.23,6.11,8.79,5.43,6.10,4.79,5.43,9.38,3.91,4.38,10.10,5.02,3.66,4.94,4.74]
  │   rollout 1 | reward=1.00 | ✓succ noise‖·‖seq=[4.83,6.90,5.78,7.31,8.43,5.17,9.91,3.83,4.45,4.69,4.93,5.13,9.43,5.91,5.63,7.23,8.03,9.59,6.34,7.28,5.31,7.32,7.39,4.15,5.35,4.12,4.19,5.38,4.28,4.08,5.22,4.72,4.49,4.19,6.04,5.26,4.80,5.77,6.08,9.87,5.19,6.11,4.37,5.55,9.62,4.10,4.23,8.94,4.57,3.78,5.25,4.57]
  │   rollout 2 | reward=1.00 | ✓succ noise‖·‖seq=[5.24,6.86,5.60,7.19,8.92,5.37,8.92,3.98,4.78,4.46,4.79,5.15,10.30,6.71,5.95,6.84,9.07,9.04,5.91,7.14,5.46,6.42,6.81,4.12,5.11,3.88,4.26,4.85,4.45,4.19,5.43,4.70,5.03,4.26,5.60,5.24,5.02,6.31,6.00,8.77,4.93,6.19,4.65,5.43,9.73,4.24,4.76,9.61,5.33,4.09,4.94,4.78]
  │   rollout 3 | reward=1.00 | ✓succ noise‖·‖seq=[4.83,6.90,6.41,7.11,9.66,5.15,9.50,3.75,4.45,4.38,4.68,5.17,10.33,5.90,5.80,6.91,9.03,8.61,6.27,7.22,5.64,7.23,7.24,3.93,4.89,4.38,4.54,5.59,4.86,3.80,5.54,4.72,4.83,4.22,5.01,5.20,4.75,6.52,5.32,9.16,4.67,6.00,4.67,5.66,8.69,4.11,4.75,10.07,4.96,3.94,4.99,4.96]
  │   rollout 4 | reward=1.00 | ✓succ noise‖·‖seq=[5.19,7.29,5.91,7.34,9.07,5.57,9.25,4.02,4.98,4.44,4.89,5.02,9.52,6.23,6.21,7.28,9.28,9.17,6.06,6.74,5.51,7.09,7.64,4.01,4.72,3.61,4.35,5.35,4.86,3.84,5.41,4.88,4.49,4.15,5.53,5.18,5.09,5.92,5.82,9.30,4.94,6.24,4.68,5.62,8.87,3.82,4.34,9.96,4.63,4.22,4.74,4.98]
  │   rollout 5 | reward=1.00 | ✓succ noise‖·‖seq=[5.20,6.77,6.31,7.05,8.93,5.22,8.99,3.92,4.80,4.30,4.54,5.16,10.06,6.01,6.09,6.75,9.37,9.56,5.83,8.12,5.53,7.74,6.66,4.26,5.67,4.12,4.19,5.32,4.73,4.04,5.23,4.78,5.05,4.07,5.72,5.19,5.46,6.08,6.09,9.08,5.19,6.07,4.75,5.59,9.44,4.18,4.62,9.81,4.80,4.19,4.51,4.75]
  │   rollout 6 | reward=0.00 | ✗fail noise‖·‖seq=[4.74,7.47,6.00,7.02,9.64,5.54,9.42,4.11,4.40,4.29,4.95,5.37,10.89,6.68,6.46,6.82,8.72,9.53,5.43,7.26,5.23,7.42,7.40,4.23,5.06,3.84,4.51,5.65,4.65,4.07,5.47,4.42,4.91,3.99,5.74,5.43,4.67,5.69,6.31,9.92,4.93,5.73,4.58,5.61,9.06,3.87,4.55,8.64,4.72,4.03,5.06,5.03]
  │   rollout 7 | reward=1.00 | ✓succ noise‖·‖seq=[4.89,6.86,6.13,6.56,9.66,5.84,8.73,4.28,4.73,4.73,4.73,5.14,9.70,6.23,6.16,7.46,9.81,9.02,6.09,7.13,5.76,7.21,7.18,3.85,5.00,4.28,4.32,5.58,4.48,4.33,5.26,4.72,5.19,4.26,5.68,5.30,4.83,5.95,5.88,9.71,5.11,5.59,4.39,5.44,9.17,3.70,4.44,9.71,4.81,3.94,5.13,5.15]
  └────────────────────────────────────────
  ┌─ Group 6 | task~group6 | SR=3/8=0.38  inject-steps=[4,9,9,1,7,6,0,0,2,0,3,7,1,3,6,9,8,0,6,6,3,0,8,8,5,5,4,1,4,7,4,4,0,7,4,9,8,5,9,7,8,0,7,2,0,5,2,7,4,8,8,2]
  │   rollout 0 | reward=0.00 | ✗fail noise‖·‖seq=[5.79,4.15,3.97,10.20,4.63,5.07,8.60,9.39,7.33,9.27,6.32,4.80,9.95,5.73,4.92,3.93,4.31,9.44,4.70,4.83,5.83,8.87,4.45,4.69,4.90,5.09,6.08,11.34,5.54,4.79,5.52,5.17,8.62,4.71,5.54,3.97,4.66,5.39,4.10,4.76,4.66,9.17,4.71,7.46,9.21,5.07,7.02,4.58,5.58,4.14,4.24,7.17]
  │   rollout 1 | reward=0.00 | ✗fail noise‖·‖seq=[5.51,4.17,4.05,10.50,4.23,5.32,9.65,9.00,6.78,8.54,5.85,4.97,10.24,5.81,4.77,4.05,4.48,9.42,4.97,4.81,6.16,9.16,4.69,4.83,5.18,4.99,5.32,9.11,5.42,4.98,5.36,5.17,9.54,5.01,5.36,4.37,4.26,5.23,3.92,4.83,4.74,9.30,4.95,6.90,9.23,4.96,7.26,4.86,5.29,4.39,4.31,7.21]
  │   rollout 2 | reward=1.00 | ✓succ noise‖·‖seq=[5.56,4.20,4.15,9.96,4.35,4.93,9.27,9.16,6.86,9.15,5.71,4.46,9.92,5.98,4.69,3.82,4.62,9.31,4.68,4.96,6.02,9.30,4.39,4.41,5.14,4.90,5.27,11.34,5.61,4.80,5.43,5.58,9.09,4.53,5.82,4.12,4.52,5.17,3.72,4.58,4.45,9.59,4.83,7.15,9.23,5.05,7.54,4.96,5.31,4.37,4.28,7.30]
  │   rollout 3 | reward=0.00 | ✗fail noise‖·‖seq=[5.41,3.93,4.06,9.88,4.69,4.96,8.69,9.42,6.64,9.16,6.06,4.78,10.35,6.08,4.95,4.05,4.23,9.00,4.72,4.55,6.16,8.89,4.49,4.36,5.32,4.82,5.42,9.64,5.78,4.74,5.80,5.56,9.00,4.64,5.18,4.37,4.17,4.70,4.09,4.29,4.47,9.43,4.83,7.10,9.44,4.95,7.28,4.69,5.15,4.53,4.44,7.10]
  │   rollout 4 | reward=0.00 | ✗fail noise‖·‖seq=[5.32,4.20,3.93,10.61,4.63,4.80,8.94,10.06,7.28,9.33,6.43,4.62,10.41,6.02,4.63,3.62,4.51,9.70,4.90,5.18,6.26,8.47,4.43,3.86,5.07,5.30,5.71,10.77,5.12,4.96,4.87,5.18,9.40,4.59,5.67,4.34,4.46,4.88,3.64,4.54,4.79,9.72,4.57,7.32,9.68,5.57,7.24,4.70,5.45,4.36,4.34,7.49]
  │   rollout 5 | reward=0.00 | ✗fail noise‖·‖seq=[5.13,4.12,3.85,10.62,5.02,4.79,8.80,9.58,6.69,9.02,6.11,4.74,10.56,6.22,5.18,3.99,3.99,9.50,4.59,4.80,6.48,9.21,4.61,4.61,4.96,5.06,5.11,10.54,5.25,4.76,5.28,5.03,9.14,4.28,5.06,4.17,4.12,5.23,3.70,4.53,4.47,9.59,4.57,7.11,9.56,5.04,6.84,4.87,5.70,4.37,4.43,7.24]
  │   rollout 6 | reward=1.00 | ✓succ noise‖·‖seq=[5.39,3.86,3.88,9.51,4.33,5.25,9.28,8.73,7.07,9.53,6.17,4.26,9.30,6.36,4.62,4.27,4.23,8.94,4.57,5.00,5.49,9.11,4.34,4.73,4.89,4.86,5.84,9.16,5.22,4.72,5.31,5.98,9.55,4.58,6.07,3.75,4.69,4.65,4.06,4.36,4.55,9.09,4.61,6.45,8.91,5.26,7.11,5.00,5.28,4.23,4.42,7.43]
  │   rollout 7 | reward=1.00 | ✓succ noise‖·‖seq=[5.53,3.80,3.67,9.65,4.57,4.31,9.70,9.91,6.96,9.36,6.10,4.63,9.48,6.27,4.45,4.09,4.37,9.64,4.84,4.73,6.35,8.98,4.31,4.81,4.98,4.90,5.22,10.12,5.79,4.38,5.44,5.51,9.24,4.43,5.36,4.00,4.58,4.59,4.08,4.42,4.20,9.28,4.48,7.51,9.32,5.21,6.98,4.82,5.14,4.28,4.70,7.21]
  └────────────────────────────────────────
  ┌─ Group 7 | task~group7 | SR=8/8=1.00  inject-steps=[4,0,4,3,2,0,3,5,6,1,4,1,8,0,8,8,3,3,9,5,3,4,8,9,1,3,5,2,1,9,7,7,2,0,1,7,0,7,9,7,2,2,9,0,7,0,5,0,9,7,7,7]
  │   rollout 0 | reward=1.00 | ✓succ noise‖·‖seq=[5.69,9.41,5.46,5.59,6.92,9.89,6.22,5.31,5.02,9.45,5.60,10.49,4.78,8.87,4.80,4.70,6.19,6.36,4.16,4.80,6.46,5.06,4.28,4.21,9.65,6.62,5.21,6.88,10.68,3.75,4.91,4.99,6.88,9.56,10.38,4.92,8.36,4.39,3.88,4.29,7.06,7.41,4.41,10.15,4.69,9.52,5.43,9.48,4.02,4.78,4.54,4.63]
  │   rollout 1 | reward=1.00 | ✓succ noise‖·‖seq=[5.47,9.32,4.94,6.12,7.54,9.57,6.41,5.22,4.60,10.34,5.69,10.52,4.67,9.42,4.67,4.42,6.44,5.70,4.23,4.67,6.03,5.17,4.33,4.12,8.76,5.83,5.39,6.87,10.33,4.08,4.93,4.78,7.37,9.29,10.15,4.39,9.65,4.58,4.34,4.32,7.22,7.54,4.37,9.39,4.43,9.16,5.08,9.29,4.35,4.32,5.00,4.26]
  │   rollout 2 | reward=1.00 | ✓succ noise‖·‖seq=[5.40,9.67,5.53,5.90,7.29,9.75,5.71,4.95,4.90,10.29,5.41,9.72,4.55,9.38,4.53,4.26,5.79,5.60,3.72,5.50,5.96,5.52,4.43,3.85,10.20,6.35,5.04,7.26,10.28,3.84,4.60,4.70,7.20,9.65,9.60,4.57,9.95,4.54,4.01,4.39,7.04,7.11,4.28,9.37,4.58,9.38,5.03,9.14,3.89,4.51,4.62,4.79]
  │   rollout 3 | reward=1.00 | ✓succ noise‖·‖seq=[5.57,9.39,5.41,6.74,6.94,9.40,5.47,4.99,4.86,10.05,5.17,10.91,4.71,9.36,4.20,4.05,5.71,6.22,4.11,5.31,6.06,5.38,4.39,4.12,10.07,5.88,4.56,7.32,10.23,3.98,4.95,4.63,6.84,8.34,9.92,4.46,8.48,4.80,3.90,4.75,7.13,6.93,3.95,9.39,4.81,9.65,4.88,8.77,4.03,4.55,4.35,4.52]
  │   rollout 4 | reward=1.00 | ✓succ noise‖·‖seq=[5.38,9.50,5.65,6.07,7.43,9.57,5.89,5.30,4.92,10.33,5.87,10.19,4.71,9.08,4.60,4.53,5.96,5.71,4.00,4.88,5.96,5.69,4.49,3.85,9.73,5.98,5.43,7.44,10.12,4.00,4.68,4.25,6.59,9.45,10.80,4.75,9.92,4.66,4.21,4.59,6.79,6.60,3.68,9.22,4.54,8.97,5.66,9.76,4.11,4.41,4.70,4.71]
  │   rollout 5 | reward=1.00 | ✓succ noise‖·‖seq=[5.31,9.37,5.40,6.43,6.48,9.83,5.95,5.06,4.52,9.80,5.27,10.50,4.77,9.13,4.50,4.34,6.37,6.09,3.70,5.36,6.34,5.58,4.40,4.13,10.11,5.98,5.02,7.13,9.53,4.22,4.69,4.67,7.74,9.76,9.63,4.63,9.29,4.85,3.85,4.76,7.35,7.06,4.02,9.69,5.02,10.24,4.94,9.60,4.07,4.64,4.76,4.40]
  │   rollout 6 | reward=1.00 | ✓succ noise‖·‖seq=[5.70,8.46,5.59,6.05,6.91,9.39,6.14,5.41,4.62,10.29,5.26,10.97,4.15,10.09,4.72,4.78,6.22,5.87,4.36,5.04,6.52,5.62,4.42,4.07,9.80,6.39,5.18,7.00,9.78,4.04,4.71,4.59,7.22,9.83,10.32,4.81,9.33,4.33,3.72,4.46,6.99,7.29,3.91,8.25,4.67,8.51,4.88,9.89,4.18,4.67,4.48,4.75]
  │   rollout 7 | reward=1.00 | ✓succ noise‖·‖seq=[5.85,9.39,5.33,6.42,7.26,9.20,6.32,4.75,5.13,11.04,5.16,10.10,4.17,9.62,4.12,4.41,5.83,6.44,4.14,5.01,6.24,5.13,4.48,3.86,10.51,6.39,5.10,6.70,9.41,3.97,4.92,4.76,7.48,8.41,10.47,4.88,9.51,4.60,4.29,4.89,6.80,6.66,3.81,9.27,5.10,8.89,4.68,9.52,3.68,4.61,4.41,4.92]
  └────────────────────────────────────────

==============================================================================
GLOBAL STEP 2  |  rank/shard 0  |  8 group(s) x 8 rollouts  (B=64)
  ┌─ Group 0 | task~group0 | SR=6/8=0.75  inject-steps=[3,1,3,2,6,8,7,4,1,4,3,6,7,8,5,2,7,0,2,8,2,8,5,8,4,1,3,6,5,4,1,3,4,4,6,0,1,4,8,9,7,9,8,8,9,3,8,4,3,5,1,3]
  │   rollout 0 | reward=1.00 | ✓succ noise‖·‖seq=[5.50,10.00,5.88,7.20,5.07,4.38,4.20,5.26,10.62,5.59,5.88,4.91,4.35,4.36,5.26,6.87,4.60,9.48,7.85,4.29,6.96,4.58,5.28,4.60,5.94,10.05,6.24,4.94,5.09,5.30,10.83,6.43,5.15,5.42,5.16,9.20,9.88,5.07,4.35,4.05,5.01,4.19,4.32,4.58,3.85,6.02,4.61,5.71,6.36,4.63,10.51,6.34]
  │   rollout 1 | reward=1.00 | ✓succ noise‖·‖seq=[5.94,9.71,5.88,7.41,4.61,4.45,4.45,5.42,10.79,5.96,5.71,5.54,4.91,4.53,4.97,7.13,4.32,8.96,7.35,4.62,7.42,4.63,4.98,4.47,5.17,10.53,5.83,4.61,4.88,4.97,9.93,5.81,5.26,5.96,4.77,9.69,9.04,5.44,4.08,3.86,4.63,3.98,4.35,4.63,4.07,6.46,4.70,5.59,5.59,4.32,9.84,5.87]
  │   rollout 2 | reward=0.00 | ✗fail noise‖·‖seq=[6.01,9.84,5.80,7.20,5.00,4.55,4.73,5.18,10.37,5.24,5.84,4.61,4.54,4.84,5.05,7.26,4.78,8.78,7.18,4.19,6.87,4.54,4.87,4.38,5.37,9.94,5.77,4.70,5.14,5.99,9.84,6.05,5.13,5.67,4.77,8.80,10.49,5.13,4.19,4.22,4.31,4.09,4.31,4.44,3.89,5.65,4.36,5.66,6.35,5.06,10.60,5.94]
  │   rollout 3 | reward=1.00 | ✓succ noise‖·‖seq=[5.52,8.95,6.15,6.66,5.14,4.47,4.85,5.46,10.76,5.11,5.94,5.01,4.51,4.33,5.13,7.32,4.79,9.16,7.06,4.36,7.08,4.50,4.68,4.45,5.13,9.87,5.86,4.83,4.57,5.41,10.32,6.41,5.67,5.41,4.80,8.75,10.70,5.28,4.35,3.76,4.52,4.39,4.74,4.76,4.21,5.53,4.24,5.96,6.08,5.22,9.89,5.60]
  │   rollout 4 | reward=1.00 | ✓succ noise‖·‖seq=[6.23,9.36,6.01,6.58,4.88,4.49,4.78,5.77,10.07,5.49,6.46,4.80,4.81,4.71,5.12,7.26,4.77,9.10,6.90,4.42,7.20,4.30,5.34,4.61,5.52,10.42,5.93,4.66,5.46,5.59,10.00,6.20,5.38,5.35,4.73,9.26,9.29,6.10,4.12,3.73,4.17,3.75,4.77,4.52,3.91,5.76,4.21,5.06,5.82,5.39,9.80,6.33]
  │   rollout 5 | reward=0.00 | ✗fail noise‖·‖seq=[6.34,10.51,6.40,7.51,4.88,4.17,5.05,5.44,9.00,5.84,5.87,5.14,5.02,4.38,5.06,7.48,4.79,9.65,7.23,4.47,7.28,4.55,4.76,4.34,5.64,9.98,5.71,5.11,4.59,5.54,9.60,6.53,5.64,5.45,4.70,8.73,9.60,5.18,4.52,3.85,4.91,4.23,4.68,4.28,3.98,6.06,4.64,5.32,6.18,4.78,9.31,6.09]
  │   rollout 6 | reward=1.00 | ✓succ noise‖·‖seq=[5.91,9.79,6.61,7.64,4.61,4.71,4.49,5.51,10.18,5.37,6.09,4.69,4.77,4.56,5.23,7.14,4.33,10.01,7.03,4.72,6.63,4.44,5.25,4.69,5.90,9.60,5.83,4.40,4.99,5.59,10.19,6.22,5.38,5.11,5.16,9.66,10.92,4.89,4.21,4.12,5.13,4.19,4.60,4.28,4.09,6.14,4.85,4.98,6.25,4.87,10.28,5.68]
  │   rollout 7 | reward=1.00 | ✓succ noise‖·‖seq=[6.05,10.50,5.72,7.01,4.93,4.22,4.48,5.70,10.96,6.04,6.44,4.70,4.83,4.71,4.87,7.60,5.06,9.07,7.35,4.32,6.72,4.36,5.07,4.58,5.29,9.90,5.69,5.06,4.90,5.60,9.45,6.25,5.75,5.40,4.99,9.12,10.70,5.50,4.21,3.86,4.70,4.30,4.60,4.18,4.09,6.20,4.52,5.47,5.73,4.58,10.25,6.04]
  └────────────────────────────────────────
  ┌─ Group 1 | task~group1 | SR=7/8=0.88  inject-steps=[7,0,3,7,0,3,0,5,6,6,5,5,5,9,7,1,6,8,7,8,9,9,0,8,7,6,0,8,8,9,9,3,1,7,2,5,4,9,8,2,5,1,5,0,7,2,1,0,7,5,1,2]
  │   rollout 0 | reward=0.00 | ✓succ noise‖·‖seq=[5.07,9.11,6.24,4.65,9.04,5.92,9.52,4.91,5.05,5.04,4.98,5.16,5.10,3.73,4.76,9.47,5.09,4.41,4.36,4.41,4.15,4.19,9.02,3.93,4.76,4.99,8.96,4.55,4.38,3.74,4.11,6.41,10.52,4.72,7.46,5.17,5.83,4.40,4.54,7.34,5.14,9.67,4.93,8.75,4.64,7.35,10.31,9.40,4.49,4.87,10.98,6.90]
  │   rollout 1 | reward=0.00 | ✓succ noise‖·‖seq=[4.60,8.66,5.93,4.28,9.48,6.33,9.74,5.38,4.74,4.84,4.90,5.50,4.80,4.01,4.23,9.71,4.83,4.74,4.55,4.02,4.00,4.06,9.24,4.45,4.69,4.80,9.29,4.47,4.22,4.08,4.01,5.86,9.60,4.88,6.49,4.65,5.26,4.12,4.50,7.40,5.17,10.83,4.81,9.81,4.28,7.18,9.80,9.62,4.45,4.67,9.24,7.11]
  │   rollout 2 | reward=0.00 | ✓succ noise‖·‖seq=[4.55,9.96,6.37,4.55,9.66,5.89,9.17,4.95,4.80,4.80,4.60,5.11,4.79,4.02,4.62,9.59,4.75,4.34,4.49,4.50,4.11,4.02,8.76,4.34,4.89,5.41,9.23,4.32,4.37,4.07,3.93,6.56,10.19,4.53,7.05,4.91,5.69,4.07,4.30,7.17,5.22,9.95,5.23,9.06,4.76,6.95,9.90,9.08,4.60,5.28,10.22,6.89]
  │   rollout 3 | reward=0.00 | ✓succ noise‖·‖seq=[4.58,9.14,6.11,4.86,9.44,5.53,9.44,5.04,4.80,4.91,4.95,5.10,5.07,3.71,4.30,11.08,4.63,4.24,4.37,4.10,4.08,4.06,9.92,4.48,4.42,4.80,9.25,4.39,4.18,3.82,4.00,5.96,10.30,4.80,7.09,5.15,5.69,4.00,4.46,7.18,5.07,10.22,5.07,9.29,4.75,6.43,11.02,9.86,4.67,5.01,10.75,7.40]
  │   rollout 4 | reward=0.00 | ✓succ noise‖·‖seq=[4.32,10.21,5.85,4.58,8.95,5.87,8.38,5.35,5.20,4.43,5.19,4.91,5.31,3.67,4.79,9.30,5.00,4.38,4.77,4.35,3.64,4.18,8.89,4.70,4.65,4.74,9.25,4.71,4.38,4.30,3.84,6.13,10.19,4.69,6.76,4.53,5.01,3.97,4.59,7.36,5.40,10.35,4.63,9.17,4.47,7.59,9.79,9.32,4.74,5.07,11.22,7.08]
  │   rollout 5 | reward=1.00 | ✓succ noise‖·‖seq=[4.98,9.06,5.97,4.31,9.46,6.38,10.49,5.26,4.92,4.91,5.03,5.27,4.65,4.26,4.70,9.77,4.94,4.79,4.46,4.49,4.13,4.13,9.66,4.41,5.24,4.78,9.04,4.35,4.66,3.75,4.32,6.05,10.58,4.53,6.65,5.42,5.31,3.96,4.41,6.54,4.66,10.62,4.66,9.34,4.28,6.76,9.99,9.21,5.15,4.76,10.36,7.73]
  │   rollout 6 | reward=0.00 | ✓succ noise‖·‖seq=[4.82,8.83,6.26,4.44,9.62,5.84,9.18,4.98,4.64,5.41,5.19,4.90,5.03,3.85,4.48,9.49,4.83,4.40,4.79,4.59,4.13,3.90,9.40,4.26,4.40,4.90,9.22,4.30,4.57,4.10,4.02,6.27,10.06,4.65,7.19,5.22,5.40,4.21,4.70,7.00,5.23,10.18,4.83,9.40,4.44,7.19,10.45,9.22,5.02,5.32,9.67,7.04]
  │   rollout 7 | reward=0.00 | ✗fail noise‖·‖seq=[4.82,9.29,6.22,4.67,9.72,6.26,8.99,5.31,5.03,5.13,5.24,5.37,5.06,4.16,4.75,10.02,5.22,4.55,4.56,4.72,3.76,3.72,8.82,4.60,4.47,4.76,9.12,4.76,4.42,3.87,3.76,5.56,11.30,4.50,6.97,5.31,5.25,4.02,4.60,6.42,5.12,10.24,4.89,8.78,4.40,7.68,10.21,9.62,4.85,5.06,10.41,7.20]
  └────────────────────────────────────────
  ┌─ Group 2 | task~group2 | SR=7/8=0.88  inject-steps=[6,8,7,3,0,8,6,4,5,1,8,7,6,4,4,0,0,9,4,1,9,0,6,5,4,7,6,4,3,0,8,9,3,7,6,3,0,8,3,2,6,2,2,3,3,7,1,7,9,6,5,3]
  │   rollout 0 | reward=1.00 | ✓succ noise‖·‖seq=[4.66,4.50,4.82,5.72,8.56,4.34,4.71,5.32,4.99,9.63,4.47,4.87,4.87,5.93,5.04,8.43,9.64,3.90,5.68,10.01,4.14,9.10,4.70,4.75,5.68,4.69,4.86,5.55,5.77,8.98,3.89,4.18,5.56,5.03,4.94,5.92,9.29,4.70,5.72,7.39,4.40,6.67,6.21,6.20,6.02,4.64,9.84,4.47,3.99,4.74,5.08,6.01]
  │   rollout 1 | reward=1.00 | ✓succ noise‖·‖seq=[5.17,4.67,4.61,6.13,8.61,5.04,4.87,5.41,4.87,9.43,4.43,4.68,4.38,4.98,5.18,9.39,8.62,3.95,5.10,10.00,4.16,9.20,4.83,5.39,5.56,4.67,4.62,5.59,6.01,9.56,4.51,4.07,6.22,4.66,5.04,5.80,9.25,4.78,5.94,7.37,4.71,6.97,6.62,5.66,6.69,4.55,9.34,4.42,3.68,4.74,4.77,6.27]
  │   rollout 2 | reward=1.00 | ✓succ noise‖·‖seq=[4.90,4.48,4.74,6.50,9.03,4.34,4.66,5.98,4.73,9.81,4.14,4.37,5.17,5.57,5.42,8.90,8.63,3.96,5.47,9.95,3.82,9.26,4.91,5.19,5.49,4.45,4.95,5.69,6.27,9.42,4.25,4.00,6.03,4.67,4.60,5.84,10.01,4.53,5.80,7.07,5.27,7.59,6.76,6.39,6.63,4.27,9.83,4.42,4.14,5.07,5.44,5.42]
  │   rollout 3 | reward=1.00 | ✓succ noise‖·‖seq=[5.14,4.37,4.72,5.84,8.97,4.62,4.96,5.89,5.16,10.61,4.38,4.60,4.50,5.22,5.31,9.38,9.62,3.87,5.35,9.55,4.12,9.46,4.87,5.27,5.42,5.08,5.04,5.12,6.29,8.81,4.67,3.81,5.99,4.72,4.98,5.79,8.73,4.74,6.00,7.28,4.65,6.34,7.15,6.16,6.32,4.29,9.83,4.80,3.97,4.88,4.99,6.71]
  │   rollout 4 | reward=0.00 | ✗fail noise‖·‖seq=[4.86,4.48,4.66,5.47,8.93,3.98,5.10,5.27,4.88,9.63,4.17,4.66,4.55,4.77,5.44,8.88,8.64,4.30,5.69,11.17,3.86,9.68,5.08,4.93,5.26,4.66,5.05,5.45,5.90,9.50,4.48,4.15,6.09,4.45,5.29,5.90,8.74,4.57,5.52,7.06,4.52,6.81,7.57,5.50,6.25,4.45,10.05,4.66,4.24,4.76,4.87,6.09]
  │   rollout 5 | reward=1.00 | ✓succ noise‖·‖seq=[4.61,4.54,4.71,6.31,9.67,4.33,4.81,5.70,5.09,9.92,4.71,4.61,4.73,5.46,5.73,9.62,9.67,3.87,5.42,10.06,4.00,10.30,4.83,4.80,5.30,5.16,4.75,5.52,6.06,9.81,4.39,4.13,5.47,4.97,4.68,6.35,9.06,4.32,6.11,7.14,4.96,7.47,7.01,5.96,5.69,4.79,11.16,4.64,4.25,5.10,5.07,6.57]
  │   rollout 6 | reward=1.00 | ✓succ noise‖·‖seq=[4.67,4.38,4.71,6.52,9.36,4.59,4.49,5.37,5.18,9.33,4.40,4.59,4.95,5.98,5.03,8.62,8.84,3.71,5.62,10.48,3.74,9.19,4.78,5.06,5.91,4.46,5.22,5.36,6.21,8.17,4.27,3.62,5.95,4.67,4.70,5.72,9.04,4.34,6.27,6.40,4.56,6.77,7.18,5.59,5.70,4.38,9.63,4.55,4.10,4.77,5.05,5.62]
  │   rollout 7 | reward=1.00 | ✓succ noise‖·‖seq=[5.32,4.54,4.37,6.17,9.29,4.48,5.00,4.97,4.96,9.38,4.18,4.70,4.51,5.58,5.32,10.32,8.98,3.95,5.54,10.31,3.86,9.13,4.78,4.57,5.25,5.01,4.83,5.19,6.13,9.30,4.72,4.34,5.96,4.44,4.77,5.80,9.56,4.16,6.04,7.07,4.71,7.18,7.21,5.56,5.71,4.66,9.94,4.41,4.36,4.92,5.63,5.92]
  └────────────────────────────────────────
  ┌─ Group 3 | task~group3 | SR=8/8=1.00  inject-steps=[9,5,2,1,0,9,5,4,0,1,7,4,4,1,0,3,7,5,3,8,3,4,1,7,1,7,9,8,7,4,9,2,5,1,5,9,8,0,9,0,7,6,2,4,5,2,2,2,0,2,8,6]
  │   rollout 0 | reward=1.00 | ✓succ noise‖·‖seq=[3.91,4.96,7.23,10.22,8.77,4.13,5.18,5.44,8.96,10.55,5.13,5.37,5.37,10.46,8.67,6.45,4.40,5.23,5.90,4.01,6.60,5.67,10.40,4.33,10.14,4.44,3.49,4.57,4.09,5.81,3.94,6.99,4.88,10.63,5.56,4.07,4.41,9.51,4.11,8.91,4.45,5.06,7.18,5.18,4.95,7.24,7.42,7.14,8.53,6.76,4.34,5.17]
  │   rollout 1 | reward=1.00 | ✓succ noise‖·‖seq=[4.19,4.64,7.05,10.24,9.90,4.32,4.75,5.31,9.55,9.82,4.43,5.34,5.59,10.43,8.73,5.96,4.62,4.85,6.44,4.64,6.91,5.69,9.74,4.37,10.38,4.73,4.12,4.92,4.78,5.35,4.10,7.62,5.71,10.52,5.34,3.73,4.33,9.00,3.87,9.46,4.72,4.68,6.90,5.51,4.75,6.95,6.92,7.04,8.49,6.74,4.52,5.01]
  │   rollout 2 | reward=1.00 | ✓succ noise‖·‖seq=[3.85,4.83,7.45,10.49,9.93,4.14,4.91,5.03,9.52,10.24,4.79,5.09,5.70,10.75,8.78,6.03,4.67,5.28,5.96,4.56,5.80,5.97,9.99,4.83,9.97,4.52,4.00,4.40,4.65,5.51,4.16,7.01,5.35,10.50,5.27,4.41,4.24,9.15,4.18,9.27,4.66,5.03,6.97,5.76,4.60,7.49,7.18,6.79,9.41,7.27,4.20,4.62]
  │   rollout 3 | reward=1.00 | ✓succ noise‖·‖seq=[4.01,5.38,6.63,8.87,8.54,4.29,4.71,5.21,9.65,10.69,4.06,5.27,5.55,9.65,9.57,6.29,4.81,4.90,6.41,4.21,5.92,5.85,10.37,4.73,10.27,4.74,3.85,4.35,4.73,5.75,4.26,6.88,5.44,10.38,5.40,3.98,4.73,8.63,3.79,9.53,4.96,5.17,7.35,5.18,4.85,7.56,6.96,7.83,9.48,6.94,4.37,4.64]
  │   rollout 4 | reward=1.00 | ✓succ noise‖·‖seq=[3.92,4.92,6.93,10.23,8.98,4.31,4.67,5.26,9.46,10.05,4.40,5.50,5.32,10.49,9.48,6.24,4.35,5.30,6.47,4.07,6.08,5.33,9.12,4.35,10.28,4.23,3.86,4.52,4.65,5.36,4.05,6.95,5.05,9.56,4.66,3.60,4.06,9.90,4.10,8.55,4.34,4.84,7.67,5.10,5.22,7.50,7.49,7.22,9.38,7.08,4.31,4.80]
  │   rollout 5 | reward=1.00 | ✓succ noise‖·‖seq=[4.38,4.87,7.21,10.15,8.78,4.33,5.17,5.00,8.92,9.76,4.97,5.23,5.74,9.95,9.90,6.14,4.75,5.05,6.36,4.86,5.79,5.35,10.36,4.87,10.15,4.55,4.22,4.70,4.73,5.88,4.07,6.97,4.94,10.02,4.59,4.20,4.58,9.09,4.00,9.77,4.49,4.87,7.31,5.51,5.10,6.58,7.54,7.10,9.60,7.44,4.42,5.02]
  │   rollout 6 | reward=1.00 | ✓succ noise‖·‖seq=[3.82,5.09,7.42,9.22,9.35,3.88,5.00,5.32,8.70,9.93,4.73,5.79,5.11,10.02,9.56,5.83,4.25,4.80,5.75,4.21,5.97,5.23,9.49,4.98,10.04,4.68,3.45,4.67,4.62,4.96,4.07,6.92,4.84,9.45,5.09,3.92,4.50,9.38,3.99,8.98,4.37,4.57,7.25,5.44,5.61,6.92,7.06,7.10,9.91,7.28,4.86,5.04]
  │   rollout 7 | reward=1.00 | ✓succ noise‖·‖seq=[4.14,5.35,7.15,9.44,9.41,3.96,4.92,5.04,8.38,10.09,4.74,5.33,5.34,10.86,9.65,5.83,4.62,4.91,6.24,4.45,6.02,5.35,9.78,4.57,10.65,4.73,4.11,4.68,4.49,5.54,4.01,7.32,5.10,10.36,4.94,4.05,4.42,9.35,3.85,10.00,4.65,5.03,6.87,5.31,4.98,7.22,7.08,6.74,9.90,7.30,4.24,4.39]
  └────────────────────────────────────────
  ┌─ Group 4 | task~group4 | SR=6/8=0.75  inject-steps=[6,2,0,6,1,1,0,6,8,1,3,3,6,6,2,1,5,8,5,3,2,6,2,2,5,0,4,1,9,8,1,8,6,2,5,5,1,4,0,2,9,3,0,4,5,0,7,6,4,2,0,5]
  │   rollout 0 | reward=1.00 | ✓succ noise‖·‖seq=[4.73,7.91,9.12,5.07,10.11,11.00,9.23,4.60,4.52,9.41,5.96,5.83,5.24,5.03,6.94,10.94,5.07,4.31,5.03,6.28,6.62,4.89,7.86,7.45,5.12,8.88,5.35,9.81,3.93,4.20,10.11,4.66,4.76,7.17,5.36,5.07,9.77,5.07,8.96,7.62,4.17,5.95,9.27,5.35,5.22,9.28,4.82,4.78,5.15,6.65,8.52,5.14]
  │   rollout 1 | reward=0.00 | ✗fail noise‖·‖seq=[5.17,7.24,9.43,5.11,10.89,10.12,8.52,4.37,4.50,10.15,5.88,5.64,4.39,4.79,7.41,10.43,4.73,4.53,4.96,5.36,7.16,4.75,6.74,7.36,4.82,9.56,5.31,9.60,4.35,4.59,9.94,4.42,5.02,6.51,5.07,4.98,9.71,5.99,8.81,6.58,3.76,5.86,9.79,4.91,4.60,9.77,4.62,4.68,5.23,7.28,9.65,4.95]
  │   rollout 2 | reward=0.00 | ✓succ noise‖·‖seq=[5.01,7.31,9.75,4.94,10.03,10.25,9.22,4.93,4.49,9.70,5.89,5.58,5.38,5.18,7.14,9.97,5.44,4.85,5.16,6.02,7.41,4.84,6.75,7.64,5.18,9.45,5.21,9.71,3.82,4.36,9.55,4.70,4.75,7.94,5.17,4.96,9.24,5.57,7.94,7.20,4.27,6.12,9.04,5.52,5.36,9.67,4.40,4.73,5.64,7.49,8.70,5.15]
  │   rollout 3 | reward=1.00 | ✓succ noise‖·‖seq=[4.95,6.75,8.93,4.51,10.40,9.38,9.55,4.65,4.38,9.93,5.52,6.42,5.21,4.95,6.81,10.82,5.24,4.23,5.00,5.69,7.21,4.63,6.93,7.14,5.09,9.38,5.31,9.31,3.78,4.70,10.32,4.25,5.18,7.11,4.74,5.16,10.89,5.35,9.64,6.80,4.20,6.31,9.84,5.37,5.20,9.02,4.76,5.03,5.52,7.04,9.48,5.19]
  │   rollout 4 | reward=1.00 | ✓succ noise‖·‖seq=[4.91,7.74,9.98,4.62,9.51,10.39,9.28,5.15,4.28,9.69,6.25,5.95,4.78,4.73,7.19,10.09,5.16,4.11,5.07,5.86,7.50,5.06,7.04,6.77,5.02,9.32,5.60,10.13,3.82,4.34,10.01,4.75,4.97,7.51,4.78,5.25,9.51,5.61,8.90,7.10,3.78,5.99,8.95,5.61,5.29,8.49,5.01,4.95,5.65,7.10,9.38,5.03]
  │   rollout 5 | reward=1.00 | ✓succ noise‖·‖seq=[5.38,7.60,8.40,4.84,10.69,9.72,9.63,4.76,4.47,9.78,6.01,6.14,4.51,4.97,7.21,10.08,5.20,4.53,5.00,5.99,7.02,5.05,7.13,6.76,5.08,9.30,5.84,9.73,3.91,4.68,9.52,4.51,5.02,7.06,4.98,5.12,9.59,4.73,9.74,7.08,3.74,5.97,9.10,5.13,5.12,8.97,4.81,4.73,5.51,7.26,9.92,4.94]
  │   rollout 6 | reward=1.00 | ✓succ noise‖·‖seq=[4.72,7.06,8.50,5.00,9.07,10.61,9.07,4.81,4.53,10.07,6.22,6.44,4.84,4.75,6.61,10.64,5.29,4.15,5.03,6.19,7.01,5.20,6.96,7.19,5.07,9.24,5.05,10.59,4.11,4.23,9.76,4.66,5.25,7.57,5.43,4.87,10.94,5.14,10.35,7.31,4.01,6.38,8.66,5.74,5.62,9.37,4.78,4.96,5.12,7.25,8.57,5.32]
  │   rollout 7 | reward=0.00 | ✗fail noise‖·‖seq=[4.77,7.19,9.32,4.41,10.04,10.53,9.87,4.54,4.28,10.84,5.79,6.03,4.75,5.11,7.22,10.42,5.41,4.35,5.20,6.11,6.81,5.11,6.76,7.59,5.08,9.32,5.87,9.33,3.90,4.55,10.71,4.49,5.23,7.37,5.34,5.17,9.51,5.38,9.26,6.96,3.99,5.99,9.39,5.23,4.89,9.17,4.67,4.94,5.98,7.10,9.09,5.19]
  └────────────────────────────────────────
  ┌─ Group 5 | task~group5 | SR=8/8=1.00  inject-steps=[8,3,5,9,1,9,5,8,1,8,9,3,5,5,1,2,3,7,5,7,9,8,4,3,4,8,4,4,1,4,1,5,0,0,7,4,6,7,1,5,1,4,9,2,7,0,7,3,0,1,0,7]
  │   rollout 0 | reward=1.00 | ✓succ noise‖·‖seq=[4.44,6.14,5.00,4.01,9.81,4.31,4.82,4.20,9.58,4.72,4.26,6.10,5.33,4.91,10.07,7.26,6.30,4.84,4.90,4.35,4.02,4.51,5.51,6.28,5.66,4.38,5.65,5.59,9.90,5.60,10.57,5.37,8.82,8.82,4.72,5.03,4.82,4.48,10.36,4.60,10.43,5.53,4.17,7.11,4.89,9.33,4.81,6.10,9.23,10.70,9.81,4.67]
  │   rollout 1 | reward=1.00 | ✓succ noise‖·‖seq=[4.40,5.50,4.90,4.20,10.01,3.70,5.13,4.20,9.61,4.37,4.02,6.10,5.21,4.73,10.42,7.00,6.18,4.50,5.29,4.35,3.94,4.46,5.72,6.29,5.31,4.36,5.42,5.37,9.67,5.59,10.08,5.49,9.62,9.79,4.82,5.78,4.94,4.56,9.92,5.15,10.39,5.00,4.15,7.06,5.02,9.18,4.65,5.95,9.09,10.14,9.39,4.66]
  │   rollout 2 | reward=1.00 | ✓succ noise‖·‖seq=[4.42,6.09,5.31,4.18,10.37,3.72,5.18,4.40,10.15,4.28,3.92,5.79,5.14,4.46,10.23,7.38,6.37,4.64,5.39,4.54,4.06,4.23,5.69,5.85,5.72,3.95,5.58,5.71,10.46,5.56,10.64,4.94,9.11,9.71,4.37,5.71,4.53,4.68,9.82,5.16,10.33,5.99,3.93,7.89,4.91,9.57,4.51,6.25,8.35,11.10,9.25,4.32]
  │   rollout 3 | reward=1.00 | ✓succ noise‖·‖seq=[4.22,6.04,5.10,4.25,10.57,4.31,5.16,4.50,10.51,4.50,3.97,6.30,5.29,4.76,9.56,7.26,6.49,4.59,5.19,4.64,3.91,4.28,5.62,5.99,5.69,4.41,5.29,5.69,10.84,5.81,10.29,5.01,9.23,9.54,4.53,5.51,4.95,4.89,10.39,4.92,10.75,5.33,3.89,6.59,4.84,9.16,4.81,5.71,9.56,9.67,9.77,4.97]
  │   rollout 4 | reward=1.00 | ✓succ noise‖·‖seq=[4.48,6.46,5.38,4.02,10.39,4.05,5.49,4.41,9.89,4.39,3.91,6.37,4.81,5.11,10.61,7.01,5.75,4.58,5.08,4.70,3.83,4.25,5.34,5.50,5.44,4.07,5.32,5.55,10.28,5.34,9.64,5.24,8.29,9.43,4.77,5.45,5.00,4.70,10.55,4.97,10.39,5.18,3.87,6.70,4.72,8.65,4.50,5.76,9.86,10.13,8.99,4.33]
  │   rollout 5 | reward=1.00 | ✓succ noise‖·‖seq=[4.84,6.04,4.85,3.90,10.65,4.25,5.56,4.51,10.32,4.70,3.93,5.62,5.40,5.20,9.74,6.68,5.89,4.77,4.23,4.66,4.15,4.28,5.43,6.11,5.75,4.35,5.51,5.49,10.83,5.43,10.05,5.13,9.05,9.85,4.64,5.23,4.38,4.42,9.79,4.97,9.84,5.11,3.86,7.35,4.69,9.72,4.89,5.98,9.72,9.94,8.53,4.63]
  │   rollout 6 | reward=1.00 | ✓succ noise‖·‖seq=[4.48,5.76,5.24,4.04,9.08,4.56,5.14,4.77,10.04,4.66,3.87,5.82,4.90,4.82,10.73,7.14,6.73,4.61,5.31,4.80,4.21,4.30,5.12,5.86,5.74,4.73,5.81,5.49,10.38,5.26,10.01,5.44,9.29,9.55,4.74,5.31,4.89,4.66,9.86,4.80,10.73,5.23,3.83,7.13,4.70,9.73,4.36,5.74,9.66,9.21,8.46,4.79]
  │   rollout 7 | reward=1.00 | ✓succ noise‖·‖seq=[4.74,6.36,4.84,3.78,10.46,3.94,4.78,4.90,9.94,4.44,4.07,5.86,4.87,5.23,10.22,7.23,5.96,4.53,5.44,4.93,3.97,4.92,5.24,6.08,5.22,4.41,5.89,5.95,9.78,5.78,10.32,4.86,9.66,8.86,4.29,5.55,4.80,4.63,10.30,5.14,10.56,5.13,4.02,7.02,4.45,9.83,4.62,5.96,8.87,10.44,9.12,4.23]
  └────────────────────────────────────────
  ┌─ Group 6 | task~group6 | SR=7/8=0.88  inject-steps=[5,0,3,9,9,2,6,4,2,6,7,6,0,7,7,1,8,3,6,8,0,8,2,5,0,3,8,5,2,0,6,9,5,6,1,8,2,9,5,2,7,9,3,7,0,4,4,4,6,7,6,4]
  │   rollout 0 | reward=1.00 | ✓succ noise‖·‖seq=[4.80,9.38,6.66,3.75,3.94,7.56,5.19,5.73,7.10,4.56,4.90,5.14,9.43,4.73,5.07,10.48,4.37,5.99,4.69,4.67,9.70,4.46,7.08,5.24,9.44,6.20,4.57,5.19,7.24,9.91,4.65,4.02,4.70,4.71,9.80,4.14,7.46,3.84,5.21,7.32,4.46,3.92,6.66,4.65,9.99,5.35,5.71,5.46,4.57,4.97,4.52,5.33]
  │   rollout 1 | reward=1.00 | ✓succ noise‖·‖seq=[5.02,8.86,6.22,4.05,4.04,7.13,4.69,6.00,6.56,5.07,4.98,4.82,9.45,4.75,4.60,10.46,4.59,6.03,4.60,4.15,9.17,4.54,7.37,5.22,9.36,5.62,4.29,4.82,7.06,9.20,4.73,3.75,4.82,4.95,10.37,4.36,7.24,3.82,5.15,7.09,4.44,4.19,5.76,4.51,9.20,5.37,5.47,5.65,4.46,4.97,4.70,5.51]
  │   rollout 2 | reward=0.00 | ✗fail noise‖·‖seq=[4.79,8.47,6.12,3.87,4.11,7.47,4.50,5.95,6.86,4.79,4.61,4.61,9.01,4.51,4.80,9.48,4.36,6.33,4.52,4.63,9.10,4.64,7.41,4.79,8.51,6.03,4.81,4.86,7.47,9.77,4.96,3.83,4.93,4.47,10.26,4.53,7.68,3.88,5.16,7.12,4.20,3.94,6.14,5.02,8.60,5.37,5.21,5.43,4.79,4.37,5.11,5.93]
  │   rollout 3 | reward=1.00 | ✓succ noise‖·‖seq=[5.04,9.90,6.05,3.82,3.89,7.10,4.40,5.55,6.89,4.68,5.03,5.20,8.98,4.63,5.00,9.70,4.01,5.84,5.11,4.29,9.65,4.26,7.55,5.19,9.34,5.83,4.52,4.68,6.53,8.83,5.28,4.00,5.18,4.85,9.30,4.41,7.08,4.05,5.07,6.83,4.39,4.06,5.65,4.26,8.67,5.07,5.36,5.38,5.05,4.62,5.02,5.31]
  │   rollout 4 | reward=1.00 | ✓succ noise‖·‖seq=[5.15,9.45,5.92,3.55,4.11,6.97,5.23,5.38,6.93,4.94,4.91,4.55,8.26,5.08,4.94,9.69,4.60,6.27,4.79,4.09,8.45,4.52,7.40,5.25,9.97,6.34,4.67,4.72,6.61,9.08,4.52,3.89,5.40,5.03,9.75,4.37,7.29,4.25,5.33,7.53,4.75,4.19,5.61,4.72,8.50,5.91,5.16,5.76,5.04,4.60,4.77,5.47]
  │   rollout 5 | reward=1.00 | ✓succ noise‖·‖seq=[4.80,9.39,6.41,4.08,4.04,6.53,4.90,5.65,7.03,4.78,4.59,4.96,9.40,4.78,4.66,9.73,4.64,6.12,5.34,4.64,9.32,4.45,7.31,5.30,9.23,6.13,4.35,4.68,6.93,9.38,4.89,3.97,5.23,4.61,10.21,4.55,6.72,4.15,5.29,7.36,4.96,4.01,6.52,4.71,9.25,5.26,5.49,5.30,4.93,4.65,4.65,5.58]
  │   rollout 6 | reward=1.00 | ✓succ noise‖·‖seq=[4.65,9.01,5.40,3.93,4.15,7.10,4.85,5.28,7.33,4.58,4.45,4.90,9.67,4.99,4.64,10.79,4.43,6.49,4.84,4.25,9.68,5.01,6.77,5.31,8.71,6.27,4.62,5.21,6.64,8.51,4.94,4.17,4.86,4.71,9.85,4.25,7.02,3.87,5.21,7.97,4.71,3.98,6.24,4.44,9.23,5.75,5.99,5.64,4.61,4.40,4.95,5.35]
  │   rollout 7 | reward=1.00 | ✓succ noise‖·‖seq=[5.25,9.37,6.32,4.08,4.07,6.98,4.96,5.57,7.16,4.69,4.54,4.45,9.06,4.58,4.66,11.08,4.45,6.19,4.57,4.53,9.25,4.23,7.50,4.96,9.56,5.77,4.53,4.92,7.60,9.07,5.09,3.76,5.28,4.88,9.58,4.16,6.98,3.77,5.14,7.18,4.76,3.73,5.97,4.63,8.77,5.98,6.04,5.39,4.84,5.05,5.08,5.28]
  └────────────────────────────────────────
  ┌─ Group 7 | task~group7 | SR=8/8=1.00  inject-steps=[1,2,4,4,7,5,4,6,2,2,9,9,9,4,6,6,4,6,1,0,1,5,8,7,2,5,3,0,5,7,7,2,5,9,0,7,9,4,4,4,4,9,9,5,6,0,6,7,6,3,7,4]
  │   rollout 0 | reward=0.00 | ✓succ noise‖·‖seq=[9.19,7.28,5.77,5.61,4.75,5.16,5.05,4.70,7.09,6.93,3.99,3.80,3.96,5.00,5.11,4.96,5.32,4.86,9.40,9.60,10.20,4.92,4.60,4.62,6.66,5.19,5.80,9.43,4.80,4.63,4.36,7.25,4.76,4.01,9.39,4.83,3.92,5.38,5.42,5.64,5.90,4.06,3.98,4.90,5.02,9.04,4.74,4.52,4.63,6.32,5.08,5.80]
  │   rollout 1 | reward=1.00 | ✓succ noise‖·‖seq=[10.85,6.79,5.40,5.46,4.52,5.26,5.35,4.72,7.78,7.05,4.24,3.91,4.04,5.63,4.65,5.21,5.75,4.74,9.94,8.62,9.93,4.73,4.23,4.62,6.98,4.79,5.78,9.25,5.26,4.09,4.74,7.15,4.70,3.75,8.52,4.54,4.11,5.40,5.17,5.55,5.60,4.20,4.19,4.86,5.10,8.89,4.82,4.49,5.22,5.53,4.94,5.52]
  │   rollout 2 | reward=1.00 | ✓succ noise‖·‖seq=[9.34,7.01,5.65,5.30,4.93,4.60,5.18,5.18,6.80,7.04,4.11,4.24,3.92,5.38,5.13,5.04,4.94,4.96,10.21,9.62,9.95,5.07,4.53,4.87,7.85,4.97,6.15,9.25,5.12,4.64,4.40,7.13,5.05,3.92,9.37,4.90,3.95,5.22,5.65,5.13,5.27,4.05,3.82,5.04,5.12,9.85,5.08,4.56,5.44,6.16,4.69,5.62]
  │   rollout 3 | reward=1.00 | ✓succ noise‖·‖seq=[9.46,7.18,5.25,5.21,4.53,5.20,5.59,4.80,7.34,6.62,3.92,4.21,4.10,5.00,4.98,4.96,5.16,4.80,9.39,9.06,9.92,5.14,4.36,5.56,6.71,5.06,6.29,8.87,5.23,4.35,4.21,7.16,5.31,4.04,9.32,4.95,3.76,5.41,5.03,5.28,6.05,3.77,4.16,5.00,4.82,9.60,4.71,4.51,4.74,6.01,4.56,5.17]
  │   rollout 4 | reward=0.00 | ✓succ noise‖·‖seq=[9.61,7.07,5.38,5.18,4.76,5.21,5.48,4.90,7.27,7.00,3.72,4.23,4.00,5.28,4.80,4.69,5.21,5.16,10.14,8.93,10.29,4.70,4.46,4.42,6.99,5.07,6.26,9.15,5.27,4.72,4.88,7.07,5.04,4.39,8.47,4.63,4.01,5.18,4.94,5.45,5.49,4.05,3.97,5.18,4.62,9.67,4.63,4.71,4.86,6.01,4.65,5.11]
  │   rollout 5 | reward=1.00 | ✓succ noise‖·‖seq=[10.59,6.65,5.12,5.12,4.90,4.96,5.62,4.44,7.52,7.00,4.14,3.72,4.03,5.37,5.06,5.17,5.03,5.20,10.06,8.91,9.68,5.27,4.34,4.43,7.24,5.14,5.66,9.74,4.53,4.60,4.90,7.41,4.91,3.91,8.75,4.23,4.10,5.69,5.43,5.75,5.27,4.15,4.15,4.78,5.10,8.86,4.62,4.67,4.92,5.96,4.50,5.64]
  │   rollout 6 | reward=0.00 | ✓succ noise‖·‖seq=[10.33,6.91,5.00,5.56,4.51,5.09,5.28,4.61,6.94,6.68,3.99,4.32,3.81,5.54,4.87,5.15,5.37,4.92,10.23,8.94,10.08,4.73,4.48,4.52,7.46,5.03,6.53,9.03,5.04,4.37,4.69,7.48,4.84,3.81,9.25,4.90,4.12,5.18,5.56,5.41,5.29,4.12,4.42,5.17,4.89,9.42,4.70,4.83,4.78,6.12,4.84,5.78]
  │   rollout 7 | reward=1.00 | ✓succ noise‖·‖seq=[10.32,6.62,5.36,5.58,4.69,4.66,5.58,5.38,6.94,6.72,4.16,3.83,3.91,5.39,4.77,5.16,4.93,4.91,9.49,9.64,10.45,4.95,4.23,4.53,7.00,5.33,5.95,9.34,5.21,4.69,4.33,7.62,4.99,4.06,8.90,4.52,4.04,5.37,5.22,5.98,5.15,4.15,3.58,4.97,4.90,8.85,4.75,4.45,4.67,5.70,4.60,5.24]
  └────────────────────────────────────────

==============================================================================
GLOBAL STEP 3  |  rank/shard 0  |  8 group(s) x 8 rollouts  (B=64)
  ┌─ Group 0 | task~group0 | SR=7/8=0.88  inject-steps=[2,0,3,1,0,9,0,6,7,2,0,6,1,4,9,0,5,6,1,9,2,8,6,9,8,6,1,7,6,1,6,6,3,0,4,2,4,9,0,5,3,2,1,5,0,4,5,3,8,3,5,5]
  │   rollout 0 | reward=1.00 | ✓succ noise‖·‖seq=[7.31,9.85,6.02,10.67,9.39,3.94,9.15,5.10,4.93,6.98,9.60,4.68,9.29,5.38,4.11,8.88,5.12,4.50,9.87,3.92,7.71,4.45,4.91,3.81,4.73,4.84,9.49,4.28,5.00,9.57,4.89,4.91,6.18,10.22,5.66,7.05,5.82,3.99,9.36,5.08,6.41,6.65,10.49,5.04,9.35,4.90,4.97,5.83,4.68,6.34,4.95,4.96]
  │   rollout 1 | reward=1.00 | ✓succ noise‖·‖seq=[7.00,9.27,6.66,9.94,9.13,3.88,10.16,4.78,4.67,7.37,9.68,4.68,10.41,5.45,3.90,8.96,4.86,4.73,9.51,4.28,6.84,4.44,4.70,4.10,4.36,4.80,9.99,4.82,4.97,10.48,5.18,4.83,6.00,9.30,5.34,7.00,5.39,4.11,9.45,4.93,5.95,7.18,9.61,4.95,9.26,5.77,5.36,5.94,4.65,5.55,5.39,5.16]
  │   rollout 2 | reward=1.00 | ✓succ noise‖·‖seq=[6.85,9.23,6.36,10.18,9.26,3.99,8.55,5.11,4.67,7.12,9.21,5.05,9.48,5.34,4.14,8.58,4.85,4.57,11.37,3.99,6.58,4.70,4.55,3.71,4.28,4.58,9.97,4.42,5.07,11.07,4.90,4.76,6.22,9.05,5.80,6.98,5.25,4.20,9.45,5.06,6.38,6.88,9.11,4.98,9.32,5.12,5.00,6.30,4.68,5.96,5.13,5.20]
  │   rollout 3 | reward=0.00 | ✓succ noise‖·‖seq=[7.35,9.45,6.27,9.49,8.83,3.92,9.28,4.63,4.58,6.97,9.36,4.89,10.38,5.69,4.17,9.32,4.63,5.05,9.95,4.45,7.21,4.72,5.29,4.10,4.26,4.80,10.21,4.92,4.89,10.17,5.28,4.79,5.68,9.85,5.43,7.31,5.68,4.06,9.36,5.15,5.83,7.15,9.76,4.93,9.00,5.52,4.89,5.97,4.44,5.75,5.22,4.58]
  │   rollout 4 | reward=1.00 | ✓succ noise‖·‖seq=[6.55,9.45,6.31,9.44,9.15,4.08,9.12,4.92,4.76,7.42,8.67,4.88,10.57,5.34,4.17,10.23,5.13,4.90,10.35,3.99,7.65,4.42,5.07,3.80,4.72,4.70,9.72,4.51,4.64,9.46,5.09,4.84,6.06,9.61,5.06,7.08,5.64,4.03,10.48,4.75,5.95,7.21,10.21,5.27,9.66,5.64,5.07,5.89,4.43,6.12,5.08,5.00]
  │   rollout 5 | reward=1.00 | ✓succ noise‖·‖seq=[6.96,9.58,6.27,10.86,9.84,4.01,8.86,4.73,5.04,7.18,9.51,4.78,9.77,5.69,3.88,8.95,4.89,4.69,9.63,4.00,7.06,4.61,4.82,3.82,4.57,4.83,10.64,4.50,4.39,10.20,4.92,5.02,6.09,9.82,5.51,7.90,5.86,3.98,9.71,5.17,6.22,6.61,10.02,4.76,9.64,5.53,5.06,5.84,4.39,6.31,5.07,4.89]
  │   rollout 6 | reward=0.00 | ✗fail noise‖·‖seq=[7.59,8.93,6.42,10.25,9.38,3.96,9.31,4.97,4.68,6.54,9.32,4.68,10.29,5.67,4.14,9.36,5.43,4.56,10.94,3.90,7.09,4.79,4.92,4.24,4.48,4.79,10.01,4.73,5.44,10.32,4.50,4.38,6.33,9.13,5.43,7.21,5.59,3.80,9.37,5.14,6.17,7.23,10.66,4.94,8.17,5.78,5.33,5.84,4.42,6.10,4.87,5.11]
  │   rollout 7 | reward=1.00 | ✓succ noise‖·‖seq=[6.97,9.10,5.91,9.91,9.74,4.09,9.62,4.73,4.65,6.88,9.26,4.78,10.19,5.52,3.69,9.08,5.45,4.70,10.03,3.85,7.32,4.58,4.88,3.80,4.13,5.13,10.72,4.91,4.64,9.81,4.38,5.25,6.13,8.91,5.25,6.93,5.72,4.01,9.49,4.99,6.27,7.58,10.27,4.97,8.95,5.56,4.82,6.23,4.20,6.15,4.84,5.40]
  └────────────────────────────────────────
  ┌─ Group 1 | task~group1 | SR=7/8=0.88  inject-steps=[4,2,7,7,7,3,3,4,6,5,7,7,2,2,4,4,7,5,4,5,9,0,9,8,0,6,2,2,1,8,7,0,6,8,8,5,4,0,6,9,1,3,9,6,3,1,7,4,8,9,1,9]
  │   rollout 0 | reward=0.00 | ✗fail noise‖·‖seq=[5.73,6.88,4.13,4.75,4.83,5.94,6.18,5.25,5.28,4.95,4.67,4.37,7.29,6.70,5.22,5.43,4.44,4.84,5.81,4.53,4.09,8.90,4.22,4.54,9.78,5.05,6.98,7.19,10.25,4.47,4.52,8.68,5.27,4.23,4.27,5.26,5.57,9.76,5.54,4.11,10.35,6.19,4.33,5.00,5.67,9.90,4.79,5.42,4.30,4.24,10.84,3.85]
  │   rollout 1 | reward=1.00 | ✓succ noise‖·‖seq=[5.54,6.62,4.77,4.99,4.46,5.48,5.92,5.39,4.99,4.56,4.39,4.72,7.30,7.06,5.54,5.67,4.93,4.69,6.13,5.45,3.79,10.61,4.05,4.34,8.80,4.86,6.77,7.10,10.35,4.45,4.25,8.73,4.69,4.79,4.35,4.84,5.28,9.53,4.82,3.95,10.04,5.96,3.99,4.92,6.42,9.68,4.73,5.35,4.25,4.24,10.14,4.06]
  │   rollout 2 | reward=1.00 | ✓succ noise‖·‖seq=[4.94,7.07,4.76,4.80,5.02,6.23,5.84,5.02,4.82,5.25,4.43,4.83,6.77,7.99,5.62,5.07,4.71,4.99,5.56,4.92,3.85,9.29,4.04,4.52,9.18,4.73,7.48,7.32,10.11,4.14,4.24,10.17,5.14,4.40,4.62,5.34,5.50,9.52,5.07,3.87,10.33,6.06,3.74,4.71,6.23,9.91,4.71,5.45,4.58,4.10,10.34,3.92]
  │   rollout 3 | reward=1.00 | ✓succ noise‖·‖seq=[5.83,6.79,4.48,4.60,4.57,5.62,5.99,5.14,4.93,5.27,4.14,4.17,7.13,7.21,5.44,5.43,4.86,5.30,5.20,5.06,3.82,9.40,3.98,4.86,8.40,4.74,7.17,6.41,9.13,4.87,4.53,9.57,5.01,4.59,4.17,4.82,5.33,9.72,4.74,3.98,10.55,6.58,3.96,5.02,6.20,10.26,4.31,5.44,4.63,3.95,10.12,3.85]
  │   rollout 4 | reward=1.00 | ✓succ noise‖·‖seq=[5.49,7.51,4.43,4.46,4.50,6.58,6.47,5.52,4.98,4.84,5.00,4.49,6.57,7.34,5.93,5.59,4.65,5.63,5.20,5.30,4.15,9.44,4.32,4.42,9.12,5.09,7.79,7.13,10.40,4.20,4.40,9.08,4.73,4.83,4.80,4.59,5.72,9.43,5.06,3.68,9.72,6.25,3.81,4.99,5.70,10.44,4.55,5.25,4.51,4.12,9.92,4.11]
  │   rollout 5 | reward=1.00 | ✓succ noise‖·‖seq=[5.41,7.58,4.59,4.50,4.50,5.86,6.22,5.49,4.74,4.63,4.70,4.47,6.86,7.36,5.37,5.55,4.37,5.19,5.30,5.18,3.50,9.44,3.82,4.20,9.20,4.57,7.17,6.90,10.70,4.35,4.49,9.29,4.35,4.88,4.16,5.55,5.28,8.82,4.58,3.95,9.86,6.36,3.93,4.49,5.76,9.21,4.93,5.30,4.57,4.22,9.95,3.85]
  │   rollout 6 | reward=0.00 | ✓succ noise‖·‖seq=[5.30,7.42,4.35,4.54,4.97,6.05,6.53,5.07,4.75,4.79,4.78,4.59,7.34,7.11,5.47,5.33,4.48,5.06,5.24,4.75,3.74,9.04,4.12,4.62,9.15,4.59,7.33,7.64,10.67,4.15,4.36,9.00,4.72,4.49,4.36,5.52,5.36,8.48,4.93,4.07,10.48,6.22,4.12,4.77,6.07,10.00,4.77,5.12,4.24,3.81,9.69,3.90]
  │   rollout 7 | reward=1.00 | ✓succ noise‖·‖seq=[5.52,7.42,4.68,4.27,4.74,5.71,6.07,5.34,4.77,5.00,4.94,4.64,6.81,7.60,5.09,5.42,4.64,5.21,5.89,4.72,3.88,8.88,3.77,4.56,8.94,5.08,6.91,6.71,9.07,4.38,4.31,9.06,4.93,4.48,5.23,5.03,5.61,9.60,5.06,4.25,9.84,6.49,3.70,4.63,6.26,10.11,4.69,5.69,4.34,4.30,11.31,4.19]
  └────────────────────────────────────────
  ┌─ Group 2 | task~group2 | SR=6/8=0.75  inject-steps=[4,8,5,7,8,0,4,5,1,4,0,6,6,0,1,3,3,2,4,7,6,8,0,2,6,0,3,2,6,2,2,9,3,7,1,1,8,6,2,3,4,7,5,7,9,9,4,2,8,7,7,9]
  │   rollout 0 | reward=1.00 | ✓succ noise‖·‖seq=[5.61,4.87,4.53,4.62,4.48,8.45,5.63,5.36,10.06,5.47,9.17,4.78,4.91,8.67,10.07,6.16,6.27,7.20,5.83,4.81,4.75,4.59,8.61,6.50,4.90,9.03,5.88,7.20,4.97,7.11,7.22,3.96,6.17,4.77,10.21,10.12,4.19,4.55,7.54,6.09,5.00,4.60,4.86,4.61,4.04,4.29,5.48,6.85,4.22,4.48,4.30,3.97]
  │   rollout 1 | reward=1.00 | ✓succ noise‖·‖seq=[5.37,4.30,4.86,4.49,4.55,9.04,5.30,5.28,9.38,5.55,8.65,4.85,5.03,8.80,9.77,5.87,5.88,6.76,5.07,5.03,5.11,4.50,9.02,7.46,5.05,9.72,5.78,7.43,4.74,6.73,7.03,3.90,5.83,4.97,9.79,9.79,4.57,4.58,7.20,5.84,5.67,4.80,4.99,4.95,3.77,4.32,5.48,7.40,4.16,4.31,4.47,3.74]
  │   rollout 2 | reward=1.00 | ✓succ noise‖·‖seq=[4.89,4.50,5.37,4.55,4.53,9.91,5.10,5.06,10.22,5.46,9.03,4.95,5.17,9.21,9.68,5.85,6.18,7.13,5.80,4.42,4.96,4.02,10.00,7.14,5.14,9.99,6.17,6.31,4.79,7.10,6.89,4.10,6.88,4.90,10.79,10.40,4.38,4.61,6.76,5.99,5.68,4.62,5.41,4.88,3.90,3.73,5.89,7.15,4.04,4.92,4.82,4.15]
  │   rollout 3 | reward=0.00 | ✗fail noise‖·‖seq=[4.94,4.33,5.33,4.22,4.56,8.72,5.27,4.84,9.15,5.53,8.87,5.07,4.41,8.47,10.27,6.17,5.93,6.85,5.24,4.63,4.96,4.32,9.56,7.41,5.25,9.75,6.27,6.74,5.06,6.70,7.04,3.92,6.29,4.58,10.35,9.27,4.53,5.06,6.78,5.97,5.73,4.53,4.95,4.17,4.56,4.21,5.39,6.66,4.57,4.33,4.49,3.94]
  │   rollout 4 | reward=1.00 | ✓succ noise‖·‖seq=[5.67,4.20,5.49,4.41,4.55,9.03,5.83,5.18,9.63,5.66,10.19,4.83,4.85,9.38,10.02,6.21,6.11,6.77,5.78,4.90,4.45,4.34,9.43,7.28,5.10,8.78,6.43,7.08,5.08,7.35,7.96,4.04,6.22,4.67,10.04,10.77,4.48,4.94,7.05,5.86,5.62,4.68,5.10,4.36,3.95,3.95,5.45,6.85,4.47,4.61,4.70,3.63]
  │   rollout 5 | reward=1.00 | ✓succ noise‖·‖seq=[5.32,4.58,4.69,4.62,4.79,8.98,5.37,4.76,10.13,5.47,8.55,5.21,4.69,9.74,10.00,5.85,6.51,7.28,5.38,4.69,5.06,4.27,8.79,7.04,4.94,9.44,6.05,6.91,4.63,6.67,7.25,4.02,6.06,4.43,10.55,10.41,4.24,4.75,7.38,6.02,5.57,5.14,5.21,4.36,3.88,3.77,5.21,6.81,4.41,4.47,4.88,3.78]
  │   rollout 6 | reward=1.00 | ✓succ noise‖·‖seq=[5.74,4.29,5.08,4.66,4.41,9.32,5.59,5.22,9.69,5.28,8.47,4.86,5.09,9.27,9.81,6.20,6.24,6.89,5.59,4.84,4.66,4.47,10.38,6.67,4.51,8.79,5.73,7.28,4.86,7.13,7.21,4.24,6.11,4.82,9.74,10.69,4.52,4.65,6.96,5.87,5.66,4.30,5.52,4.80,3.83,3.97,5.57,7.29,4.55,4.53,4.83,4.23]
  │   rollout 7 | reward=0.00 | ✗fail noise‖·‖seq=[5.51,4.37,5.08,4.61,4.44,9.30,5.54,4.72,10.09,5.52,9.76,4.67,5.04,8.65,10.36,6.66,6.29,7.26,4.95,4.53,5.07,4.45,9.71,7.09,4.83,9.93,6.45,7.45,4.90,7.62,7.35,3.98,6.25,4.41,10.79,9.59,4.30,5.08,7.78,6.13,5.31,4.62,5.00,4.27,4.18,4.10,5.47,7.38,4.51,4.76,4.29,3.93]
  └────────────────────────────────────────
  ┌─ Group 3 | task~group3 | SR=7/8=0.88  inject-steps=[1,2,9,1,6,3,6,3,6,1,4,4,7,5,5,7,5,8,9,7,2,9,0,4,1,3,5,2,5,3,9,4,5,1,1,1,2,2,5,9,7,3,7,9,5,2,7,0,4,3,9,0]
  │   rollout 0 | reward=0.00 | ✓succ noise‖·‖seq=[10.17,7.55,4.24,9.87,5.09,5.76,4.82,6.02,4.75,10.79,5.15,5.57,4.42,4.90,5.22,4.58,5.02,4.39,4.22,5.00,7.52,3.95,9.24,5.98,10.46,5.89,5.16,7.06,5.02,5.38,4.19,5.12,5.57,9.48,11.04,10.12,7.18,7.18,4.74,4.00,4.47,5.69,4.90,3.99,4.77,6.98,4.71,9.49,5.60,6.57,4.10,9.04]
  │   rollout 1 | reward=0.00 | ✗fail noise‖·‖seq=[9.92,7.59,4.03,10.59,5.26,5.92,4.82,6.11,4.25,10.10,5.22,5.36,4.62,5.08,5.19,4.52,4.95,4.11,3.91,5.04,6.60,4.08,9.29,5.54,10.30,5.70,4.87,7.14,4.76,6.32,4.00,5.46,5.05,10.55,9.82,10.78,7.37,7.07,5.21,4.07,4.48,6.04,5.00,3.91,4.49,7.08,4.60,9.18,4.88,6.07,3.75,8.71]
  │   rollout 2 | reward=1.00 | ✓succ noise‖·‖seq=[10.12,7.40,4.35,10.40,4.72,5.47,5.26,5.82,4.89,9.73,5.52,6.11,4.47,5.14,4.90,4.78,4.81,4.49,3.76,4.46,6.22,4.13,9.87,5.17,9.74,6.04,4.76,6.92,5.15,6.22,3.55,5.74,5.18,9.23,10.95,9.58,6.90,7.40,4.92,3.63,4.71,6.38,4.54,4.28,4.82,7.14,4.61,9.01,5.71,6.41,4.10,8.55]
  │   rollout 3 | reward=1.00 | ✓succ noise‖·‖seq=[9.47,7.09,3.77,10.36,5.28,6.32,4.86,6.12,4.89,9.50,5.27,5.12,4.43,4.94,4.96,4.66,5.22,4.74,3.82,4.68,7.31,3.70,9.10,5.86,10.51,5.61,4.65,7.01,4.86,6.43,4.24,6.01,5.38,9.39,9.65,9.87,7.47,7.58,5.03,4.10,4.58,6.02,4.60,3.89,4.67,7.20,4.85,8.83,5.49,6.25,3.90,9.22]
  │   rollout 4 | reward=1.00 | ✓succ noise‖·‖seq=[10.40,7.10,3.95,10.79,4.66,5.76,4.62,5.65,4.37,10.58,4.76,4.94,4.72,5.22,4.65,4.44,4.69,4.58,4.13,4.48,6.74,3.86,9.19,5.64,10.19,6.17,5.23,7.01,5.66,6.31,4.20,5.33,5.26,10.54,10.59,9.68,7.14,7.85,4.95,3.86,4.55,5.38,4.68,3.97,5.18,6.91,4.97,9.21,5.54,5.84,3.82,9.44]
  │   rollout 5 | reward=1.00 | ✓succ noise‖·‖seq=[10.39,7.05,3.47,10.16,4.68,6.22,4.92,5.58,5.16,10.65,6.09,5.31,4.45,4.97,4.91,4.90,5.24,4.83,4.12,4.51,6.49,4.36,9.67,5.72,9.85,5.81,4.93,7.06,5.25,6.21,4.01,5.38,4.72,10.17,9.46,9.53,7.56,7.25,5.28,3.86,4.47,6.42,4.98,3.86,5.00,6.65,4.80,9.12,5.63,5.96,4.18,8.95]
  │   rollout 6 | reward=1.00 | ✓succ noise‖·‖seq=[11.22,7.82,3.79,9.81,4.61,5.82,4.66,6.53,4.64,11.10,4.98,4.77,4.67,4.72,4.53,4.77,4.89,4.54,4.03,4.84,7.03,4.15,9.61,5.29,10.56,6.33,4.88,7.35,5.00,5.97,3.86,5.20,5.36,9.66,10.61,9.85,7.34,6.85,4.90,3.77,4.65,6.26,4.72,4.02,4.90,7.18,4.87,9.02,5.62,6.11,4.23,9.67]
  │   rollout 7 | reward=1.00 | ✓succ noise‖·‖seq=[10.12,7.11,4.10,9.33,4.81,5.92,4.97,6.31,5.01,10.48,5.77,5.98,4.55,4.95,4.87,5.01,4.57,4.45,3.82,4.58,6.89,4.22,10.17,5.43,10.01,6.62,4.87,7.33,5.35,5.99,3.73,5.39,4.77,9.92,9.46,10.27,7.30,7.10,4.79,4.24,4.69,6.46,5.06,3.97,5.06,7.73,4.23,9.72,5.53,6.06,3.75,9.06]
  └────────────────────────────────────────
  ┌─ Group 4 | task~group4 | SR=8/8=1.00  inject-steps=[1,9,8,1,9,9,4,1,4,5,9,0,7,5,9,4,8,0,3,4,9,5,1,0,4,1,3,0,2,5,2,5,2,3,5,6,2,8,0,5,6,9,5,2,5,1,4,3,4,2,5,3]
  │   rollout 0 | reward=1.00 | ✓succ noise‖·‖seq=[9.11,3.91,4.40,11.05,3.85,3.88,5.29,11.10,5.71,5.03,3.76,9.73,4.40,5.72,4.10,5.30,4.43,8.99,5.97,5.19,4.21,4.95,10.13,9.38,5.39,9.72,6.14,8.30,6.75,5.09,8.03,5.12,7.31,6.08,5.19,4.78,7.71,4.57,9.22,5.40,4.95,4.35,5.42,7.50,5.36,10.30,5.18,5.93,5.46,7.17,4.81,6.26]
  │   rollout 1 | reward=1.00 | ✓succ noise‖·‖seq=[10.50,3.87,4.66,9.46,3.84,3.99,5.53,10.39,5.39,4.83,4.02,10.06,4.88,5.41,4.25,5.50,4.31,9.08,6.40,5.76,3.76,5.25,10.91,8.71,5.18,11.18,5.94,9.13,6.89,4.94,7.23,4.86,6.89,6.50,5.19,4.60,7.10,4.75,9.68,5.29,4.71,4.02,5.01,7.23,4.65,9.92,5.06,5.54,5.45,7.34,4.78,6.33]
  │   rollout 2 | reward=1.00 | ✓succ noise‖·‖seq=[10.00,3.99,4.45,9.94,3.98,3.94,5.62,9.68,5.33,5.25,3.86,8.73,4.95,4.80,4.11,5.35,4.61,8.88,6.31,5.13,4.00,4.77,10.80,8.78,4.95,9.65,5.70,9.43,7.53,5.07,7.06,5.08,7.22,6.40,4.70,4.69,6.87,4.67,9.24,4.95,4.96,3.79,4.83,7.04,4.85,9.57,5.32,5.96,5.00,6.63,5.09,5.81]
  │   rollout 3 | reward=1.00 | ✓succ noise‖·‖seq=[9.55,3.86,4.55,9.91,3.87,3.91,5.69,10.07,5.84,4.92,4.24,9.07,4.75,5.20,3.80,5.50,4.53,9.03,6.14,5.42,3.86,5.29,9.97,9.76,5.57,9.99,6.13,9.47,7.30,4.77,6.73,4.67,7.55,6.09,5.30,4.61,7.36,4.57,9.40,4.99,4.71,4.08,5.23,7.49,4.94,9.09,6.27,6.37,5.16,7.33,5.11,5.75]
  │   rollout 4 | reward=1.00 | ✓succ noise‖·‖seq=[10.39,4.19,4.67,9.62,4.07,3.61,5.01,10.81,5.22,4.95,3.76,9.06,5.10,4.69,3.79,5.48,4.57,9.12,6.53,5.35,3.77,4.72,10.67,8.91,5.12,10.33,5.50,8.69,7.30,5.43,6.98,4.87,7.46,6.14,4.95,4.87,7.01,4.48,9.24,5.63,5.03,3.77,4.99,6.86,5.10,10.33,5.72,6.42,4.75,6.38,4.81,6.21]
  │   rollout 5 | reward=1.00 | ✓succ noise‖·‖seq=[9.99,4.03,4.47,9.54,3.92,3.95,5.03,10.45,5.78,5.16,3.83,9.44,4.51,4.93,3.91,5.64,4.17,8.57,5.54,5.37,3.82,5.42,10.66,9.06,5.16,10.15,6.00,9.26,7.08,5.12,6.87,4.82,7.08,6.02,5.44,4.84,7.53,4.22,8.85,4.91,4.95,3.94,5.56,6.88,4.92,9.92,5.70,5.94,5.39,7.60,4.83,6.44]
  │   rollout 6 | reward=1.00 | ✓succ noise‖·‖seq=[9.72,3.86,4.42,10.06,3.95,4.32,5.61,10.54,5.23,4.98,3.90,9.38,5.02,5.11,4.03,5.80,4.65,9.27,5.62,5.69,3.99,5.61,10.02,9.24,5.84,10.27,6.32,9.29,7.19,5.38,7.72,4.63,7.27,6.14,4.91,5.10,7.47,4.52,9.24,5.16,4.99,3.96,4.92,7.30,4.97,9.40,5.83,6.46,5.31,7.46,5.16,6.20]
  │   rollout 7 | reward=1.00 | ✓succ noise‖·‖seq=[11.07,4.50,4.69,10.54,3.87,3.82,5.04,10.03,5.07,5.02,4.19,9.01,4.54,4.91,3.72,4.97,4.42,9.31,5.95,5.35,4.02,5.06,10.03,9.89,5.43,10.61,5.80,9.20,7.17,5.14,7.75,5.34,7.00,5.80,5.22,4.62,7.60,4.70,9.60,4.76,4.46,3.87,5.23,7.19,4.88,10.05,5.39,6.24,5.44,6.93,4.56,6.31]
  └────────────────────────────────────────
  ┌─ Group 5 | task~group5 | SR=8/8=1.00  inject-steps=[1,6,4,1,4,1,6,4,4,0,2,0,6,2,0,6,8,0,4,0,8,8,4,5,0,7,1,1,8,1,0,2,8,5,6,9,1,4,9,9,6,8,2,2,6,0,5,8,0,0,5,3]
  │   rollout 0 | reward=1.00 | ✓succ noise‖·‖seq=[10.21,4.81,5.69,9.33,5.50,10.38,4.87,5.92,5.41,9.22,7.20,9.30,5.39,7.78,10.52,4.78,4.68,9.28,5.23,8.45,4.62,4.63,5.60,4.79,8.11,4.67,10.11,10.20,4.28,9.29,9.12,6.95,4.26,4.93,4.59,4.34,10.74,5.15,4.14,4.31,4.75,4.42,7.21,7.34,4.35,9.18,4.98,4.32,9.25,9.92,5.01,6.59]
  │   rollout 1 | reward=1.00 | ✓succ noise‖·‖seq=[9.56,4.65,5.43,9.71,5.43,10.14,4.97,5.20,5.35,9.46,6.63,9.60,4.86,7.36,8.65,4.76,4.17,8.88,5.31,8.26,4.66,4.83,5.65,5.10,8.52,4.84,10.01,10.44,4.40,10.22,9.81,6.81,4.31,5.30,5.29,3.39,9.90,5.40,4.19,3.84,4.98,4.50,6.90,7.02,4.82,9.30,4.88,4.61,8.52,9.14,4.60,5.89]
  │   rollout 2 | reward=1.00 | ✓succ noise‖·‖seq=[9.41,5.24,5.44,9.96,5.65,11.00,4.61,5.48,5.38,9.58,7.11,9.78,4.76,7.40,9.20,5.14,4.20,8.95,5.75,9.53,4.42,4.77,5.56,5.05,9.10,4.39,10.35,10.53,4.56,10.74,9.51,7.81,4.54,5.08,4.90,4.28,9.35,5.46,3.79,3.72,5.31,4.30,6.91,7.00,5.00,9.32,4.96,4.86,8.61,9.35,4.85,6.49]
  │   rollout 3 | reward=1.00 | ✓succ noise‖·‖seq=[10.19,5.06,5.40,10.77,5.46,10.11,5.22,5.11,5.91,9.60,7.41,9.58,4.55,7.35,9.23,5.17,4.73,9.68,5.32,9.35,4.39,4.30,5.73,5.20,9.53,4.76,9.64,10.13,4.26,9.88,9.64,6.70,4.31,5.21,4.80,4.18,10.67,5.25,3.50,3.86,4.88,4.13,6.65,7.83,4.71,9.40,5.02,4.82,9.89,10.33,5.55,6.08]
  │   rollout 4 | reward=1.00 | ✓succ noise‖·‖seq=[9.90,4.73,5.59,9.70,5.37,10.11,4.98,5.40,5.41,9.96,7.23,9.32,4.80,7.34,8.77,5.25,4.54,8.87,5.39,9.90,4.89,4.47,5.38,5.15,9.76,4.48,9.61,9.43,4.18,10.16,9.24,6.27,4.21,4.86,4.89,3.92,9.36,5.10,3.67,4.03,4.85,4.46,7.10,7.02,4.60,9.55,5.05,4.70,8.90,9.36,5.28,5.61]
  │   rollout 5 | reward=1.00 | ✓succ noise‖·‖seq=[9.25,4.73,5.46,10.57,5.52,10.18,5.32,5.20,5.63,9.59,7.49,10.17,4.58,7.57,10.25,4.90,4.73,9.33,5.58,9.40,4.44,4.52,5.87,4.46,9.04,4.72,9.43,9.70,4.31,10.63,9.13,7.07,5.08,4.49,5.13,4.16,9.90,5.20,3.85,4.42,4.69,4.43,7.39,7.03,4.86,8.98,5.14,4.21,9.20,9.50,4.74,5.87]
  │   rollout 6 | reward=1.00 | ✓succ noise‖·‖seq=[9.70,5.22,5.80,9.63,5.68,10.09,4.56,5.55,4.99,8.96,6.95,8.50,4.71,7.22,9.11,4.63,4.23,8.84,5.32,9.43,4.61,4.68,5.54,5.02,9.44,4.64,11.40,9.68,4.19,10.36,8.28,7.31,4.35,4.56,5.33,3.97,10.31,5.30,4.02,3.99,4.39,4.52,7.36,7.01,5.02,9.49,5.05,4.83,9.32,9.17,4.72,5.87]
  │   rollout 7 | reward=1.00 | ✓succ noise‖·‖seq=[10.22,5.17,5.28,9.16,5.62,9.17,4.62,5.40,5.30,8.99,6.95,9.19,4.93,6.78,9.29,4.82,4.53,9.69,5.65,9.55,4.43,4.75,5.49,5.66,9.14,4.49,10.61,9.79,4.00,9.35,9.79,6.80,4.54,5.12,5.11,3.87,10.08,4.89,3.79,3.98,4.89,4.13,7.04,7.02,5.15,9.38,4.94,4.35,9.49,8.83,5.11,5.98]
  └────────────────────────────────────────
  ┌─ Group 6 | task~group6 | SR=8/8=1.00  inject-steps=[8,1,7,3,2,1,1,9,5,5,5,6,6,6,0,0,6,5,9,6,3,6,5,2,6,8,5,8,7,9,4,0,4,6,4,0,1,5,8,4,5,2,7,9,4,9,6,2,9,8,9,9]
  │   rollout 0 | reward=1.00 | ✓succ noise‖·‖seq=[4.40,9.89,4.46,6.08,7.18,10.20,9.90,3.95,5.13,5.34,4.65,5.08,4.80,5.18,9.93,8.74,5.05,5.27,4.18,5.00,5.98,4.55,5.42,7.76,5.35,4.11,4.66,4.71,4.77,4.07,5.51,9.94,5.39,4.67,5.18,9.07,9.89,5.33,4.53,5.46,5.07,6.90,4.08,4.30,5.40,3.90,5.02,6.70,4.09,4.89,4.16,4.17]
  │   rollout 1 | reward=1.00 | ✓succ noise‖·‖seq=[4.46,10.76,4.26,6.11,7.38,10.06,9.23,4.21,4.90,5.06,5.16,4.50,4.85,4.76,8.85,9.77,4.79,4.41,4.07,4.94,6.09,5.19,5.04,7.26,4.81,4.29,5.12,4.56,4.38,4.01,5.40,8.67,5.73,5.09,5.53,8.80,10.23,5.57,4.20,5.44,4.93,7.66,4.64,3.99,5.51,3.95,5.15,6.91,4.32,4.43,4.00,4.01]
  │   rollout 2 | reward=1.00 | ✓succ noise‖·‖seq=[4.47,9.17,4.64,6.02,6.84,10.18,10.05,4.10,5.04,4.51,4.83,4.57,4.79,4.41,9.26,9.31,4.73,5.18,3.94,4.42,6.31,5.38,4.78,7.29,4.55,4.16,5.13,4.20,4.41,4.02,5.48,9.32,5.35,4.32,6.06,9.22,11.22,5.19,4.13,5.83,5.28,7.75,4.68,4.12,5.49,4.35,5.01,6.88,4.28,4.76,4.06,3.91]
  │   rollout 3 | reward=1.00 | ✓succ noise‖·‖seq=[4.69,9.98,4.51,5.91,6.63,10.23,9.95,3.65,4.93,4.84,5.30,4.61,4.95,4.48,9.09,8.98,4.80,5.35,4.17,4.85,6.24,5.10,5.01,7.49,4.79,4.41,4.96,4.48,4.36,4.02,5.87,9.92,5.56,4.87,6.03,9.34,9.79,5.18,4.83,5.75,4.74,6.95,4.70,4.07,5.65,3.89,4.84,7.39,3.96,4.50,3.84,3.99]
  │   rollout 4 | reward=1.00 | ✓succ noise‖·‖seq=[4.75,9.83,4.88,5.88,7.58,10.84,9.86,3.80,5.02,4.84,5.01,4.89,4.87,4.98,9.05,9.30,4.98,5.11,3.82,4.90,6.15,5.19,5.31,7.51,4.80,4.31,5.33,3.94,4.49,4.06,5.12,8.07,5.59,5.09,5.19,8.99,9.75,5.10,4.74,5.54,4.81,7.37,4.98,4.14,5.38,3.88,4.75,7.22,3.85,4.83,4.08,3.86]
  │   rollout 5 | reward=1.00 | ✓succ noise‖·‖seq=[4.53,10.12,4.99,6.34,7.38,10.97,10.25,3.92,5.01,4.62,5.13,4.98,4.75,4.75,9.09,9.20,4.80,4.68,4.00,5.15,6.29,4.74,5.25,7.04,5.01,4.62,4.80,4.58,4.19,3.89,5.64,9.42,5.40,4.83,5.81,9.63,9.46,5.20,4.40,5.29,5.12,6.82,4.21,3.99,5.64,3.89,5.13,7.02,4.14,4.55,3.83,3.88]
  │   rollout 6 | reward=1.00 | ✓succ noise‖·‖seq=[4.13,10.20,4.71,6.10,6.64,10.34,9.17,4.38,5.47,4.91,5.27,4.90,4.98,4.93,8.98,9.64,4.86,5.27,4.21,4.87,5.81,4.76,4.84,7.27,4.98,4.59,5.13,4.62,4.48,4.01,5.35,9.33,5.57,4.69,5.32,10.59,10.78,5.01,4.54,5.20,5.42,7.16,4.37,3.71,5.52,3.70,4.35,7.38,3.79,4.37,4.23,3.53]
  │   rollout 7 | reward=1.00 | ✓succ noise‖·‖seq=[4.55,9.69,4.66,5.78,7.41,10.35,10.71,3.81,5.22,4.77,4.60,5.11,4.86,4.60,9.08,8.67,4.52,4.92,3.87,4.94,6.20,4.70,4.91,7.26,5.03,4.48,5.07,4.59,4.68,4.21,5.22,9.97,5.29,4.83,5.38,10.16,9.14,5.28,4.26,5.36,5.35,7.65,4.96,4.14,5.63,4.04,4.90,7.14,3.86,4.46,4.14,3.81]
  └────────────────────────────────────────
  ┌─ Group 7 | task~group7 | SR=7/8=0.88  inject-steps=[1,5,1,5,6,8,8,0,6,0,2,5,7,8,1,0,4,6,7,0,7,2,3,6,2,7,3,8,5,6,6,6,3,2,9,8,7,7,5,3,0,4,5,1,1,4,1,8,7,0,2,8]
  │   rollout 0 | reward=1.00 | ✓succ noise‖·‖seq=[10.12,5.16,10.43,5.06,5.35,4.54,4.46,9.84,4.71,9.36,7.28,5.08,4.59,4.60,10.39,8.67,5.55,4.80,4.41,9.11,4.51,6.94,5.72,4.86,7.02,5.02,5.58,4.30,4.78,5.21,5.18,5.29,6.44,7.47,4.46,4.64,4.77,4.74,4.96,5.95,8.68,5.60,5.43,10.30,10.13,5.19,9.43,4.11,4.60,9.53,6.67,4.08]
  │   rollout 1 | reward=1.00 | ✓succ noise‖·‖seq=[10.48,5.21,8.86,5.11,4.68,4.67,4.78,8.69,4.28,9.06,6.23,5.34,4.74,4.39,10.16,9.47,5.51,4.94,4.34,9.19,4.37,7.61,5.96,5.00,7.25,4.59,6.15,4.27,5.25,4.86,4.58,5.01,5.96,7.38,4.03,4.33,4.61,4.69,5.21,6.42,9.05,5.08,4.95,10.06,10.88,5.77,9.08,4.68,4.85,9.53,7.10,4.57]
  │   rollout 2 | reward=1.00 | ✓succ noise‖·‖seq=[9.97,4.78,10.03,5.03,5.16,4.38,4.26,9.06,4.74,8.85,7.74,5.19,4.44,4.67,9.78,9.19,5.57,4.90,4.81,9.84,4.65,6.68,6.08,5.12,7.24,4.51,5.64,4.42,4.83,5.21,4.86,5.19,6.21,7.26,4.08,4.40,4.58,4.49,5.29,5.94,9.22,5.71,5.12,10.19,9.93,5.25,9.39,4.51,4.44,9.33,7.14,4.78]
  │   rollout 3 | reward=0.00 | ✗fail noise‖·‖seq=[9.84,4.83,10.24,5.29,5.06,4.52,4.36,9.36,4.87,10.10,7.10,5.27,4.45,4.20,9.41,9.15,5.30,4.83,4.56,9.38,4.67,6.78,6.01,4.90,7.20,4.84,6.07,4.28,5.19,5.13,4.95,5.04,6.04,6.64,4.08,4.56,4.15,4.44,5.18,6.42,8.97,5.26,5.01,8.72,10.37,5.35,10.39,4.28,4.67,9.16,6.89,4.09]
  │   rollout 4 | reward=1.00 | ✓succ noise‖·‖seq=[10.25,5.11,10.28,5.04,5.13,4.34,4.45,9.23,4.86,8.49,7.22,4.95,4.65,4.87,9.96,8.91,5.39,4.86,5.06,8.30,4.44,6.97,5.93,4.77,7.15,4.72,5.97,4.29,5.08,4.48,4.91,5.04,6.04,7.25,3.83,4.39,4.76,4.55,4.93,6.34,9.56,5.78,4.85,10.41,10.45,5.55,9.89,4.52,4.51,9.57,7.13,4.38]
  │   rollout 5 | reward=1.00 | ✓succ noise‖·‖seq=[10.57,5.02,9.76,5.03,4.81,4.24,4.71,8.95,5.35,9.89,7.47,4.89,4.64,4.68,10.29,9.32,5.86,4.77,4.65,9.49,4.90,7.56,6.64,5.19,7.07,4.98,5.97,4.21,5.16,4.54,4.91,4.42,6.25,7.19,4.23,4.29,4.51,4.37,5.16,6.28,10.27,5.23,4.97,9.66,9.72,5.26,10.10,4.88,4.47,9.74,7.48,4.20]
  │   rollout 6 | reward=1.00 | ✓succ noise‖·‖seq=[10.18,5.40,9.78,5.01,4.84,4.51,4.67,9.02,5.16,9.49,6.82,5.04,4.46,3.97,9.75,8.90,5.52,4.90,4.62,9.64,4.50,6.88,5.81,5.05,6.75,4.66,6.26,4.66,5.37,4.93,5.20,4.49,6.40,7.90,4.20,4.33,4.72,4.21,5.08,5.78,10.00,5.67,5.05,10.60,11.09,5.83,9.83,4.39,4.86,9.16,7.60,4.27]
  │   rollout 7 | reward=1.00 | ✓succ noise‖·‖seq=[10.07,5.23,9.78,4.97,4.23,4.31,4.22,9.04,4.98,10.07,7.23,4.70,4.38,4.54,10.97,9.69,5.22,4.71,4.48,9.03,4.65,6.49,5.78,5.33,7.56,4.35,5.64,4.32,4.92,5.10,5.10,4.48,5.92,7.05,3.92,4.28,4.58,4.83,5.19,5.86,9.62,5.56,4.88,10.15,10.84,5.67,10.11,4.37,4.84,9.31,7.31,4.31]
  └────────────────────────────────────────

==============================================================================
GLOBAL STEP 4  |  rank/shard 0  |  8 group(s) x 8 rollouts  (B=64)
  ┌─ Group 0 | task~group0 | SR=8/8=1.00  inject-steps=[0,6,5,3,4,2,1,6,5,9,1,0,9,6,6,1,7,8,8,6,6,1,5,4,8,8,4,6,9,0,1,7,4,8,6,0,9,7,5,1,6,8,4,6,4,8,1,5,2,0,4,0]
  │   rollout 0 | reward=1.00 | ✓succ noise‖·‖seq=[8.95,4.95,4.65,6.96,5.77,7.77,10.46,4.76,4.75,4.09,9.72,9.45,3.90,4.59,4.33,9.84,4.76,4.42,4.16,5.14,4.88,10.48,4.65,5.38,4.21,4.25,5.21,4.75,3.71,9.59,9.57,4.71,5.49,4.60,5.40,9.58,4.41,4.20,4.93,10.41,4.95,4.22,5.98,4.91,5.52,4.43,10.24,4.97,7.66,9.45,5.89,9.14]
  │   rollout 1 | reward=1.00 | ✓succ noise‖·‖seq=[9.13,4.94,5.12,6.65,5.20,7.06,10.28,4.79,5.20,4.05,11.06,9.28,3.84,4.87,5.33,11.02,4.46,4.28,4.48,4.86,4.91,10.16,5.15,5.56,4.31,4.47,5.79,4.58,4.60,8.91,10.02,4.83,5.17,4.61,4.50,8.96,4.03,4.65,5.09,9.50,5.12,4.54,5.53,4.78,5.53,4.47,9.96,5.20,6.85,9.44,5.97,9.73]
  │   rollout 2 | reward=0.00 | ✓succ noise‖·‖seq=[10.30,5.05,4.93,6.02,5.75,7.96,9.36,5.45,5.21,3.85,10.07,9.53,4.09,4.84,4.76,10.28,4.91,4.78,4.62,4.28,4.60,9.66,5.14,5.38,4.81,4.27,5.81,5.05,4.02,9.18,10.54,4.70,5.50,4.83,4.89,8.96,3.90,4.72,5.42,10.29,5.04,4.56,5.44,4.72,5.41,4.30,9.37,5.19,7.49,10.20,5.51,8.71]
  │   rollout 3 | reward=1.00 | ✓succ noise‖·‖seq=[8.84,4.82,4.83,6.26,5.15,6.91,11.13,4.68,4.71,4.11,9.61,9.10,3.98,4.53,4.98,9.59,4.24,4.53,4.43,4.79,4.63,10.05,5.10,5.25,4.47,4.20,5.15,4.78,3.50,9.17,9.36,4.65,5.73,4.49,5.20,10.00,3.85,4.58,4.92,10.97,4.89,4.62,5.64,5.11,5.13,4.75,10.51,4.89,7.03,9.48,5.62,9.82]
  │   rollout 4 | reward=1.00 | ✓succ noise‖·‖seq=[8.70,4.71,5.05,5.77,5.58,6.70,11.18,5.54,4.57,4.41,11.31,8.64,4.24,5.35,4.84,10.37,4.56,3.99,4.45,4.81,5.03,10.04,5.05,5.50,4.32,4.36,5.34,5.34,3.97,8.60,9.81,4.42,5.66,4.18,4.60,8.72,4.28,4.87,5.07,10.64,4.57,4.38,5.61,4.94,5.60,4.30,10.08,5.11,6.99,8.81,5.48,9.42]
  │   rollout 5 | reward=0.00 | ✓succ noise‖·‖seq=[9.24,4.51,4.98,5.72,5.38,7.25,10.09,4.56,4.80,4.05,9.97,9.67,4.16,4.83,5.22,10.55,4.76,4.60,4.39,4.51,5.36,10.43,4.97,5.51,4.39,4.39,5.25,4.51,4.14,9.16,11.16,4.25,4.96,4.50,5.01,8.66,4.25,4.71,5.33,10.35,5.01,4.31,5.53,4.55,5.18,4.64,10.17,5.38,7.30,9.56,5.76,9.82]
  │   rollout 6 | reward=1.00 | ✓succ noise‖·‖seq=[9.36,5.25,5.77,6.42,5.06,6.42,9.60,4.71,4.80,3.90,10.23,10.28,4.04,4.72,4.89,10.48,4.71,4.23,4.81,4.77,4.24,9.81,4.75,5.38,4.43,4.32,5.83,4.42,4.08,8.88,9.15,4.40,5.70,4.23,5.15,10.04,4.06,4.95,4.94,11.05,4.88,4.39,5.02,4.77,5.69,4.77,10.08,5.09,6.97,9.03,4.92,9.14]
  │   rollout 7 | reward=1.00 | ✓succ noise‖·‖seq=[9.37,4.81,5.05,6.05,5.44,7.17,10.10,5.03,4.86,3.89,9.14,9.35,3.70,4.69,5.15,10.15,4.18,4.67,4.72,5.08,4.97,10.61,5.15,5.32,4.43,4.02,6.05,4.97,4.02,9.13,9.73,4.82,5.44,4.10,4.98,8.67,4.19,4.52,5.09,11.04,4.94,4.38,4.98,4.92,5.49,4.84,9.07,4.83,7.20,9.30,5.69,9.65]
  └────────────────────────────────────────
  ┌─ Group 1 | task~group1 | SR=5/8=0.62  inject-steps=[7,0,3,8,1,3,1,7,1,5,0,4,1,7,1,7,1,6,0,4,0,6,2,5,1,1,0,0,5,0,8,3,7,3,4,7,8,8,1,4,3,7,2,2,8,4,2,4,1,0,3,9]
  │   rollout 0 | reward=1.00 | ✓succ noise‖·‖seq=[4.45,9.60,6.35,4.41,9.07,6.13,10.13,4.66,9.82,4.73,9.14,5.44,9.77,4.68,9.77,4.67,10.25,4.68,9.32,5.28,8.82,5.09,6.80,5.13,10.51,10.08,9.90,9.05,5.07,9.00,4.33,6.59,4.69,6.05,5.75,4.69,4.11,4.03,9.72,5.08,6.25,4.36,7.35,7.07,4.61,5.66,7.04,5.28,9.92,10.09,6.05,4.16]
  │   rollout 1 | reward=1.00 | ✓succ noise‖·‖seq=[5.15,9.45,6.01,4.29,9.98,5.76,9.94,4.46,11.11,5.06,9.40,5.42,9.66,4.94,9.96,4.80,10.04,4.72,8.89,5.24,9.37,4.90,7.53,4.78,9.84,9.90,10.05,9.69,4.97,9.03,4.36,6.12,4.85,5.85,5.64,4.86,4.43,4.62,10.68,5.63,6.46,4.93,6.86,7.82,4.67,4.85,6.88,5.32,10.37,9.83,6.24,3.74]
  │   rollout 2 | reward=1.00 | ✓succ noise‖·‖seq=[4.44,9.33,6.12,4.66,10.85,6.16,10.64,4.68,10.51,5.30,9.51,6.15,10.47,4.94,10.74,4.74,10.24,5.17,9.35,5.57,9.68,4.83,7.19,5.02,9.48,9.86,9.11,9.72,4.87,9.83,4.42,6.35,4.28,6.00,5.93,4.55,4.22,4.50,10.19,5.40,6.01,4.73,7.65,7.14,4.46,5.48,7.08,5.63,10.71,9.68,5.83,3.80]
  │   rollout 3 | reward=0.00 | ✗fail noise‖·‖seq=[4.46,8.65,6.50,4.51,10.73,6.14,10.36,4.50,10.23,4.97,8.97,5.40,10.46,4.79,10.44,4.48,9.93,4.73,8.57,5.45,9.46,5.21,6.99,5.09,10.46,9.91,8.86,9.46,5.41,9.49,4.94,6.42,4.88,6.27,5.30,4.61,4.63,4.30,10.20,5.72,6.33,4.94,6.96,7.49,4.40,5.45,6.95,5.72,10.04,9.38,5.53,4.06]
  │   rollout 4 | reward=1.00 | ✓succ noise‖·‖seq=[4.55,9.39,5.93,4.70,10.32,6.09,9.42,5.12,10.67,5.49,9.59,5.36,9.46,4.62,10.27,4.19,9.83,4.97,10.29,5.70,9.54,4.55,7.64,4.54,10.05,10.15,9.36,9.48,5.49,9.89,4.47,5.99,4.51,5.50,5.78,4.54,4.78,4.48,10.60,5.52,5.69,4.36,7.13,7.19,4.51,5.04,7.39,5.50,10.38,9.69,6.02,4.12]
  │   rollout 5 | reward=1.00 | ✓succ noise‖·‖seq=[4.77,8.59,6.28,4.46,9.61,6.34,9.96,4.35,10.59,4.67,9.33,5.44,10.38,4.62,9.44,4.93,9.79,4.77,9.16,5.43,9.69,4.73,7.36,4.90,10.66,10.18,9.59,8.72,5.07,9.16,4.67,5.97,4.79,6.07,5.34,4.61,4.46,4.66,10.47,5.45,5.53,4.49,7.58,7.34,4.49,5.67,7.01,5.66,10.12,9.06,5.58,4.03]
  │   rollout 6 | reward=0.00 | ✗fail noise‖·‖seq=[4.60,8.66,5.95,4.41,9.69,6.33,9.14,4.83,10.82,4.94,9.60,5.52,10.01,4.63,9.87,4.28,9.57,5.00,9.93,5.13,8.53,4.97,7.10,4.74,10.03,10.35,8.80,8.55,4.57,9.02,4.35,5.87,4.44,6.50,5.36,4.57,4.37,4.29,9.00,5.21,6.07,4.69,6.62,6.81,4.74,5.63,7.29,5.22,10.36,8.47,5.95,3.92]
  │   rollout 7 | reward=0.00 | ✗fail noise‖·‖seq=[4.69,9.09,6.04,4.67,9.59,5.59,9.80,4.86,11.05,4.72,9.29,5.53,10.34,4.82,10.41,4.56,10.05,4.74,8.99,5.80,9.45,4.85,7.37,5.01,10.53,10.11,10.35,10.01,5.05,8.95,4.21,5.95,4.52,6.32,5.12,4.27,4.12,4.56,9.94,5.72,6.02,5.12,6.86,7.17,4.55,5.12,6.67,5.57,10.21,9.15,6.27,4.06]
  └────────────────────────────────────────
  ┌─ Group 2 | task~group2 | SR=7/8=0.88  inject-steps=[1,0,2,9,5,2,6,3,1,5,8,9,1,4,4,9,4,8,7,3,4,8,0,6,2,6,7,9,9,7,9,3,7,9,6,2,9,4,3,1,5,4,2,4,7,8,4,5,4,1,0,8]
  │   rollout 0 | reward=1.00 | ✓succ noise‖·‖seq=[10.40,9.58,6.86,3.74,4.68,7.23,4.60,5.73,10.70,4.86,4.27,3.96,9.13,5.64,5.20,3.80,5.42,4.41,4.75,6.55,5.30,4.45,9.54,4.94,6.83,4.77,4.81,3.83,3.75,4.65,3.95,5.45,4.52,4.29,4.87,7.24,4.10,5.07,6.05,10.25,5.32,5.45,7.03,5.63,4.66,4.55,5.76,4.86,5.46,9.95,9.19,4.52]
  │   rollout 1 | reward=1.00 | ✓succ noise‖·‖seq=[9.95,8.77,7.05,4.11,4.86,6.97,5.19,6.42,9.68,5.23,4.53,3.99,9.71,5.52,5.23,3.93,5.44,4.37,4.86,6.06,5.92,4.77,8.82,4.93,7.03,4.79,4.63,4.02,3.98,4.82,3.88,5.71,4.60,3.92,4.94,6.95,3.90,5.54,6.14,9.65,5.19,5.40,7.52,5.16,4.27,4.23,5.35,5.07,5.08,10.83,9.21,4.73]
  │   rollout 2 | reward=1.00 | ✓succ noise‖·‖seq=[10.50,8.83,7.13,4.10,5.04,6.60,4.95,6.38,9.56,5.15,4.67,3.84,10.20,5.16,5.45,3.84,5.98,4.56,4.76,5.56,5.66,4.74,9.75,4.73,7.24,4.96,4.50,4.16,4.38,4.58,4.13,5.94,4.51,4.05,5.26,7.07,3.86,5.76,5.60,9.39,5.16,5.36,7.06,5.70,4.68,4.21,5.48,5.39,5.48,10.69,9.37,4.38]
  │   rollout 3 | reward=0.00 | ✓succ noise‖·‖seq=[10.19,9.82,7.16,4.03,5.20,7.10,4.58,6.07,10.12,5.16,4.58,4.06,9.37,5.58,5.65,4.06,5.10,4.55,4.35,6.42,5.44,4.29,8.95,4.84,7.48,4.69,5.10,4.34,3.81,4.55,4.17,6.03,4.38,3.99,4.90,7.12,3.94,5.47,6.33,10.03,5.31,5.23,7.27,5.45,4.72,4.58,5.55,5.21,5.54,10.03,9.86,4.05]
  │   rollout 4 | reward=0.00 | ✗fail noise‖·‖seq=[10.18,9.34,7.62,4.10,5.14,7.47,4.54,6.05,10.77,5.69,4.63,4.08,9.42,5.37,5.10,4.18,4.86,4.61,4.74,5.95,4.99,4.59,9.93,5.40,7.43,4.84,4.40,4.13,4.05,4.41,3.92,5.41,4.67,4.22,4.99,7.19,3.87,5.56,6.23,9.98,5.16,5.58,7.31,5.75,4.52,4.58,5.12,4.91,5.67,10.10,9.29,4.64]
  │   rollout 5 | reward=1.00 | ✓succ noise‖·‖seq=[10.42,8.67,7.07,3.91,5.07,7.09,5.12,5.99,9.48,5.25,4.22,4.05,9.93,5.26,6.01,4.04,5.16,4.76,4.93,5.96,5.17,4.64,9.69,4.61,7.24,5.05,4.60,4.04,3.94,4.24,3.78,6.05,4.23,4.02,4.97,7.46,4.17,5.47,6.39,10.33,5.03,5.60,7.30,5.02,4.70,4.51,5.25,5.10,5.75,10.26,10.24,4.55]
  │   rollout 6 | reward=1.00 | ✓succ noise‖·‖seq=[9.93,8.40,6.68,4.18,4.99,7.35,4.95,5.98,10.75,5.31,4.20,3.97,10.61,5.62,5.46,3.53,6.09,4.42,4.59,6.31,5.66,4.17,9.00,4.85,7.11,4.76,5.01,4.24,4.22,4.40,4.00,5.80,5.06,4.07,5.17,7.31,4.08,5.40,6.19,9.64,4.55,5.81,6.95,5.11,5.22,4.41,5.12,5.16,5.30,9.96,9.01,4.30]
  │   rollout 7 | reward=1.00 | ✓succ noise‖·‖seq=[10.59,8.87,7.26,3.83,5.07,6.85,4.84,6.32,10.33,5.00,4.35,3.68,10.11,5.43,5.50,3.82,5.18,4.72,4.61,5.67,5.40,4.13,9.32,4.93,7.28,5.07,4.94,3.88,4.12,4.65,4.07,6.35,4.68,3.95,4.88,7.58,4.17,5.62,5.77,9.62,5.14,5.01,6.75,6.11,4.79,4.36,5.21,5.06,5.62,10.23,10.19,4.11]
  └────────────────────────────────────────
  ┌─ Group 3 | task~group3 | SR=8/8=1.00  inject-steps=[0,8,1,3,5,6,5,8,4,1,9,0,5,2,5,6,3,4,7,5,5,2,6,8,4,8,3,6,4,6,2,6,3,5,8,0,1,9,1,7,9,8,3,6,7,8,4,8,1,2,4,4]
  │   rollout 0 | reward=1.00 | ✓succ noise‖·‖seq=[9.63,4.35,9.70,6.04,4.99,5.16,5.32,4.21,5.42,9.81,4.01,9.56,4.92,6.85,5.29,4.86,5.95,6.12,4.46,5.11,4.95,7.29,4.40,4.33,5.82,4.17,5.80,4.99,5.71,5.00,7.07,4.51,6.24,5.07,4.52,8.33,10.58,4.09,10.50,4.48,4.02,4.38,6.48,4.57,4.39,4.77,5.57,4.88,10.47,7.14,5.70,5.40]
  │   rollout 1 | reward=1.00 | ✓succ noise‖·‖seq=[9.79,4.52,10.29,6.15,5.06,4.95,4.70,4.54,5.14,9.79,4.22,8.74,5.08,6.64,4.95,4.74,6.04,5.62,4.40,4.94,4.83,7.15,4.92,4.53,5.69,4.11,6.06,5.13,5.39,4.90,6.70,4.80,5.83,5.21,4.37,9.28,9.23,3.76,10.09,4.44,3.69,4.36,6.58,4.71,4.95,4.51,5.47,4.40,9.23,7.01,5.30,5.43]
  │   rollout 2 | reward=1.00 | ✓succ noise‖·‖seq=[8.67,4.47,8.83,5.39,4.96,4.82,4.97,4.51,5.94,10.70,3.92,9.68,4.97,6.46,4.75,4.94,6.04,5.70,4.59,5.18,5.57,7.40,5.21,4.62,5.25,4.44,5.96,5.35,5.67,5.14,6.73,4.88,5.83,5.45,4.38,9.19,10.30,4.06,9.97,4.92,4.33,4.91,6.03,5.23,4.59,4.21,5.61,4.31,11.06,7.46,5.21,5.41]
  │   rollout 3 | reward=1.00 | ✓succ noise‖·‖seq=[9.20,4.75,10.28,6.27,5.57,5.00,4.83,4.26,5.61,10.58,3.96,9.57,4.79,7.10,5.40,5.03,6.24,5.91,4.81,4.93,5.02,7.33,4.80,4.19,5.14,4.74,6.41,5.06,5.49,5.33,6.83,4.90,6.04,4.92,4.70,9.97,9.38,3.96,9.99,4.48,4.44,4.38,6.64,5.14,4.55,4.52,5.23,4.42,10.41,6.83,5.48,5.67]
  │   rollout 4 | reward=1.00 | ✓succ noise‖·‖seq=[9.16,4.48,10.56,6.24,4.71,5.01,4.75,4.27,5.08,10.05,3.99,9.12,4.45,7.08,4.64,4.85,6.45,5.44,5.01,5.14,4.93,7.72,4.98,4.31,5.30,4.13,6.29,4.72,5.88,4.80,7.72,4.70,5.59,5.16,4.22,9.72,10.59,3.96,9.87,4.57,3.76,4.47,5.59,4.42,4.57,4.38,5.66,4.36,9.84,7.42,5.52,5.21]
  │   rollout 5 | reward=1.00 | ✓succ noise‖·‖seq=[9.00,4.64,9.93,6.16,5.05,5.34,5.08,4.61,5.31,11.21,4.17,9.35,4.70,6.97,5.28,4.73,6.22,4.98,4.45,4.67,5.10,7.08,4.91,4.35,5.66,4.36,6.24,4.91,5.55,4.77,7.11,5.15,6.29,5.45,4.45,8.75,10.23,4.02,10.08,4.55,4.07,4.25,6.25,4.78,4.69,4.60,5.95,4.99,10.13,8.34,5.45,5.49]
  │   rollout 6 | reward=1.00 | ✓succ noise‖·‖seq=[8.97,4.34,8.86,5.65,5.03,4.84,5.15,4.33,5.92,9.97,4.13,9.45,5.03,7.72,5.49,5.05,6.21,5.17,4.24,4.81,5.31,7.46,4.91,4.82,5.84,4.36,5.80,4.43,5.11,4.90,6.88,4.52,5.90,5.01,4.30,9.03,9.09,4.21,9.17,4.46,4.11,4.51,6.04,4.96,4.52,4.06,5.89,4.04,10.07,7.32,5.31,5.41]
  │   rollout 7 | reward=1.00 | ✓succ noise‖·‖seq=[9.52,4.58,9.54,6.08,5.19,4.09,5.07,4.17,5.56,10.51,3.91,9.04,5.20,7.76,4.96,4.76,5.80,5.61,4.48,4.77,4.71,6.73,4.79,4.22,5.39,4.62,5.96,5.10,5.87,5.00,6.99,5.25,5.54,5.00,4.39,8.79,10.62,3.88,10.16,4.64,4.20,4.61,5.97,4.96,4.41,4.13,5.74,4.42,10.19,7.44,5.60,5.18]
  └────────────────────────────────────────
  ┌─ Group 4 | task~group4 | SR=7/8=0.88  inject-steps=[4,3,9,5,7,3,7,5,5,8,5,4,8,9,4,5,2,1,4,9,4,9,4,6,6,6,9,4,5,8,9,9,0,2,4,7,9,9,3,8,1,9,7,9,4,0,9,3,2,2,6,0]
  │   rollout 0 | reward=1.00 | ✓succ noise‖·‖seq=[5.46,6.07,4.07,4.91,4.50,6.15,4.61,4.96,5.39,4.22,5.25,5.47,4.16,4.06,5.27,5.30,7.35,10.14,5.35,4.09,5.95,4.26,5.51,5.25,4.61,5.24,3.71,5.63,4.92,4.44,4.02,3.98,8.87,8.31,5.72,4.59,3.96,3.92,6.29,4.61,9.85,3.84,4.34,3.96,5.44,9.21,3.87,6.02,7.37,6.99,5.26,8.67]
  │   rollout 1 | reward=1.00 | ✓succ noise‖·‖seq=[5.48,5.73,4.12,5.15,4.56,5.98,4.40,4.60,4.89,4.48,4.86,6.02,4.53,4.40,5.47,5.02,7.02,10.31,5.72,4.03,5.46,4.25,5.77,4.48,4.88,4.71,4.09,5.32,5.25,4.34,3.89,3.69,9.87,6.79,5.14,4.27,4.22,3.68,6.12,4.47,9.90,4.05,4.56,3.97,5.61,9.85,4.19,5.53,7.41,6.98,4.73,9.46]
  │   rollout 2 | reward=1.00 | ✓succ noise‖·‖seq=[5.54,6.04,4.38,4.78,4.51,6.33,4.32,5.59,4.98,4.36,4.93,5.21,4.20,4.14,5.30,5.34,7.08,9.66,5.05,3.94,5.39,3.87,5.31,4.79,4.86,4.93,3.88,5.14,5.08,4.41,3.77,3.89,8.93,6.92,5.60,4.40,4.28,3.93,6.26,4.35,10.22,4.09,4.44,4.29,4.95,9.07,4.14,5.52,7.24,6.52,4.74,10.13]
  │   rollout 3 | reward=1.00 | ✓succ noise‖·‖seq=[5.43,6.25,3.93,5.13,4.93,5.98,4.76,4.83,4.72,4.18,4.97,5.54,4.59,3.99,4.84,4.61,7.12,10.47,5.11,4.29,5.35,4.15,5.41,4.73,5.03,5.25,3.85,5.62,5.25,4.13,4.05,3.78,9.80,7.59,5.49,4.50,3.89,3.77,6.07,4.66,11.28,4.20,4.61,4.37,5.45,9.55,3.87,6.11,7.52,7.12,4.98,9.61]
  │   rollout 4 | reward=0.00 | ✗fail noise‖·‖seq=[4.79,6.55,3.94,5.19,4.42,6.20,4.48,4.68,4.82,4.60,5.18,5.45,4.45,3.89,5.53,4.85,7.70,9.35,5.41,4.11,5.45,3.99,5.50,5.21,5.15,4.70,4.14,5.51,5.19,4.60,3.91,4.21,8.60,7.19,5.38,4.38,4.15,3.69,6.61,4.57,10.05,3.84,4.74,4.09,5.44,9.32,4.03,6.01,7.61,7.01,4.53,9.68]
  │   rollout 5 | reward=1.00 | ✓succ noise‖·‖seq=[5.74,5.75,4.10,5.05,4.74,6.11,4.56,4.91,4.97,4.65,5.12,5.44,4.39,3.96,5.31,4.80,7.14,10.11,5.05,4.10,5.44,4.12,5.59,4.76,4.79,5.32,3.87,5.08,5.44,4.77,4.36,3.92,9.07,7.55,5.57,4.68,3.66,3.68,6.19,4.45,10.39,4.39,4.38,3.81,5.61,9.46,4.34,6.14,7.78,6.90,4.91,10.11]
  │   rollout 6 | reward=1.00 | ✓succ noise‖·‖seq=[5.51,6.15,3.87,5.38,4.43,6.44,5.07,5.13,5.01,4.22,5.20,5.23,4.46,3.99,5.24,5.14,7.17,9.67,5.42,3.94,5.66,3.79,5.52,4.82,4.64,4.99,3.79,5.77,5.34,4.62,4.20,4.05,9.33,7.75,5.32,4.96,3.74,4.23,5.87,4.22,9.85,3.80,4.84,3.91,5.33,8.93,4.00,6.43,6.68,7.43,4.49,9.78]
  │   rollout 7 | reward=1.00 | ✓succ noise‖·‖seq=[5.71,5.72,4.08,4.90,4.81,6.13,4.58,4.87,4.79,4.47,5.17,5.70,4.43,4.30,5.72,4.89,7.46,10.56,6.05,3.89,5.48,3.96,5.39,5.39,4.75,4.52,4.31,5.53,4.86,4.64,4.04,3.93,9.27,7.72,5.58,4.62,4.08,4.03,6.43,4.17,10.20,3.75,4.44,4.06,5.27,9.30,3.89,5.92,7.05,7.57,4.82,9.72]
  └────────────────────────────────────────
  ┌─ Group 5 | task~group5 | SR=8/8=1.00  inject-steps=[5,2,7,1,5,1,5,3,7,5,8,5,9,8,6,5,0,2,6,2,6,6,7,2,1,4,3,8,2,1,0,8,7,3,7,0,1,9,2,3,2,2,6,9,6,9,6,7,9,0,0,6]
  │   rollout 0 | reward=1.00 | ✓succ noise‖·‖seq=[4.86,7.67,5.08,10.74,5.40,10.21,5.07,6.06,4.62,4.99,4.32,5.09,3.90,4.59,5.26,4.99,9.61,6.99,4.82,7.02,4.62,4.79,4.69,7.34,10.64,5.98,5.70,4.68,7.26,10.29,8.82,4.77,4.47,6.30,4.55,9.69,10.31,3.88,6.93,6.63,7.11,7.43,5.04,4.38,4.67,3.68,5.24,4.66,4.09,8.92,10.27,5.02]
  │   rollout 1 | reward=1.00 | ✓succ noise‖·‖seq=[4.94,6.73,4.85,10.56,4.87,9.17,5.29,5.88,4.41,5.21,4.39,4.61,4.21,4.38,4.79,5.48,9.12,7.10,5.11,7.25,5.00,4.93,4.67,7.04,10.24,5.73,6.15,4.63,7.05,10.18,9.78,4.83,4.40,5.73,4.39,8.66,10.20,3.82,7.37,5.91,7.15,7.21,4.95,4.22,5.09,3.76,5.11,4.31,4.00,8.99,8.51,4.86]
  │   rollout 2 | reward=1.00 | ✓succ noise‖·‖seq=[4.51,7.48,4.44,9.37,4.74,10.13,4.93,5.83,4.53,5.13,4.38,5.25,3.84,4.33,5.01,5.00,9.60,7.28,4.80,6.56,4.90,5.05,4.71,7.10,9.55,5.67,5.78,4.66,7.06,9.92,8.97,4.39,4.58,6.15,4.95,8.89,10.40,4.00,6.95,6.50,6.77,6.97,4.47,4.21,5.23,3.89,5.29,4.83,4.23,8.74,8.90,4.75]
  │   rollout 3 | reward=1.00 | ✓succ noise‖·‖seq=[4.97,7.73,4.64,10.47,5.16,9.98,5.01,6.06,4.71,5.00,4.44,5.25,3.70,4.77,4.83,5.14,9.09,7.12,5.04,6.95,4.80,4.83,4.56,6.86,10.39,5.70,6.17,4.60,7.23,10.42,9.01,4.66,4.49,6.39,4.21,9.39,11.24,3.81,6.61,6.10,6.52,6.73,4.75,4.30,5.06,4.02,4.99,4.52,4.09,9.18,9.10,4.90]
  │   rollout 4 | reward=1.00 | ✓succ noise‖·‖seq=[4.92,7.08,4.31,10.29,4.99,10.09,5.23,6.24,4.84,4.63,4.60,4.84,4.28,4.30,4.97,5.13,9.33,6.73,5.12,7.85,4.84,5.07,4.37,7.41,9.49,5.42,5.90,4.54,7.10,10.92,8.77,4.46,4.71,6.06,4.34,9.13,10.16,3.84,7.43,5.68,7.65,6.55,4.97,4.10,5.14,3.79,4.83,4.58,3.89,9.75,8.88,5.05]
  │   rollout 5 | reward=1.00 | ✓succ noise‖·‖seq=[4.80,7.21,4.79,10.58,5.28,9.34,4.86,6.08,4.62,5.22,4.47,5.49,3.86,4.49,4.69,4.90,9.70,7.14,5.22,7.26,5.00,4.85,4.58,6.78,10.47,5.56,5.72,4.26,6.95,10.09,9.71,4.41,4.71,6.65,4.85,9.64,9.94,4.12,7.41,5.70,7.45,7.34,5.12,3.94,5.14,4.03,5.28,4.46,4.22,9.06,8.93,4.54]
  │   rollout 6 | reward=1.00 | ✓succ noise‖·‖seq=[5.06,7.37,4.55,10.06,5.08,10.33,4.81,6.69,5.15,4.89,4.22,4.67,3.67,4.56,5.17,5.05,9.26,7.58,4.95,7.18,4.88,5.24,4.43,7.16,10.27,4.99,5.95,4.64,6.98,9.89,8.59,4.17,4.46,6.27,4.58,8.67,9.99,4.17,7.11,6.37,6.98,7.14,4.90,4.06,4.72,4.08,4.74,4.98,3.55,8.89,9.93,4.91]
  │   rollout 7 | reward=1.00 | ✓succ noise‖·‖seq=[5.07,7.58,4.51,9.89,4.90,10.08,5.39,6.02,4.86,5.49,4.50,5.05,3.99,4.62,4.89,5.15,9.01,7.36,4.93,7.32,4.75,5.09,4.97,6.96,9.74,5.43,5.96,4.61,6.74,10.53,9.00,4.04,4.76,6.29,4.63,8.58,9.48,3.97,7.21,6.55,8.04,7.01,5.03,4.27,5.35,3.90,5.26,4.33,3.83,8.94,9.27,4.46]
  └────────────────────────────────────────
  ┌─ Group 6 | task~group6 | SR=8/8=1.00  inject-steps=[5,4,4,8,2,7,2,2,5,3,4,6,5,1,8,0,9,9,6,9,2,8,2,3,4,1,1,9,0,1,1,3,0,4,6,7,6,4,9,9,6,6,1,9,1,3,3,3,6,0,5,2]
  │   rollout 0 | reward=1.00 | ✓succ noise‖·‖seq=[4.85,6.16,5.78,4.56,7.33,4.25,7.11,7.48,5.22,6.13,5.43,4.81,4.89,9.22,4.49,9.35,3.84,3.95,5.08,4.10,7.42,4.39,7.22,5.68,5.97,10.32,9.12,4.11,8.94,10.66,9.99,6.29,9.03,5.90,4.60,4.43,4.83,5.62,3.64,4.07,4.94,5.00,10.15,4.14,10.24,5.90,6.31,5.66,4.98,9.20,5.14,6.69]
  │   rollout 1 | reward=1.00 | ✓succ noise‖·‖seq=[5.13,5.62,5.39,4.33,7.58,4.77,7.44,7.64,4.48,5.91,5.39,4.65,5.19,10.49,4.41,9.27,4.20,4.03,4.91,3.93,6.95,4.38,7.50,6.38,5.22,9.81,10.10,3.96,9.48,10.51,10.37,6.06,9.46,5.35,5.08,4.47,5.04,5.52,3.90,4.04,5.16,5.08,10.38,3.98,9.99,6.42,5.89,6.31,4.51,9.40,4.79,6.70]
  │   rollout 2 | reward=1.00 | ✓succ noise‖·‖seq=[4.77,5.26,5.21,4.30,6.86,4.36,6.96,6.97,4.93,5.87,6.00,5.28,5.06,10.07,4.95,9.85,4.08,4.39,4.66,3.76,7.39,4.37,6.65,6.03,5.58,10.50,10.15,4.28,9.71,9.24,9.63,6.11,10.10,5.59,5.12,4.83,4.40,5.67,4.00,3.83,4.77,5.05,10.58,4.16,10.26,6.16,6.04,6.24,4.73,9.18,4.81,8.04]
  │   rollout 3 | reward=1.00 | ✓succ noise‖·‖seq=[4.81,5.61,5.71,4.54,7.12,4.52,7.36,7.11,4.72,5.98,5.44,4.66,4.74,10.39,4.45,9.15,4.07,3.66,4.84,4.00,6.98,4.38,8.03,5.73,5.25,9.63,10.53,4.05,9.47,10.27,9.31,6.43,9.38,5.69,4.76,4.72,4.60,5.59,3.94,4.26,4.86,5.09,10.45,3.80,10.93,5.94,5.97,6.41,4.85,9.30,4.58,7.41]
  │   rollout 4 | reward=1.00 | ✓succ noise‖·‖seq=[5.02,6.08,5.33,4.63,6.86,4.36,6.71,7.22,5.33,6.58,5.53,5.00,5.06,10.35,4.32,9.08,3.82,3.64,4.92,3.89,7.03,4.56,7.20,6.29,5.67,10.79,9.41,4.28,9.65,10.51,10.37,5.77,9.58,5.25,4.81,4.48,4.54,5.86,4.04,4.10,4.73,4.68,9.32,4.12,10.02,6.21,5.64,6.13,4.96,8.71,4.89,6.87]
  │   rollout 5 | reward=1.00 | ✓succ noise‖·‖seq=[4.95,4.92,5.37,4.18,7.02,4.92,7.15,6.85,5.37,5.98,5.17,4.69,4.96,10.00,4.55,9.09,4.01,3.71,4.64,4.09,7.42,4.45,6.47,6.09,5.29,10.73,10.36,3.97,9.20,10.51,9.63,6.38,8.79,5.64,4.92,4.84,4.74,5.92,3.65,3.83,4.96,5.42,10.61,3.91,9.13,6.47,6.17,5.89,5.04,9.22,5.33,7.66]
  │   rollout 6 | reward=1.00 | ✓succ noise‖·‖seq=[4.78,5.50,5.10,4.77,7.93,4.59,7.65,7.13,5.17,6.12,5.64,5.06,5.41,10.81,4.30,8.94,4.12,3.99,4.55,4.11,7.42,4.24,7.36,5.95,5.44,10.07,10.20,3.78,9.34,10.04,9.44,5.87,9.19,5.37,4.92,4.56,4.57,5.15,3.80,4.05,5.00,4.96,9.71,4.03,10.15,5.98,6.35,6.14,4.99,9.09,4.67,6.99]
  │   rollout 7 | reward=1.00 | ✓succ noise‖·‖seq=[5.23,5.35,5.39,4.18,7.09,4.22,6.77,7.21,4.73,5.88,5.51,5.00,4.81,9.54,3.96,9.57,3.94,3.78,4.92,4.02,7.55,4.62,7.31,5.46,5.67,9.83,8.48,3.72,9.12,10.22,10.57,6.12,9.45,5.73,4.92,4.35,4.98,5.08,3.82,3.99,5.37,5.14,9.88,3.99,9.89,6.56,5.83,5.82,4.66,10.32,4.89,7.25]
  └────────────────────────────────────────
  ┌─ Group 7 | task~group7 | SR=7/8=0.88  inject-steps=[9,1,3,8,6,2,9,5,5,4,2,2,5,1,6,9,3,5,5,5,7,8,3,0,5,5,6,9,7,0,9,4,2,4,0,6,0,3,0,2,1,3,7,6,1,7,5,0,7,0,1,5]
  │   rollout 0 | reward=0.00 | ✗fail noise‖·‖seq=[4.03,10.19,5.79,4.41,4.63,7.29,3.99,4.92,5.27,5.54,7.11,7.16,4.94,9.25,4.74,4.22,5.72,4.89,5.02,5.16,4.88,4.55,5.94,9.34,5.00,4.73,4.57,3.89,4.31,9.79,3.94,5.50,7.23,5.18,8.72,5.08,9.72,6.37,8.71,7.19,9.72,5.73,4.53,4.78,9.78,4.38,5.40,9.15,4.76,9.48,10.50,4.84]
  │   rollout 1 | reward=1.00 | ✓succ noise‖·‖seq=[3.76,9.90,6.60,4.77,4.62,6.81,3.96,5.12,5.30,5.38,6.85,6.96,4.60,9.80,4.71,3.90,6.21,4.77,5.47,5.39,4.55,4.63,5.91,9.11,4.83,4.86,5.17,4.21,4.57,8.98,3.76,5.01,6.99,5.20,9.33,4.59,9.03,6.05,9.01,6.51,10.16,5.71,4.52,4.63,10.13,5.04,4.62,9.34,4.91,9.55,9.44,4.52]
  │   rollout 2 | reward=1.00 | ✓succ noise‖·‖seq=[3.49,10.05,6.19,4.73,5.07,7.41,3.83,4.87,4.78,5.22,7.62,7.24,4.91,10.10,4.77,3.80,5.98,5.20,4.88,5.04,4.39,4.13,6.10,9.47,4.63,5.60,4.82,3.86,4.65,8.92,4.06,5.64,7.56,5.60,9.05,4.66,8.91,6.03,9.32,7.41,9.86,6.19,4.48,5.31,10.54,4.60,5.11,8.60,4.45,8.56,10.98,4.96]
  │   rollout 3 | reward=1.00 | ✓succ noise‖·‖seq=[3.91,10.44,5.98,4.41,4.76,7.33,3.76,4.88,4.90,5.54,6.72,7.67,4.96,10.17,4.96,4.12,6.17,4.79,5.02,4.89,4.35,4.18,6.31,8.96,4.65,4.73,5.18,4.10,4.70,9.47,4.30,5.36,6.31,5.19,9.13,4.48,9.08,6.15,9.20,7.35,9.74,6.29,4.97,5.34,9.47,4.74,4.65,9.33,4.31,9.30,10.53,5.17]
  │   rollout 4 | reward=1.00 | ✓succ noise‖·‖seq=[3.94,10.90,5.95,4.41,4.71,7.14,3.91,4.97,4.94,5.50,7.91,6.90,5.60,10.94,4.58,3.89,5.97,5.26,5.81,4.89,4.37,4.41,5.76,9.97,4.99,5.15,5.05,4.22,4.61,9.16,3.89,5.32,6.93,5.22,8.98,4.91,9.46,5.90,9.06,7.31,10.26,5.85,4.62,5.14,10.39,4.39,5.11,9.30,4.53,9.61,10.48,5.06]
  │   rollout 5 | reward=1.00 | ✓succ noise‖·‖seq=[4.11,10.11,5.79,4.49,4.83,7.23,3.78,5.11,5.47,5.52,7.07,7.00,5.05,10.21,4.92,3.94,5.74,5.15,5.32,5.06,4.76,4.60,5.64,9.06,5.35,5.73,4.43,3.97,5.19,8.84,4.22,5.67,7.06,5.44,9.72,4.87,8.94,6.19,10.38,7.45,9.80,6.37,5.03,4.94,9.30,4.68,4.90,9.30,5.00,9.30,10.27,4.70]
  │   rollout 6 | reward=1.00 | ✓succ noise‖·‖seq=[4.05,10.50,5.85,4.02,5.01,7.03,3.98,4.96,4.96,5.11,6.91,7.50,4.57,10.00,4.70,3.80,6.13,4.86,4.57,5.34,4.53,4.54,5.81,9.43,5.62,5.46,5.01,4.14,4.65,8.40,3.90,5.28,7.58,5.70,8.94,5.00,9.20,6.05,9.34,7.52,10.23,5.96,4.80,4.51,9.79,4.81,5.53,8.97,4.26,8.77,9.77,5.12]
  │   rollout 7 | reward=1.00 | ✓succ noise‖·‖seq=[4.10,9.52,6.15,4.95,4.74,7.41,3.82,5.29,5.30,5.34,7.43,6.82,4.75,10.35,5.14,3.75,5.81,5.24,4.97,4.82,4.69,4.82,6.34,8.83,4.98,4.76,4.95,3.91,4.26,8.79,3.90,5.43,6.83,5.16,9.48,4.98,9.14,6.13,9.59,7.00,9.71,5.82,4.36,5.08,9.98,4.73,4.84,9.39,4.24,9.50,8.80,4.95]
  └────────────────────────────────────────

==============================================================================
GLOBAL STEP 5  |  rank/shard 0  |  8 group(s) x 8 rollouts  (B=64)
  ┌─ Group 0 | task~group0 | SR=4/8=0.50  inject-steps=[8,9,7,4,2,2,2,8,6,4,4,4,9,2,4,0,9,6,9,9,2,6,5,3,9,5,5,6,3,3,3,3,5,5,5,2,3,6,7,7,2,6,3,3,6,6,1,1,5,2,9,0]
  │   rollout 0 | reward=0.00 | ✗fail noise‖·‖seq=[4.42,3.96,4.12,5.22,7.60,7.05,7.15,4.14,5.13,5.64,5.54,5.25,3.89,7.41,5.26,9.54,3.95,5.20,3.96,4.04,7.73,4.88,5.19,6.13,3.45,5.15,5.13,5.23,6.35,5.98,6.38,5.89,5.18,5.22,4.74,6.97,5.99,4.60,4.59,5.04,7.73,4.31,6.09,6.17,4.94,5.19,9.79,9.83,4.59,7.12,3.93,9.36]
  │   rollout 1 | reward=0.00 | ✗fail noise‖·‖seq=[4.67,3.84,4.31,5.59,7.07,7.69,6.79,4.27,4.83,5.14,4.99,5.37,4.24,6.67,5.41,9.31,4.22,4.75,3.62,3.91,7.79,4.56,5.23,6.11,4.20,5.00,5.19,5.14,6.68,6.31,5.94,6.39,4.64,5.11,5.29,6.99,5.83,4.60,4.76,4.96,6.94,4.57,5.83,6.47,4.67,4.77,9.82,9.46,5.29,7.34,4.47,9.68]
  │   rollout 2 | reward=1.00 | ✓succ noise‖·‖seq=[4.60,3.94,4.86,5.63,7.64,7.01,7.51,4.03,5.06,5.68,5.61,5.55,4.22,7.00,6.00,9.01,3.84,4.63,4.03,4.13,6.78,5.07,5.07,5.67,3.84,4.73,5.08,4.82,6.03,5.90,6.03,6.08,5.14,4.83,5.09,6.77,6.23,4.96,5.00,5.00,6.83,5.08,5.84,6.00,5.02,5.01,10.72,9.23,4.76,6.75,3.97,9.06]
  │   rollout 3 | reward=1.00 | ✓succ noise‖·‖seq=[4.39,3.90,4.55,5.81,7.27,7.06,7.02,4.35,4.73,5.56,5.51,6.14,4.27,7.08,5.35,9.18,4.21,5.08,3.80,4.11,7.04,4.67,4.85,5.96,3.96,5.07,5.02,5.10,5.80,5.56,5.45,5.51,5.19,5.27,5.09,6.98,5.85,5.30,4.70,4.43,7.51,4.70,5.53,5.86,4.48,4.35,10.51,10.28,5.06,6.76,3.79,10.39]
  │   rollout 4 | reward=1.00 | ✓succ noise‖·‖seq=[4.48,4.12,4.70,5.64,7.43,6.53,7.32,4.48,4.91,5.84,5.33,5.23,4.02,7.03,5.23,8.77,3.83,4.65,3.88,3.97,7.18,4.83,4.50,6.43,3.87,4.91,4.61,5.11,6.53,6.77,5.84,5.85,5.30,5.36,5.33,7.82,6.28,4.72,4.64,4.71,6.92,4.83,6.18,5.75,4.80,4.81,10.37,9.65,5.33,7.21,4.01,10.12]
  │   rollout 5 | reward=1.00 | ✓succ noise‖·‖seq=[4.24,3.71,4.52,5.66,7.07,6.62,6.55,4.33,4.73,5.03,5.39,5.36,4.13,6.66,5.67,8.50,3.89,5.05,4.15,4.18,7.72,4.96,5.08,5.75,4.21,5.56,4.91,4.43,5.85,6.14,6.48,6.28,4.91,4.56,5.46,6.56,6.48,4.77,4.90,4.94,7.84,4.79,6.26,6.36,4.84,4.87,10.26,10.09,5.32,6.79,4.05,9.33]
  │   rollout 6 | reward=0.00 | ✗fail noise‖·‖seq=[4.29,3.85,4.94,5.45,6.96,7.13,7.49,4.45,4.75,5.76,5.50,5.10,3.93,7.32,5.62,8.92,4.06,4.57,4.02,3.94,6.93,4.92,4.89,5.96,4.21,4.70,5.23,4.93,6.05,5.56,5.66,5.99,4.90,5.08,4.95,7.61,5.99,4.82,4.69,4.38,6.89,5.31,5.64,6.03,5.01,4.58,10.27,9.85,4.78,7.33,4.23,9.22]
  │   rollout 7 | reward=0.00 | ✗fail noise‖·‖seq=[4.59,3.85,5.02,5.66,7.30,7.30,7.47,4.18,4.68,5.58,5.67,5.46,4.04,6.93,5.15,9.85,4.03,5.14,3.52,4.09,7.11,5.23,5.08,6.07,4.05,5.12,4.63,4.75,6.13,6.09,5.89,5.79,4.83,4.42,5.11,7.41,6.19,5.31,4.33,4.52,7.39,5.07,5.68,6.26,5.18,4.69,10.44,9.60,5.06,7.28,4.05,9.46]
  └────────────────────────────────────────
  ┌─ Group 1 | task~group1 | SR=8/8=1.00  inject-steps=[3,6,6,0,3,1,0,9,3,5,1,8,2,6,6,3,8,5,5,2,2,4,3,1,5,8,7,9,4,8,0,6,7,7,4,0,4,5,2,1,3,9,4,7,6,4,0,3,5,5,9,2]
  │   rollout 0 | reward=1.00 | ✓succ noise‖·‖seq=[5.85,5.25,4.89,9.09,6.45,9.82,9.35,3.83,6.53,5.05,9.36,4.30,6.89,4.71,5.01,6.23,4.62,5.37,5.44,7.27,7.77,5.22,6.03,9.46,5.37,4.21,4.78,4.06,5.48,4.61,9.23,5.10,4.63,4.58,5.34,9.53,5.39,4.84,7.39,10.93,6.31,3.83,5.48,4.81,4.86,5.65,9.40,5.69,5.01,4.85,4.25,6.64]
  │   rollout 1 | reward=1.00 | ✓succ noise‖·‖seq=[6.29,4.80,4.25,9.81,5.81,10.37,10.20,3.82,6.43,5.49,10.88,4.66,7.30,4.46,4.95,5.94,4.77,5.06,5.10,6.91,7.73,5.60,6.26,9.88,4.96,4.41,4.57,4.24,5.14,4.42,8.73,5.12,4.90,4.35,5.28,9.14,5.59,5.27,7.11,10.34,6.23,3.89,5.43,4.53,4.92,5.28,9.35,6.25,5.32,4.75,4.15,7.68]
  │   rollout 2 | reward=1.00 | ✓succ noise‖·‖seq=[5.68,4.79,5.48,10.12,6.47,11.05,9.72,4.05,6.20,5.02,10.73,4.11,7.25,4.65,5.04,6.36,4.71,5.35,4.81,7.49,7.39,5.65,6.18,9.70,5.28,4.39,4.52,3.78,5.54,4.54,9.66,4.97,4.43,4.62,5.10,9.46,6.18,4.87,7.11,10.45,5.88,3.97,5.21,4.72,5.08,5.22,9.44,5.77,5.12,5.19,4.06,7.58]
  │   rollout 3 | reward=1.00 | ✓succ noise‖·‖seq=[6.42,5.31,5.15,9.42,6.38,9.79,10.15,3.70,6.58,5.19,9.83,4.43,6.89,4.90,4.84,6.20,4.75,4.53,5.26,7.20,7.30,5.24,5.79,10.09,5.12,4.13,4.85,3.93,5.37,4.73,9.24,4.88,4.86,4.41,5.18,8.70,5.32,4.69,6.87,10.21,6.09,4.27,5.92,4.37,4.66,5.71,10.18,6.32,5.22,5.18,4.07,6.77]
  │   rollout 4 | reward=1.00 | ✓succ noise‖·‖seq=[6.13,4.85,4.68,9.65,6.18,9.51,10.02,3.84,6.00,5.45,10.63,4.25,6.85,5.18,4.68,6.26,4.15,4.85,4.97,6.66,6.56,5.66,6.20,9.69,4.64,4.29,4.86,3.85,5.18,4.38,9.68,4.81,4.84,4.53,5.26,9.44,5.75,5.19,7.99,10.47,6.28,3.98,5.55,4.65,4.91,5.30,9.10,6.03,5.07,4.74,3.69,6.86]
  │   rollout 5 | reward=1.00 | ✓succ noise‖·‖seq=[5.74,4.97,5.03,9.04,6.69,9.58,9.85,4.09,6.33,5.37,10.23,4.71,7.37,5.01,4.89,5.92,4.63,4.89,5.28,7.53,6.83,5.66,6.29,10.33,4.74,4.27,4.64,3.76,5.60,4.46,9.60,4.92,4.66,4.67,5.23,8.84,5.29,4.70,7.22,11.28,6.40,4.14,5.69,5.11,5.13,5.39,8.91,6.20,4.93,5.03,4.04,7.33]
  │   rollout 6 | reward=1.00 | ✓succ noise‖·‖seq=[5.65,4.97,4.92,9.42,6.51,11.08,9.59,4.50,5.74,5.26,10.43,4.70,7.54,5.06,4.88,6.17,4.56,4.95,4.68,7.20,7.90,5.69,6.23,10.71,4.89,4.47,4.65,4.34,5.09,4.65,9.07,4.67,4.75,4.76,5.60,8.55,5.62,4.98,7.14,9.31,5.86,3.75,5.79,5.07,4.67,5.59,8.72,6.15,5.13,5.25,3.70,7.10]
  │   rollout 7 | reward=1.00 | ✓succ noise‖·‖seq=[6.61,4.81,4.88,8.99,5.99,10.23,9.79,3.65,6.31,4.95,10.47,4.81,6.72,4.52,4.92,6.00,4.38,5.05,5.50,7.39,6.62,5.28,6.25,10.83,4.97,4.33,4.98,4.14,5.52,4.56,9.29,4.86,4.30,4.54,5.82,8.95,5.44,5.18,7.43,10.23,5.54,4.04,5.58,4.69,4.91,5.18,9.47,5.91,4.94,4.71,4.03,7.49]
  └────────────────────────────────────────
  ┌─ Group 2 | task~group2 | SR=0/8=0.00  inject-steps=[7,3,0,5,7,8,4,3,5,9,7,0,8,1,1,5,5,8,3,0,7,9,1,7,3,6,9,6,1,9,0,3,1,9,9,5,6,2,6,9,8,1,9,5,8,7,4,1,2,4,8,5]
  │   rollout 0 | reward=0.00 | ✗fail noise‖·‖seq=[4.81,6.11,9.21,4.81,4.25,4.51,5.69,6.12,5.25,3.87,4.48,8.55,4.30,10.07,9.35,4.72,4.89,4.59,5.79,9.14,4.25,3.85,10.39,4.61,6.22,5.05,3.91,4.81,10.20,3.76,8.90,6.09,10.28,3.88,3.72,5.31,4.69,7.60,4.76,3.97,4.77,9.91,3.68,5.17,4.44,4.49,5.28,10.70,7.07,5.05,4.71,5.26]
  │   rollout 1 | reward=0.00 | ✗fail noise‖·‖seq=[4.45,6.25,8.86,5.13,4.68,4.23,5.54,6.09,5.29,4.22,4.53,9.34,4.63,10.36,10.51,5.17,4.59,4.42,6.44,9.77,4.49,3.96,10.39,4.55,5.81,4.74,3.88,4.91,10.33,3.73,9.21,6.17,10.31,4.50,3.61,4.89,4.73,7.37,5.20,3.83,4.21,9.44,4.17,4.93,4.64,4.46,5.27,10.48,7.21,5.42,4.49,5.28]
  │   rollout 2 | reward=0.00 | ✗fail noise‖·‖seq=[4.61,5.72,9.47,5.29,5.26,4.76,5.06,6.07,5.32,4.19,4.47,9.55,4.54,9.73,10.42,4.77,4.81,4.25,5.80,9.40,4.36,3.96,10.50,4.69,6.18,5.06,3.70,4.76,10.08,3.95,9.47,5.91,10.49,4.11,4.17,5.16,4.99,7.46,4.87,4.32,4.83,9.92,4.06,5.11,4.37,4.70,5.44,10.53,7.43,5.58,4.26,5.05]
  │   rollout 3 | reward=0.00 | ✗fail noise‖·‖seq=[4.84,5.96,8.42,4.64,4.28,4.18,5.77,5.91,5.45,4.09,4.26,8.62,4.57,10.39,10.70,5.28,5.41,4.65,6.44,9.76,4.46,4.04,10.67,4.74,6.41,4.63,4.31,4.74,9.99,4.40,9.07,6.51,10.39,3.93,4.02,4.80,4.87,7.17,4.57,3.90,4.20,9.51,3.97,5.28,4.41,4.78,5.26,10.32,7.01,5.53,4.60,5.22]
  │   rollout 4 | reward=0.00 | ✗fail noise‖·‖seq=[4.42,6.08,9.55,4.98,4.85,4.77,5.87,6.05,5.17,4.19,4.44,8.92,4.29,9.76,9.52,5.50,4.99,4.62,6.10,9.76,4.61,3.90,9.75,4.51,6.14,4.34,4.07,5.07,10.20,4.23,8.99,5.78,10.21,3.83,4.06,4.80,4.55,7.36,5.08,3.68,4.35,10.43,4.20,5.09,4.34,4.28,5.38,9.99,6.92,5.40,4.41,5.05]
  │   rollout 5 | reward=0.00 | ✗fail noise‖·‖seq=[5.13,5.98,9.66,5.61,4.78,4.26,5.83,6.11,5.24,4.12,4.96,9.22,4.80,10.08,9.91,4.77,4.98,4.23,6.28,9.46,4.60,4.12,10.18,4.66,5.55,4.64,4.24,4.92,9.96,4.09,8.85,6.21,10.47,3.79,3.67,4.32,5.04,6.96,4.74,4.12,4.25,9.49,3.81,5.50,4.16,4.50,5.29,9.19,6.87,5.58,4.33,5.09]
  │   rollout 6 | reward=0.00 | ✗fail noise‖·‖seq=[4.60,6.32,9.44,5.02,4.91,4.37,5.40,5.38,5.14,3.95,4.79,8.90,4.47,9.76,10.30,5.34,4.77,4.64,6.04,9.44,4.70,3.67,9.43,4.58,6.19,4.76,3.96,4.97,9.48,3.89,9.54,6.00,9.72,3.89,4.22,5.17,4.43,7.11,4.83,4.06,4.61,9.83,3.89,4.84,4.27,4.88,5.49,10.61,7.16,4.90,4.37,4.59]
  │   rollout 7 | reward=0.00 | ✗fail noise‖·‖seq=[4.75,6.16,8.64,4.96,4.50,4.30,5.83,6.10,5.58,3.89,4.31,10.35,4.32,10.44,10.08,5.13,5.12,4.41,6.15,9.14,4.48,4.12,9.84,4.84,5.86,4.77,3.71,4.85,9.10,4.16,9.50,6.03,9.63,4.25,3.92,4.88,4.75,7.50,4.86,4.24,4.31,10.49,3.96,4.97,4.38,4.62,5.28,9.70,6.95,5.64,4.37,4.88]
  └────────────────────────────────────────
  ┌─ Group 3 | task~group3 | SR=8/8=1.00  inject-steps=[8,0,8,7,5,2,6,4,4,0,6,3,4,3,9,2,1,6,4,9,5,3,1,9,8,9,7,7,4,2,6,2,7,9,6,8,5,9,0,1,5,2,4,7,4,6,0,9,6,9,7,6]
  │   rollout 0 | reward=1.00 | ✓succ noise‖·‖seq=[4.33,9.12,4.54,4.46,5.22,7.32,4.94,5.76,5.57,9.27,5.23,6.02,5.64,5.87,3.96,7.80,9.86,4.77,5.60,4.02,4.67,6.10,9.92,3.87,4.37,3.81,4.38,4.59,5.38,6.91,4.44,6.93,4.40,3.99,4.74,4.63,4.97,3.93,9.18,9.79,4.85,6.64,5.45,4.79,5.40,4.42,9.10,3.67,4.73,4.14,4.79,4.99]
  │   rollout 1 | reward=1.00 | ✓succ noise‖·‖seq=[4.35,9.26,4.10,4.56,4.95,7.05,4.83,5.67,5.51,9.71,4.79,6.13,5.49,5.93,3.86,7.13,9.45,4.84,5.52,4.06,4.60,5.87,10.74,4.02,4.46,3.89,5.07,4.69,5.19,6.84,4.79,7.09,4.05,3.80,4.93,4.67,4.93,4.25,8.27,10.85,4.78,6.95,5.65,5.02,5.23,5.30,9.47,3.94,4.71,4.05,4.94,4.55]
  │   rollout 2 | reward=1.00 | ✓succ noise‖·‖seq=[4.33,9.81,4.28,4.98,5.07,7.40,4.54,5.21,5.53,9.32,4.91,6.21,5.67,6.04,3.96,7.18,10.68,5.30,5.13,3.89,4.67,6.45,9.68,3.99,4.52,3.86,4.44,4.72,5.59,6.61,4.91,6.29,4.50,3.79,5.23,4.45,4.64,4.23,9.07,10.28,5.26,7.39,5.20,4.50,5.60,4.97,9.49,3.87,4.80,4.11,4.54,4.34]
  │   rollout 3 | reward=1.00 | ✓succ noise‖·‖seq=[4.25,9.63,4.52,4.78,4.44,7.69,4.77,5.50,5.29,8.99,5.05,5.87,5.39,6.53,4.11,7.69,10.69,5.04,5.37,4.10,5.16,6.31,9.67,4.13,4.04,3.91,4.50,4.80,5.56,6.89,5.00,7.40,4.71,4.15,4.59,4.15,5.34,3.96,9.09,10.23,5.32,7.51,5.70,4.29,5.36,5.27,8.92,4.01,5.12,3.85,4.83,4.87]
  │   rollout 4 | reward=1.00 | ✓succ noise‖·‖seq=[4.26,9.04,4.74,4.97,4.78,7.41,4.88,5.56,5.23,10.39,5.17,5.92,5.70,6.32,4.06,6.16,9.62,4.70,5.58,4.23,4.98,5.86,9.81,4.02,4.47,3.75,4.45,4.52,5.28,7.34,4.87,6.28,4.35,4.08,4.66,4.60,5.43,4.07,9.11,9.64,5.16,7.50,5.01,4.79,5.69,4.93,8.55,3.70,5.11,4.32,4.61,4.51]
  │   rollout 5 | reward=1.00 | ✓succ noise‖·‖seq=[4.31,8.81,4.21,4.61,5.28,6.80,4.95,5.57,6.10,9.12,4.76,6.40,5.02,6.06,4.06,7.27,10.43,4.86,5.08,3.77,4.75,6.25,10.32,3.81,4.36,3.94,4.85,4.75,5.50,6.73,4.65,7.65,4.64,4.33,4.52,4.35,5.65,3.86,8.95,10.15,4.65,6.81,5.00,4.48,5.30,4.71,10.07,3.83,4.68,3.80,4.71,4.67]
  │   rollout 6 | reward=0.00 | ✓succ noise‖·‖seq=[4.35,9.29,4.43,4.42,5.04,7.35,4.85,5.35,5.34,9.44,4.91,6.66,5.47,5.79,4.12,6.84,10.82,4.79,5.26,4.19,5.28,6.76,9.41,3.98,4.26,4.03,5.11,4.77,5.77,7.65,4.76,7.02,4.63,3.78,4.70,4.64,4.44,3.68,9.45,9.97,5.32,7.14,5.84,4.69,5.54,4.76,9.60,4.10,4.42,4.03,4.49,5.00]
  │   rollout 7 | reward=1.00 | ✓succ noise‖·‖seq=[4.65,9.00,4.20,4.84,5.25,7.01,5.16,5.48,5.10,9.29,4.85,5.94,6.12,5.88,3.80,8.08,10.50,4.82,5.84,3.81,4.88,5.41,10.45,4.07,4.40,3.84,4.23,4.37,5.24,7.48,5.02,6.44,4.67,4.00,4.53,4.51,5.05,4.43,9.31,9.83,5.02,6.85,5.30,4.85,5.39,4.65,9.63,4.33,4.70,3.78,4.59,4.68]
  └────────────────────────────────────────
  ┌─ Group 4 | task~group4 | SR=6/8=0.75  inject-steps=[0,9,4,7,7,7,7,0,2,8,1,7,5,8,0,4,2,3,1,7,7,1,0,6,8,1,2,1,1,6,0,9,9,5,9,0,2,6,7,4,6,0,0,3,0,3,3,3,9,8,6,7]
  │   rollout 0 | reward=1.00 | ✓succ noise‖·‖seq=[9.98,4.25,5.04,4.56,4.61,4.97,4.82,9.39,7.06,4.63,10.06,4.58,5.20,4.43,9.49,5.80,7.25,6.22,10.56,4.65,4.69,10.82,9.51,4.57,4.27,10.88,7.35,10.23,10.14,4.83,8.93,3.66,3.60,5.44,4.05,8.86,7.38,4.43,4.35,5.13,4.63,9.09,9.74,5.70,9.52,5.83,6.06,6.42,3.73,4.63,4.89,4.86]
  │   rollout 1 | reward=1.00 | ✓succ noise‖·‖seq=[8.77,4.21,5.37,4.44,4.81,4.65,4.86,8.65,6.92,4.08,9.69,4.57,4.99,4.87,9.57,5.83,7.04,5.88,9.63,4.59,4.66,10.51,9.56,4.80,4.34,9.79,7.13,9.68,10.54,4.77,9.61,4.08,3.91,4.86,4.20,8.48,6.61,5.01,4.73,5.37,4.64,8.65,8.36,5.74,8.87,6.36,5.96,6.07,3.86,4.45,5.23,4.94]
  │   rollout 2 | reward=0.00 | ✗fail noise‖·‖seq=[9.51,4.18,5.59,5.09,4.54,4.60,4.58,9.07,7.05,4.48,10.07,4.26,5.41,4.37,9.67,5.62,6.54,5.95,8.88,4.75,4.70,10.71,9.07,5.05,4.40,9.59,7.31,9.49,10.64,4.87,8.78,3.87,3.97,4.81,4.15,9.17,6.76,5.09,4.69,5.54,5.03,8.95,9.15,6.55,9.55,5.79,5.93,5.79,3.79,4.30,4.84,4.79]
  │   rollout 3 | reward=1.00 | ✓succ noise‖·‖seq=[8.85,3.86,5.53,4.60,4.43,4.77,4.85,9.33,6.95,4.57,9.65,4.32,4.99,4.36,9.63,5.70,7.42,5.78,9.53,4.86,4.80,9.96,9.84,4.74,4.24,10.31,7.06,10.34,9.63,5.07,8.70,3.58,4.25,4.95,4.01,9.38,6.90,4.82,4.72,5.28,4.79,9.10,9.24,6.21,8.89,6.05,5.54,6.38,4.20,4.34,4.97,4.66]
  │   rollout 4 | reward=0.00 | ✓succ noise‖·‖seq=[8.87,3.84,5.17,4.82,5.02,4.59,4.57,9.37,7.77,4.75,10.52,4.58,5.60,4.54,8.85,5.57,7.03,5.57,10.38,4.43,4.76,9.88,9.42,4.79,4.48,10.44,6.82,10.45,9.69,5.17,9.17,3.84,3.99,5.01,3.80,9.84,7.42,4.46,4.45,5.28,4.74,8.97,9.25,5.68,9.07,6.26,5.75,6.04,3.92,4.28,5.11,4.64]
  │   rollout 5 | reward=1.00 | ✓succ noise‖·‖seq=[9.88,4.19,5.55,4.51,5.01,4.70,4.67,9.20,7.04,4.48,9.89,4.61,5.14,4.37,8.67,5.31,7.00,6.25,10.60,4.63,4.79,9.70,9.79,5.09,4.32,10.27,7.33,10.00,9.53,5.06,9.00,4.33,4.10,4.87,4.15,9.35,7.31,4.72,4.63,5.45,4.74,8.26,8.96,6.12,9.12,5.69,5.49,6.27,4.10,4.40,4.76,4.41]
  │   rollout 6 | reward=1.00 | ✓succ noise‖·‖seq=[9.15,4.07,5.19,4.67,4.49,4.55,4.71,9.51,7.48,4.63,10.99,4.87,4.98,4.46,9.13,5.61,7.39,5.94,10.57,4.77,4.27,10.30,9.24,4.60,4.38,10.55,7.40,10.41,9.83,4.98,9.08,4.28,3.74,5.27,3.71,9.71,7.41,4.94,4.58,5.20,4.31,9.51,9.75,6.10,8.96,6.29,6.26,6.04,4.35,4.49,4.86,4.55]
  │   rollout 7 | reward=0.00 | ✗fail noise‖·‖seq=[9.41,4.24,5.40,5.05,4.73,4.46,4.66,10.12,7.89,4.40,9.88,4.67,5.20,4.27,9.51,5.24,7.25,5.65,9.67,4.86,4.63,10.81,9.48,4.69,4.06,10.47,6.75,10.74,11.22,5.25,8.71,4.15,3.83,5.13,3.93,8.91,7.32,5.00,4.32,5.62,4.91,9.18,9.40,6.28,9.99,5.75,6.97,6.30,3.79,4.79,4.50,4.40]
  └────────────────────────────────────────
  ┌─ Group 5 | task~group5 | SR=6/8=0.75  inject-steps=[9,2,3,9,5,5,9,4,3,7,3,9,1,6,9,0,5,0,8,6,2,9,5,9,9,9,3,0,9,0,0,0,0,7,5,0,4,2,6,6,3,7,7,0,7,0,1,2,5,8,1,5]
  │   rollout 0 | reward=1.00 | ✓succ noise‖·‖seq=[4.49,6.93,6.42,3.71,4.98,4.76,3.53,5.81,5.94,4.58,5.83,3.78,9.75,4.66,3.86,8.89,5.18,9.33,4.13,4.87,7.14,3.93,4.93,3.83,3.88,3.81,6.33,8.81,3.97,8.53,9.41,9.29,8.88,4.55,5.03,9.44,5.46,7.06,4.83,5.07,5.60,4.80,4.50,9.64,4.75,9.69,10.03,7.01,5.07,4.13,10.96,4.74]
  │   rollout 1 | reward=1.00 | ✓succ noise‖·‖seq=[4.15,6.61,5.75,4.18,4.77,4.77,3.94,5.32,6.74,4.37,5.78,4.05,9.80,4.61,4.14,8.84,5.02,9.15,4.04,5.22,7.26,3.87,5.11,3.82,3.74,4.51,6.06,9.35,4.12,8.85,9.54,8.92,8.73,4.38,4.77,8.54,5.39,7.53,4.75,4.74,5.95,4.60,4.84,9.75,4.11,9.65,10.52,6.83,5.19,4.23,10.61,5.20]
  │   rollout 2 | reward=1.00 | ✓succ noise‖·‖seq=[4.29,6.62,6.29,4.12,5.23,4.94,3.84,5.18,6.00,4.43,6.03,4.06,10.62,5.02,4.06,9.15,5.26,9.57,4.24,4.98,7.25,4.11,5.24,4.19,4.02,3.89,6.02,9.32,4.09,9.10,9.39,8.29,9.57,4.41,5.52,8.62,5.45,7.22,5.39,4.68,6.31,4.98,4.59,9.39,4.36,9.35,10.20,7.09,5.14,4.95,9.63,4.81]
  │   rollout 3 | reward=0.00 | ✗fail noise‖·‖seq=[4.03,7.06,6.28,4.14,4.88,4.69,3.85,4.94,5.95,4.68,6.05,4.07,9.44,4.93,4.02,9.49,4.75,8.90,4.68,4.99,6.65,4.26,5.18,3.91,3.91,4.52,5.81,9.55,4.05,8.72,10.01,8.90,9.79,4.67,5.14,9.22,5.05,6.88,5.25,4.54,6.40,5.12,4.55,9.38,4.97,9.56,9.44,6.61,4.90,4.22,10.96,5.29]
  │   rollout 4 | reward=0.00 | ✓succ noise‖·‖seq=[4.10,6.95,6.50,3.47,4.86,4.42,3.86,5.48,6.06,4.48,5.52,3.82,9.67,5.08,4.08,8.47,5.15,9.64,4.01,4.93,7.73,4.17,5.27,4.03,4.14,3.81,6.27,9.05,3.99,9.17,9.42,9.14,9.07,4.73,4.85,9.48,5.34,6.43,4.52,4.40,6.25,4.72,4.81,9.22,4.58,9.35,10.28,7.17,5.14,4.64,9.65,4.90]
  │   rollout 5 | reward=0.00 | ✗fail noise‖·‖seq=[3.89,7.36,6.02,3.98,5.01,4.98,3.79,5.55,5.85,4.83,6.20,4.08,10.30,5.10,4.03,8.70,5.08,9.03,4.53,5.00,7.01,3.91,5.10,3.79,4.22,3.53,6.19,9.22,4.16,9.95,9.80,9.36,9.07,4.58,5.45,9.34,5.17,6.35,5.03,5.10,6.36,4.84,5.27,9.00,4.43,9.20,10.21,6.65,5.51,4.83,9.89,4.69]
  │   rollout 6 | reward=1.00 | ✓succ noise‖·‖seq=[3.70,6.87,5.75,3.64,5.05,5.00,4.32,5.28,5.90,4.68,6.18,3.54,10.27,4.76,3.53,9.26,5.10,9.26,4.34,4.54,6.64,3.80,5.03,3.93,4.16,4.10,6.63,8.77,4.11,9.49,9.38,9.44,8.77,4.94,5.18,9.11,5.65,7.24,4.85,5.15,5.80,4.59,4.79,9.47,4.54,9.43,9.45,7.20,5.00,4.70,10.19,4.78]
  │   rollout 7 | reward=1.00 | ✓succ noise‖·‖seq=[4.22,7.63,5.95,3.99,4.88,4.77,3.99,5.61,6.26,4.63,5.78,4.06,9.99,5.00,3.83,9.44,4.97,9.38,4.40,4.89,7.06,3.94,4.96,3.74,3.88,3.55,6.02,9.22,3.99,9.21,9.32,8.37,9.19,4.78,4.80,9.05,5.70,6.89,5.15,4.72,6.56,4.81,4.24,9.55,4.39,9.47,9.70,7.33,5.21,4.17,9.41,4.95]
  └────────────────────────────────────────
  ┌─ Group 6 | task~group6 | SR=8/8=1.00  inject-steps=[3,5,8,9,4,9,6,7,6,3,4,8,5,2,3,6,0,1,9,7,4,7,8,7,5,4,9,8,9,7,1,6,8,1,3,2,0,5,1,3,9,7,5,2,0,9,9,8,5,4,8,0]
  │   rollout 0 | reward=1.00 | ✓succ noise‖·‖seq=[6.22,5.08,4.34,3.88,5.58,3.64,5.34,4.64,4.78,6.27,5.16,4.45,4.82,7.52,6.22,4.68,9.05,9.42,4.19,4.87,5.40,4.43,4.75,4.56,5.30,5.40,3.85,4.61,4.02,4.62,10.38,5.08,4.48,9.74,6.02,6.44,9.28,4.94,10.43,6.56,4.27,4.59,4.73,7.47,9.83,4.14,4.13,4.60,4.87,5.67,4.55,9.64]
  │   rollout 1 | reward=1.00 | ✓succ noise‖·‖seq=[6.13,5.19,4.45,4.10,5.45,3.84,4.76,4.52,5.08,5.87,4.56,4.34,5.29,7.10,5.76,4.77,9.31,9.69,4.27,4.57,5.75,4.63,4.42,4.39,5.11,5.22,3.75,4.47,3.85,4.28,9.86,5.06,4.48,10.24,5.97,7.38,8.90,5.02,10.20,6.49,4.03,4.34,5.16,6.96,8.77,4.20,3.75,4.51,5.06,5.01,4.40,8.91]
  │   rollout 2 | reward=1.00 | ✓succ noise‖·‖seq=[6.18,5.14,4.12,3.94,5.74,3.96,4.83,4.73,5.36,6.06,5.54,4.30,5.19,7.66,5.78,4.66,9.23,10.50,3.81,4.48,5.39,4.37,4.73,4.81,5.18,5.87,4.15,4.68,3.94,4.82,10.05,4.82,4.38,9.77,5.93,7.80,9.13,4.91,9.50,6.28,3.88,4.43,4.92,6.92,8.29,4.15,3.70,4.30,5.02,5.47,4.49,9.08]
  │   rollout 3 | reward=1.00 | ✓succ noise‖·‖seq=[6.27,5.01,4.24,4.22,5.35,4.25,5.23,4.14,4.90,5.96,5.66,4.38,5.27,7.18,5.78,4.96,9.00,10.19,4.22,4.46,5.15,4.60,4.54,4.47,5.04,5.08,3.83,4.81,3.86,4.80,9.53,4.80,4.19,9.67,6.25,6.63,9.97,5.14,10.38,5.94,3.94,4.88,5.29,6.44,9.09,3.99,3.97,4.65,4.83,5.27,4.70,9.20]
  │   rollout 4 | reward=1.00 | ✓succ noise‖·‖seq=[5.63,4.49,4.54,3.80,5.67,4.21,4.89,4.91,4.67,6.56,5.85,4.40,4.46,6.67,5.67,4.73,8.25,9.43,3.66,4.33,5.34,4.70,4.37,4.63,4.87,5.45,4.37,4.39,3.72,4.66,10.06,4.30,4.46,11.37,6.34,7.77,9.35,5.06,9.48,5.70,4.26,4.59,5.31,7.96,8.55,4.11,3.88,4.53,4.88,5.53,4.24,9.43]
  │   rollout 5 | reward=1.00 | ✓succ noise‖·‖seq=[5.75,4.71,4.58,3.76,5.19,3.70,4.74,4.64,4.83,6.01,5.27,4.76,4.81,7.11,6.47,4.94,8.80,10.37,3.92,4.40,5.91,4.40,4.23,4.45,4.71,5.30,4.10,5.08,3.87,4.51,10.54,4.89,4.73,9.53,6.69,6.83,9.34,5.17,10.77,5.54,4.21,4.93,4.89,6.73,9.16,4.35,4.11,4.43,5.16,5.57,4.70,8.85]
  │   rollout 6 | reward=1.00 | ✓succ noise‖·‖seq=[5.92,5.44,4.57,4.07,5.28,3.91,5.16,4.48,4.53,5.90,5.52,4.81,5.02,7.02,6.18,5.06,9.21,10.15,3.80,4.89,5.40,4.64,4.84,4.54,4.88,5.87,3.92,4.56,4.07,4.88,10.25,5.43,4.35,10.26,5.91,7.38,9.04,4.65,10.47,6.17,3.77,4.92,5.46,6.92,9.04,3.77,3.97,4.71,4.84,5.40,4.88,8.99]
  │   rollout 7 | reward=1.00 | ✓succ noise‖·‖seq=[6.29,4.91,4.14,4.21,5.08,3.77,5.01,4.32,4.80,5.97,5.81,4.56,5.05,6.99,6.15,4.83,9.16,10.14,4.11,4.71,5.70,4.73,4.46,4.89,5.15,5.78,3.89,4.41,4.07,4.40,10.74,4.82,4.44,9.97,6.43,7.27,8.55,5.25,10.35,6.12,4.35,4.78,4.56,6.39,9.96,4.19,4.12,4.42,5.02,5.37,4.25,8.55]
  └────────────────────────────────────────
  ┌─ Group 7 | task~group7 | SR=8/8=1.00  inject-steps=[1,4,4,6,8,5,9,3,6,0,9,7,8,3,1,8,2,1,5,1,5,7,5,5,2,6,3,8,2,4,6,0,0,9,6,3,4,4,4,4,7,4,2,9,6,6,4,7,4,9,0,8]
  │   rollout 0 | reward=1.00 | ✓succ noise‖·‖seq=[10.01,5.60,5.51,4.58,4.47,5.33,3.95,5.73,4.90,8.96,4.02,4.70,3.94,6.02,10.43,4.71,6.70,9.63,5.22,10.14,5.03,4.50,5.14,5.26,6.66,4.73,6.39,4.70,6.64,5.33,4.54,9.03,8.26,3.99,4.73,6.43,5.37,5.59,5.30,5.76,4.85,5.52,7.12,3.90,5.07,4.92,5.32,4.74,5.11,3.98,8.90,4.06]
  │   rollout 1 | reward=1.00 | ✓succ noise‖·‖seq=[9.70,5.73,5.46,5.02,4.18,5.30,3.80,5.84,4.81,8.58,3.97,4.65,4.64,6.15,10.26,4.41,8.01,10.79,4.89,9.42,5.23,4.35,4.86,5.12,6.78,4.85,6.48,4.52,7.09,5.58,4.97,9.13,8.95,4.22,4.75,5.72,5.19,5.67,5.03,5.10,4.58,5.76,7.69,4.17,4.68,4.96,5.53,4.95,5.42,4.26,8.84,4.43]
  │   rollout 2 | reward=1.00 | ✓succ noise‖·‖seq=[9.26,5.47,5.66,4.93,4.54,4.88,4.03,6.04,4.42,9.41,3.84,4.20,4.45,5.99,10.31,4.34,7.13,9.51,5.09,10.37,4.96,4.79,4.87,4.78,6.72,5.05,6.36,4.51,6.77,5.65,5.17,9.15,10.27,4.00,4.82,6.42,5.06,5.29,5.56,5.64,4.36,5.46,7.12,4.05,4.89,4.81,5.72,4.92,5.70,4.43,9.23,4.47]
  │   rollout 3 | reward=1.00 | ✓succ noise‖·‖seq=[10.09,5.47,5.29,4.85,4.16,5.19,4.54,6.02,4.98,9.50,4.16,4.83,4.06,5.93,9.46,4.81,7.13,9.70,5.46,9.88,5.08,4.43,4.94,5.08,7.39,5.22,6.17,4.48,6.78,5.69,4.38,9.32,8.73,3.95,5.16,6.45,5.44,5.63,5.41,5.15,4.81,5.92,7.75,4.11,4.98,4.66,4.99,4.41,5.61,3.85,8.25,4.61]
  │   rollout 4 | reward=1.00 | ✓succ noise‖·‖seq=[9.51,5.03,5.27,4.67,4.71,5.23,3.52,6.16,4.62,9.52,3.80,4.96,4.30,6.20,10.60,4.99,7.26,10.56,5.38,10.06,4.90,4.42,5.32,5.33,6.88,5.13,5.95,4.66,7.59,4.97,4.70,9.70,9.27,3.84,5.07,6.60,5.65,5.33,5.41,5.41,4.63,5.02,6.96,4.43,5.06,4.92,5.45,4.43,4.97,3.89,8.78,4.26]
  │   rollout 5 | reward=1.00 | ✓succ noise‖·‖seq=[9.56,5.61,5.47,4.75,4.45,5.22,3.98,6.29,4.67,9.80,4.21,4.69,4.17,6.24,10.87,4.33,6.43,9.93,5.29,9.78,5.07,4.80,5.18,4.94,6.32,4.72,5.89,4.43,7.05,5.36,5.11,9.33,9.28,4.05,5.29,6.51,5.02,5.48,5.72,5.33,4.51,5.18,6.65,4.00,4.46,4.92,5.67,4.48,5.06,4.06,9.75,4.48]
  │   rollout 6 | reward=1.00 | ✓succ noise‖·‖seq=[11.11,5.67,5.35,4.65,4.10,5.25,4.17,5.96,4.72,9.27,4.16,4.41,4.68,5.87,10.60,4.43,6.83,9.38,5.39,10.52,4.55,4.61,4.90,4.92,7.25,4.92,5.59,4.51,7.25,5.49,4.66,9.17,9.00,4.10,4.36,6.23,5.38,6.02,5.35,5.64,4.06,5.67,7.37,4.57,5.21,4.96,5.65,4.22,5.75,4.16,8.60,4.41]
  │   rollout 7 | reward=1.00 | ✓succ noise‖·‖seq=[10.04,4.96,5.25,4.88,4.04,4.74,3.97,6.25,4.93,8.16,3.93,4.20,4.20,6.01,9.78,4.11,7.12,9.11,4.90,10.09,4.90,4.51,5.26,5.00,7.67,5.29,6.40,4.04,6.91,5.16,4.61,9.29,8.30,3.97,5.07,5.97,5.25,5.57,5.40,5.27,4.30,5.70,7.07,3.90,4.86,5.36,5.12,4.41,5.76,4.16,8.99,4.48]
  └────────────────────────────────────────

==============================================================================
GLOBAL STEP 6  |  rank/shard 0  |  8 group(s) x 8 rollouts  (B=64)
  ┌─ Group 0 | task~group0 | SR=6/8=0.75  inject-steps=[4,3,1,7,0,6,9,9,6,0,3,8,3,5,6,6,2,9,8,7,3,7,4,1,2,4,8,4,0,9,1,7,8,3,0,3,0,0,5,8,5,4,5,9,2,0,8,1,0,0,2,1]
  │   rollout 0 | reward=0.00 | ✓succ noise‖·‖seq=[5.12,6.47,10.54,4.75,10.06,4.88,4.17,3.85,5.10,9.57,6.18,4.33,5.47,5.21,4.82,4.63,7.37,3.98,4.74,4.80,6.03,4.63,5.34,9.94,6.69,5.38,4.53,4.85,9.51,3.84,10.60,4.66,4.07,5.91,9.69,6.35,8.82,9.80,5.33,4.60,5.01,5.82,4.65,4.08,7.14,9.37,4.48,10.98,8.83,9.14,7.42,9.52]
  │   rollout 1 | reward=0.00 | ✗fail noise‖·‖seq=[5.37,5.48,10.37,4.61,8.62,4.46,3.89,3.96,4.78,8.97,5.93,4.20,5.89,5.17,4.57,5.42,7.04,4.10,4.71,5.01,5.85,4.59,5.66,11.01,7.82,5.46,4.12,5.61,9.12,4.16,11.12,4.75,4.38,6.29,8.91,6.33,9.41,9.63,5.31,4.74,5.10,5.37,4.69,4.43,7.40,9.24,4.41,10.15,9.21,9.40,7.37,9.65]
  │   rollout 2 | reward=0.00 | ✓succ noise‖·‖seq=[5.20,5.84,10.41,4.58,9.12,4.76,4.06,4.01,4.46,10.18,6.22,4.65,6.05,5.21,4.80,4.64,7.07,4.03,4.43,5.03,6.26,4.45,5.15,9.67,7.25,5.57,4.44,5.43,9.69,3.86,11.34,4.34,4.45,6.13,9.10,5.66,9.22,9.65,5.06,4.41,4.70,5.40,4.87,4.66,7.55,9.30,4.72,9.90,9.53,9.20,7.79,10.76]
  │   rollout 3 | reward=0.00 | ✓succ noise‖·‖seq=[5.78,5.95,10.86,5.05,9.24,4.96,4.11,4.16,5.06,8.37,6.03,4.50,6.72,4.69,4.78,5.23,7.43,3.91,4.73,4.73,5.92,5.02,5.48,9.58,6.93,4.99,4.71,5.77,9.22,3.88,10.53,4.70,4.24,5.64,9.07,6.38,8.72,8.75,4.90,4.15,4.92,5.39,4.53,4.06,7.00,8.58,4.77,10.75,8.75,9.02,6.90,10.21]
  │   rollout 4 | reward=1.00 | ✓succ noise‖·‖seq=[5.44,6.10,9.99,4.57,9.23,4.63,4.39,4.06,5.04,8.72,6.18,4.71,6.05,5.25,4.67,4.99,6.85,4.00,4.65,4.88,6.20,4.79,5.34,9.53,7.23,5.72,4.20,5.47,8.92,3.96,9.94,4.38,3.98,6.08,9.36,5.88,9.83,9.08,5.32,4.36,5.39,5.53,5.08,3.81,6.91,8.78,4.41,10.39,9.54,8.54,7.14,9.96]
  │   rollout 5 | reward=0.00 | ✗fail noise‖·‖seq=[5.23,5.83,10.03,4.64,9.03,4.92,4.20,3.88,4.83,9.47,6.20,4.61,6.24,4.93,4.89,4.76,7.14,4.03,4.31,4.83,5.42,5.29,5.71,9.92,7.46,5.17,4.07,5.45,9.08,3.91,9.84,4.82,3.96,6.46,9.75,6.19,9.59,9.21,5.15,4.61,4.45,5.84,5.02,3.73,7.49,10.03,4.24,9.44,9.15,8.79,7.28,10.05]
  │   rollout 6 | reward=1.00 | ✓succ noise‖·‖seq=[5.33,6.27,10.59,4.74,9.67,4.89,3.75,4.37,4.91,9.19,5.92,4.48,5.76,5.17,4.98,4.59,7.20,3.78,4.61,4.64,5.49,4.32,5.43,10.83,7.37,5.62,4.69,5.56,9.61,3.90,9.50,4.58,4.63,6.11,9.52,5.82,8.53,8.38,5.01,4.32,5.30,5.40,5.21,4.03,6.88,9.04,4.49,9.65,9.35,9.62,6.91,10.18]
  │   rollout 7 | reward=1.00 | ✓succ noise‖·‖seq=[5.45,5.87,9.95,4.62,8.49,4.40,3.87,3.89,4.85,8.64,6.15,4.27,6.08,5.26,4.83,4.92,6.92,3.81,4.36,4.23,5.74,4.92,5.23,10.69,7.13,5.12,4.82,5.89,8.62,4.20,9.23,4.76,4.53,6.55,8.73,5.72,8.89,8.40,5.05,4.37,5.05,5.51,5.17,3.85,6.87,9.32,4.45,10.20,8.95,10.40,6.68,10.33]
  └────────────────────────────────────────
  ┌─ Group 1 | task~group1 | SR=8/8=1.00  inject-steps=[7,1,3,1,0,7,0,3,2,0,8,9,9,8,8,8,2,6,7,7,8,8,6,8,8,8,3,4,9,4,6,6,1,7,7,4,3,2,6,1,6,3,0,6,4,1,5,1,3,8,9,3]
  │   rollout 0 | reward=1.00 | ✓succ noise‖·‖seq=[4.45,9.35,6.26,10.12,9.07,5.05,9.60,5.74,6.88,8.91,4.60,3.92,3.96,4.35,4.77,3.97,7.06,4.74,4.71,4.56,4.47,4.54,5.03,4.31,4.70,4.36,5.79,5.52,4.06,5.23,5.15,4.78,10.32,4.54,4.38,5.05,6.02,7.64,4.86,10.71,5.31,5.89,9.41,4.33,5.79,11.08,5.17,9.72,6.29,4.58,4.17,6.40]
  │   rollout 1 | reward=1.00 | ✓succ noise‖·‖seq=[4.70,9.91,6.23,10.23,9.85,4.88,8.94,5.61,6.88,8.85,4.33,3.90,4.13,4.43,4.46,4.08,7.19,4.79,4.42,4.63,4.42,4.27,4.79,4.16,4.79,4.18,6.33,5.95,3.87,5.48,4.60,4.70,10.36,4.91,4.76,5.11,6.22,6.93,5.10,9.96,5.06,6.34,9.46,5.23,5.35,9.42,4.95,9.43,5.83,4.19,3.86,5.47]
  │   rollout 2 | reward=1.00 | ✓succ noise‖·‖seq=[4.41,9.27,6.16,9.25,9.53,4.72,8.43,6.43,7.40,9.35,4.48,4.18,4.16,4.65,4.23,4.67,7.51,4.38,4.73,4.73,4.08,4.62,5.06,4.61,4.24,4.54,5.84,5.79,3.88,5.01,4.38,4.70,10.07,4.27,4.71,5.38,5.82,7.21,4.80,10.30,4.49,5.75,8.97,4.85,5.35,10.41,4.86,9.65,5.69,4.37,3.69,6.41]
  │   rollout 3 | reward=1.00 | ✓succ noise‖·‖seq=[4.37,9.98,6.22,10.30,8.74,4.41,9.56,6.15,6.91,8.75,4.17,3.73,3.82,4.30,4.77,4.39,7.70,4.68,4.52,4.25,4.02,4.52,4.66,4.38,4.57,4.23,5.77,5.19,3.80,5.25,4.71,4.73,9.91,4.83,4.32,5.59,5.68,7.09,4.91,9.71,4.71,6.08,9.69,4.75,5.53,9.34,4.97,10.48,6.89,4.61,3.55,6.16]
  │   rollout 4 | reward=1.00 | ✓succ noise‖·‖seq=[4.53,10.47,5.91,10.35,9.26,4.80,9.18,6.49,6.91,8.95,4.61,4.13,3.91,4.87,4.68,4.43,7.50,4.86,4.59,4.63,4.39,4.58,4.62,4.63,4.28,4.55,6.18,5.02,3.91,5.27,4.94,4.63,10.12,4.79,4.87,5.36,5.28,7.15,4.87,10.66,5.09,6.07,9.12,5.15,5.76,9.97,4.78,9.45,5.99,4.53,4.39,6.13]
  │   rollout 5 | reward=1.00 | ✓succ noise‖·‖seq=[4.73,10.55,6.96,10.14,9.01,4.50,9.63,5.52,6.76,9.51,4.75,3.83,3.99,4.47,4.51,4.39,7.59,5.39,4.54,4.77,4.53,4.42,4.65,4.28,4.51,4.78,6.20,5.13,4.12,5.73,5.03,4.73,9.01,4.65,4.66,5.44,6.49,7.55,4.60,10.38,4.95,5.97,9.29,4.83,5.61,10.23,5.27,9.40,6.13,4.39,4.09,6.42]
  │   rollout 6 | reward=0.00 | ✓succ noise‖·‖seq=[4.82,10.25,6.12,10.22,8.96,4.70,8.97,5.68,7.45,8.96,4.18,3.76,4.03,4.46,4.91,4.61,6.95,4.80,4.27,4.48,4.67,4.49,5.00,4.50,4.43,4.97,6.14,5.49,3.91,5.44,4.82,5.22,10.91,5.03,4.56,5.39,5.68,7.00,4.73,10.36,4.54,6.34,9.18,4.85,5.02,10.22,4.80,9.70,5.83,4.12,3.74,6.20]
  │   rollout 7 | reward=1.00 | ✓succ noise‖·‖seq=[4.44,11.57,6.61,10.18,8.75,4.82,9.28,6.07,7.76,9.11,4.47,3.90,4.09,4.29,4.56,4.30,7.69,5.23,4.69,4.42,4.65,4.73,4.42,4.42,4.79,4.15,6.13,5.33,3.95,5.09,4.51,4.53,9.89,5.33,4.87,5.47,6.19,6.46,4.65,9.09,4.81,5.94,10.76,4.89,4.63,10.85,5.11,9.82,6.39,4.78,3.93,6.54]
  └────────────────────────────────────────
  ┌─ Group 2 | task~group2 | SR=8/8=1.00  inject-steps=[0,4,4,4,7,4,0,1,9,9,7,8,7,3,2,7,1,3,8,2,3,1,3,3,6,3,5,9,9,1,5,4,8,9,4,1,0,4,5,6,9,9,6,8,6,5,7,5,7,9,6,3]
  │   rollout 0 | reward=1.00 | ✓succ noise‖·‖seq=[8.82,5.81,5.39,5.69,4.52,5.30,9.64,9.77,4.01,4.23,4.54,4.53,4.91,5.89,7.50,4.61,9.98,5.68,4.31,7.43,6.67,9.62,5.87,6.48,4.84,5.99,5.21,4.25,3.93,9.22,5.74,5.26,4.80,4.21,5.64,9.36,9.35,5.81,5.30,5.01,4.40,3.90,4.86,4.28,4.70,5.21,4.84,4.71,4.68,3.75,4.90,6.11]
  │   rollout 1 | reward=1.00 | ✓succ noise‖·‖seq=[7.96,5.26,5.52,5.20,4.66,5.31,9.23,10.22,3.94,3.67,5.07,4.31,4.77,5.81,7.72,4.49,11.16,6.46,4.91,7.33,6.05,10.13,6.35,6.01,4.90,5.86,5.12,3.84,3.93,10.32,5.04,5.47,4.52,3.64,5.22,10.48,9.61,5.24,4.91,4.62,4.06,4.14,5.06,4.38,4.69,4.86,4.72,5.07,4.39,4.08,4.63,5.86]
  │   rollout 2 | reward=1.00 | ✓succ noise‖·‖seq=[8.68,5.85,5.12,6.14,4.64,5.19,9.23,9.77,4.03,3.71,4.60,4.64,5.08,6.21,7.10,4.55,9.90,6.17,4.28,6.84,5.94,9.48,6.10,5.88,4.75,6.46,4.56,4.08,3.72,9.15,5.01,5.57,4.45,3.96,5.23,10.34,9.45,5.31,5.28,4.84,3.98,3.83,4.90,4.68,5.25,5.30,4.57,5.10,4.74,3.95,4.93,6.28]
  │   rollout 3 | reward=1.00 | ✓succ noise‖·‖seq=[8.15,5.43,5.61,5.65,4.68,5.77,9.39,9.10,3.78,4.04,4.65,4.55,4.61,6.36,6.97,4.67,10.02,6.07,4.44,7.22,5.94,10.20,5.99,6.04,4.42,5.95,4.92,4.07,3.95,9.92,5.28,5.24,4.30,3.91,5.74,10.40,9.89,5.41,4.61,4.99,4.03,4.20,5.08,4.53,4.87,4.98,4.86,5.29,4.52,4.10,4.45,5.38]
  │   rollout 4 | reward=1.00 | ✓succ noise‖·‖seq=[9.35,5.25,5.52,5.44,5.13,5.48,8.92,9.42,3.99,3.75,4.58,4.47,4.47,5.86,7.45,4.63,10.24,5.96,4.46,6.67,6.55,9.23,5.84,6.23,4.51,6.02,5.13,4.17,4.32,10.46,5.03,5.56,4.14,3.90,5.45,10.61,9.00,5.28,5.26,4.62,4.09,3.91,4.79,4.19,4.93,5.04,4.64,5.37,4.42,4.21,4.48,6.15]
  │   rollout 5 | reward=1.00 | ✓succ noise‖·‖seq=[8.82,6.08,5.19,5.30,4.93,5.57,9.16,10.28,4.18,3.93,4.43,4.30,4.60,6.05,7.07,4.51,9.92,6.62,4.30,7.35,6.00,10.59,6.19,5.85,4.95,6.19,4.84,4.30,4.27,10.67,5.10,5.26,4.81,3.91,5.14,10.70,9.67,5.62,5.15,4.90,4.38,4.18,4.64,4.05,5.35,5.53,4.71,5.63,4.27,4.06,4.77,6.22]
  │   rollout 6 | reward=1.00 | ✓succ noise‖·‖seq=[8.92,5.19,5.39,5.40,4.15,5.30,9.31,10.40,3.84,3.77,4.61,4.61,4.79,6.40,7.16,4.99,9.88,5.81,4.51,6.68,6.11,9.87,5.97,5.27,4.81,5.57,5.39,4.00,4.28,9.96,4.92,5.59,4.80,3.91,5.09,9.97,9.07,5.37,5.23,4.80,4.03,4.00,4.64,4.51,4.58,4.86,4.26,4.82,4.65,4.16,4.50,6.09]
  │   rollout 7 | reward=1.00 | ✓succ noise‖·‖seq=[9.49,5.52,5.56,5.10,4.68,5.30,8.95,10.32,3.90,3.65,4.33,4.68,4.93,5.84,6.88,4.55,9.52,5.96,4.65,6.82,6.44,9.05,6.27,6.16,4.76,5.98,4.98,4.11,4.20,10.64,4.95,5.62,4.56,4.41,5.30,10.66,9.61,5.75,5.74,5.22,3.99,4.06,4.56,4.32,5.06,4.83,5.03,5.53,4.51,3.86,4.89,6.33]
  └────────────────────────────────────────
  ┌─ Group 3 | task~group3 | SR=6/8=0.75  inject-steps=[5,7,4,3,0,0,6,9,0,4,5,2,1,3,6,1,7,9,8,3,6,9,1,0,4,1,7,7,2,3,2,3,3,6,2,3,3,6,8,6,1,2,8,4,1,9,3,1,0,1,7,6]
  │   rollout 0 | reward=0.00 | ✗fail noise‖·‖seq=[4.77,4.73,4.92,6.09,9.54,9.47,4.96,3.95,9.06,5.30,5.02,6.84,10.54,5.70,4.96,10.34,4.73,3.83,4.41,6.43,4.50,3.92,9.98,9.42,5.63,10.49,4.87,4.39,7.05,6.25,7.19,5.73,6.14,5.03,6.66,5.95,5.86,4.76,4.46,5.05,9.93,6.93,4.57,5.49,10.57,3.84,5.59,9.87,9.25,11.28,4.21,4.81]
  │   rollout 1 | reward=0.00 | ✗fail noise‖·‖seq=[5.17,4.75,5.32,6.21,9.30,9.63,4.59,4.11,8.94,5.27,5.17,7.38,10.77,5.59,4.73,10.01,4.45,3.72,4.57,6.21,4.24,3.66,9.31,9.91,5.21,10.75,4.12,4.62,7.02,6.78,6.89,5.79,5.91,4.90,6.94,6.25,6.40,4.57,4.64,5.04,9.17,7.26,4.59,5.44,10.36,4.34,5.84,10.43,8.79,10.03,4.76,5.04]
  │   rollout 2 | reward=1.00 | ✓succ noise‖·‖seq=[4.99,4.67,5.64,6.54,9.39,8.72,4.68,4.19,9.47,5.31,4.83,7.30,9.87,6.18,4.43,10.31,4.60,4.22,4.27,6.12,5.20,4.06,9.90,9.65,5.12,10.00,4.81,4.85,6.50,6.11,7.09,6.08,5.76,4.70,6.72,6.17,6.23,5.09,4.59,4.76,10.98,7.30,4.98,5.86,10.92,3.91,6.24,10.46,8.45,10.49,4.55,4.88]
  │   rollout 3 | reward=1.00 | ✓succ noise‖·‖seq=[5.17,4.74,5.69,5.81,8.98,9.56,4.91,4.05,9.17,5.40,5.21,7.16,9.76,6.20,4.77,10.82,4.65,3.89,4.05,6.62,4.85,3.70,10.22,10.03,5.37,9.09,4.49,4.69,7.65,5.93,7.54,6.49,5.77,4.71,6.82,5.68,6.91,4.81,4.19,4.82,10.58,7.45,4.43,5.05,9.50,4.17,5.70,10.19,9.41,10.03,4.48,4.93]
  │   rollout 4 | reward=1.00 | ✓succ noise‖·‖seq=[5.38,4.69,5.50,5.95,8.86,9.47,4.46,4.24,9.63,5.41,5.36,6.98,10.53,6.25,4.86,9.80,4.51,3.81,4.27,5.78,4.54,4.06,9.37,9.30,5.35,10.15,4.62,4.26,7.45,5.80,6.98,6.05,6.28,5.05,7.42,6.17,6.15,5.10,4.14,5.22,10.43,6.99,4.10,5.44,11.10,3.86,6.57,10.51,9.19,10.41,4.87,4.62]
  │   rollout 5 | reward=1.00 | ✓succ noise‖·‖seq=[5.00,4.41,5.53,5.80,9.28,9.42,5.05,4.33,9.73,5.08,5.18,7.41,10.36,6.49,4.92,9.84,4.91,4.31,4.40,6.15,4.81,3.66,9.85,9.72,5.69,10.44,4.80,4.75,7.04,6.41,7.88,5.71,5.63,5.15,7.05,6.26,5.88,4.71,4.47,4.42,10.48,7.63,4.23,5.02,10.28,4.16,5.78,9.29,9.18,10.28,4.64,5.14]
  │   rollout 6 | reward=1.00 | ✓succ noise‖·‖seq=[5.33,4.84,5.51,6.28,8.89,9.97,4.62,3.85,9.33,5.88,5.48,7.09,9.59,5.85,4.53,10.26,4.26,3.81,4.52,5.96,4.96,3.74,10.71,9.36,5.26,9.34,4.49,4.34,6.66,6.19,7.59,6.29,6.12,5.27,7.27,6.73,5.93,4.40,4.42,4.61,10.61,7.31,4.49,5.51,10.53,4.10,5.54,10.47,9.46,10.01,4.90,5.02]
  │   rollout 7 | reward=1.00 | ✓succ noise‖·‖seq=[4.84,4.38,5.49,6.17,8.77,9.63,4.78,4.22,9.74,5.34,4.75,7.54,9.23,5.84,5.09,9.83,4.99,4.27,4.26,6.35,4.80,4.07,10.13,9.98,5.54,10.49,4.66,4.49,7.25,6.24,7.65,6.10,5.78,4.76,6.92,6.11,6.24,5.16,4.57,4.93,9.68,7.32,4.31,4.67,10.03,4.16,6.18,10.52,8.70,9.84,4.39,4.83]
  └────────────────────────────────────────
  ┌─ Group 4 | task~group4 | SR=6/8=0.75  inject-steps=[7,6,6,1,0,0,9,8,2,8,8,1,0,4,5,8,9,4,3,5,1,8,1,0,2,2,6,9,1,6,0,7,7,2,5,5,6,3,6,1,6,8,7,4,1,3,0,8,9,4,8,8]
  │   rollout 0 | reward=1.00 | ✓succ noise‖·‖seq=[4.38,4.89,4.58,9.99,8.69,8.94,3.85,4.75,7.26,4.53,4.46,9.55,8.42,5.64,5.49,4.32,4.09,5.56,5.95,4.60,8.94,4.36,9.75,8.80,7.33,6.77,4.68,4.16,9.70,4.88,9.41,4.40,4.61,7.28,5.42,4.98,4.76,5.92,4.84,10.11,4.83,4.76,4.55,5.40,10.47,6.39,8.61,4.59,3.70,5.02,4.76,4.42]
  │   rollout 1 | reward=0.00 | ✗fail noise‖·‖seq=[4.30,4.66,4.50,9.68,8.88,9.48,4.02,4.55,7.68,4.10,4.78,9.85,9.18,5.95,5.02,4.60,4.04,5.27,6.13,5.21,9.71,4.42,10.25,8.60,7.33,8.04,4.60,3.74,10.95,4.68,8.96,4.98,4.78,7.05,4.61,4.90,4.85,6.01,4.53,10.20,4.92,4.73,4.64,5.28,9.71,6.43,9.26,4.35,3.83,5.48,4.40,4.22]
  │   rollout 2 | reward=1.00 | ✓succ noise‖·‖seq=[4.31,4.56,4.92,10.13,9.36,9.03,4.13,4.63,7.69,4.80,4.73,9.64,9.31,5.25,5.50,4.31,3.93,5.45,6.00,5.06,9.79,4.44,9.95,9.71,7.44,7.25,4.77,4.08,9.91,4.40,9.39,4.86,4.91,6.94,4.82,5.36,4.92,5.35,4.97,10.10,4.94,4.28,4.69,5.54,9.75,6.15,8.83,4.63,4.15,5.50,4.37,4.21]
  │   rollout 3 | reward=1.00 | ✓succ noise‖·‖seq=[4.41,5.34,5.13,10.39,9.97,8.94,4.14,4.18,6.82,4.70,4.17,10.44,9.02,5.46,5.22,4.48,4.12,5.02,6.40,5.37,10.29,4.79,9.86,9.86,7.08,6.87,4.98,3.90,10.08,5.00,9.05,4.53,4.67,7.59,5.10,4.78,4.84,6.06,4.57,9.06,5.14,4.40,4.43,5.33,9.59,5.81,9.40,4.48,3.91,5.79,4.69,4.21]
  │   rollout 4 | reward=0.00 | ✗fail noise‖·‖seq=[4.86,4.60,4.81,9.72,9.06,9.31,4.49,4.31,8.08,4.24,4.30,10.91,9.02,5.28,5.26,4.59,3.74,5.92,6.06,5.01,9.78,4.08,9.29,9.52,7.28,6.89,4.81,3.65,9.80,4.86,9.21,4.41,4.50,7.17,5.08,5.26,4.85,6.23,4.83,10.03,5.16,4.50,4.96,5.48,9.85,6.19,8.99,4.24,4.08,5.69,4.84,4.58]
  │   rollout 5 | reward=1.00 | ✓succ noise‖·‖seq=[4.30,5.00,4.77,9.77,9.01,9.12,3.88,4.54,7.47,4.37,4.63,10.54,8.92,5.49,5.03,4.35,4.25,5.39,5.96,5.16,9.94,4.10,10.00,9.92,7.04,6.96,4.64,4.51,10.34,4.90,8.91,4.44,4.75,7.03,5.02,4.94,4.98,6.17,4.60,10.12,5.14,4.18,4.44,5.18,10.77,6.01,9.42,4.26,3.86,5.83,4.34,4.53]
  │   rollout 6 | reward=1.00 | ✓succ noise‖·‖seq=[4.80,4.92,4.86,9.90,9.76,9.63,4.27,4.66,7.44,4.74,4.28,10.29,9.48,5.69,4.89,4.49,3.78,5.10,5.93,5.00,9.64,4.53,9.87,9.74,7.60,6.95,4.41,3.79,10.59,4.90,10.32,4.51,4.57,6.41,5.12,5.06,5.06,5.99,5.09,10.17,5.45,4.51,4.92,5.34,10.00,6.01,9.22,4.80,4.02,5.31,4.47,4.29]
  │   rollout 7 | reward=1.00 | ✓succ noise‖·‖seq=[4.61,4.90,5.30,10.52,9.35,8.05,4.06,4.37,6.62,4.34,4.23,9.72,9.60,4.88,4.83,4.12,3.62,5.53,6.38,4.99,10.41,4.62,10.95,9.20,6.84,6.85,4.52,3.70,10.41,4.88,10.27,4.62,4.57,7.43,5.39,5.25,4.80,6.19,5.31,10.70,4.72,4.22,4.76,5.83,9.59,6.48,8.92,5.04,4.35,5.18,4.66,4.46]
  └────────────────────────────────────────
  ┌─ Group 5 | task~group5 | SR=7/8=0.88  inject-steps=[4,2,1,6,5,9,8,3,0,9,5,5,6,1,2,0,9,7,0,9,1,6,0,1,9,5,5,4,4,1,1,7,8,6,4,0,4,4,0,1,4,8,4,9,5,8,7,4,2,1,1,4]
  │   rollout 0 | reward=1.00 | ✓succ noise‖·‖seq=[5.64,7.46,10.54,4.57,5.12,4.05,4.56,6.09,9.33,4.14,5.26,5.27,5.22,9.86,7.69,9.73,3.96,4.96,9.57,4.07,10.16,5.03,8.11,9.56,4.32,4.90,4.95,5.20,5.23,9.97,10.05,4.68,4.64,4.95,5.53,9.38,5.51,5.53,8.85,10.60,5.81,4.58,5.68,4.07,5.31,4.26,4.75,5.15,7.33,9.50,10.40,5.50]
  │   rollout 1 | reward=1.00 | ✓succ noise‖·‖seq=[5.34,7.29,10.43,4.41,4.65,4.03,4.46,6.45,9.10,4.19,5.56,5.39,4.94,10.58,7.47,10.02,4.10,4.95,8.66,3.81,10.64,4.90,9.42,10.41,3.95,4.95,4.56,5.46,5.66,10.58,11.46,4.56,4.24,4.62,5.42,9.29,5.33,5.35,9.04,10.80,5.30,4.33,5.67,4.14,5.25,4.65,4.73,5.15,7.40,9.61,10.35,5.53]
  │   rollout 2 | reward=1.00 | ✓succ noise‖·‖seq=[5.86,7.45,9.21,4.79,5.04,4.44,4.45,6.01,9.06,4.28,5.29,4.80,4.81,9.33,7.12,9.46,3.94,4.21,9.44,3.92,10.86,4.92,9.29,10.45,3.89,5.00,4.53,5.59,5.29,10.01,10.15,4.69,4.32,4.61,5.43,8.49,5.53,5.74,8.82,10.39,5.20,4.71,5.46,4.22,5.07,4.53,4.86,5.99,7.12,9.74,9.95,5.57]
  │   rollout 3 | reward=1.00 | ✓succ noise‖·‖seq=[5.63,7.33,10.22,4.40,4.93,4.10,4.09,5.98,9.05,4.21,5.13,4.80,4.74,10.70,7.26,8.99,4.27,4.71,9.13,4.19,10.19,4.37,9.92,10.26,3.83,5.38,4.78,5.62,5.63,10.61,10.80,4.57,4.65,5.00,5.21,8.88,5.50,5.36,9.12,10.10,5.22,4.36,5.91,4.02,5.26,4.51,4.76,5.71,6.98,10.06,10.20,5.38]
  │   rollout 4 | reward=0.00 | ✗fail noise‖·‖seq=[5.61,7.08,10.55,4.70,5.32,4.06,4.54,6.14,9.77,3.58,4.80,4.88,4.79,10.26,7.24,8.54,4.32,4.68,8.83,3.93,10.75,4.86,9.02,10.88,4.42,4.78,4.99,5.67,5.01,9.64,10.12,4.56,4.71,4.97,5.29,9.20,5.71,5.60,9.09,10.39,5.20,4.93,5.12,4.27,4.95,4.41,4.80,5.78,7.16,9.71,9.75,5.56]
  │   rollout 5 | reward=1.00 | ✓succ noise‖·‖seq=[5.40,7.41,9.68,5.19,5.00,4.22,4.48,5.99,8.17,4.01,4.87,5.33,4.52,10.20,7.21,9.09,3.83,4.70,9.39,3.91,11.25,4.78,9.19,10.49,3.75,5.32,5.00,5.30,5.50,10.24,10.76,5.19,5.01,4.90,6.07,9.78,5.30,5.46,9.55,10.36,5.79,4.28,5.59,3.98,4.99,4.26,4.59,5.55,7.01,9.95,10.56,4.98]
  │   rollout 6 | reward=1.00 | ✓succ noise‖·‖seq=[5.60,7.01,10.16,4.65,5.06,3.96,4.57,6.02,9.17,4.29,5.02,5.43,5.00,10.00,7.90,8.26,4.27,4.39,9.30,4.00,10.30,5.03,9.52,10.51,4.01,5.02,5.38,5.05,5.27,10.67,10.58,4.50,4.30,5.07,5.57,9.79,4.91,5.60,9.04,10.36,5.44,4.42,5.77,4.07,5.15,4.37,4.74,5.10,7.62,9.79,9.88,5.54]
  │   rollout 7 | reward=1.00 | ✓succ noise‖·‖seq=[5.38,7.23,9.67,4.70,4.90,3.97,4.71,5.93,8.93,4.00,5.21,4.65,4.91,10.06,6.81,9.31,4.23,4.43,8.93,3.87,10.59,4.77,9.72,9.85,3.52,5.26,4.82,5.17,5.60,9.80,9.57,4.72,4.78,4.69,5.29,9.25,5.89,6.04,9.73,9.15,5.24,4.68,5.41,4.11,5.17,4.61,4.08,4.75,7.09,10.39,10.30,5.38]
  └────────────────────────────────────────
  ┌─ Group 6 | task~group6 | SR=8/8=1.00  inject-steps=[1,8,2,8,1,1,5,8,2,6,3,6,6,4,9,8,3,4,9,9,8,3,5,4,3,0,1,9,0,4,8,6,5,2,5,8,3,0,8,7,3,6,9,2,8,6,4,8,2,8,1,2]
  │   rollout 0 | reward=1.00 | ✓succ noise‖·‖seq=[9.50,4.71,6.94,4.81,9.80,9.75,5.11,4.51,7.69,4.90,5.82,4.69,4.87,5.36,4.17,4.45,5.98,5.36,4.41,3.88,4.59,6.16,4.71,5.47,6.28,8.86,10.19,3.83,9.84,5.71,4.76,4.98,5.12,6.79,5.04,4.38,6.61,9.54,4.63,5.02,6.43,4.92,4.06,7.40,4.52,4.77,4.96,4.60,6.97,4.37,10.17,6.85]
  │   rollout 1 | reward=1.00 | ✓succ noise‖·‖seq=[10.18,4.62,6.76,4.87,9.41,10.97,5.23,4.59,7.15,4.53,6.10,5.17,4.65,5.73,4.13,4.35,6.59,5.48,3.89,3.83,4.41,6.11,4.88,5.32,6.07,9.16,10.93,4.03,9.01,5.37,4.47,4.95,4.87,7.22,4.95,4.50,6.21,8.87,4.72,4.84,6.59,4.75,4.01,7.34,4.19,4.69,5.44,4.34,7.25,4.62,10.37,7.41]
  │   rollout 2 | reward=1.00 | ✓succ noise‖·‖seq=[11.02,4.39,6.66,4.42,8.90,10.29,5.46,4.32,7.69,4.16,5.44,4.87,5.26,5.49,4.15,4.15,6.35,5.50,3.75,4.02,4.35,6.29,5.11,5.18,6.04,9.47,10.51,4.22,9.33,5.39,4.60,5.12,5.26,7.13,5.09,4.57,6.24,8.83,4.43,4.80,6.25,4.73,3.90,6.66,4.90,5.16,5.54,4.28,7.62,4.47,9.99,6.96]
  │   rollout 3 | reward=1.00 | ✓succ noise‖·‖seq=[10.29,4.78,6.92,4.47,9.22,10.11,5.47,4.79,7.48,4.44,6.19,4.92,4.56,5.49,3.81,4.30,5.95,5.72,4.19,4.11,4.59,6.41,4.98,5.79,5.56,9.22,9.89,3.76,9.48,5.48,4.76,4.88,4.88,7.31,4.77,4.55,6.36,9.04,4.85,4.78,6.35,4.72,3.78,7.03,4.36,4.84,5.66,4.00,6.85,4.24,10.08,7.51]
  │   rollout 4 | reward=1.00 | ✓succ noise‖·‖seq=[10.07,4.28,7.23,4.68,10.34,9.11,5.23,4.43,7.15,4.61,6.11,4.90,5.12,4.97,4.00,4.42,6.26,5.55,3.75,4.00,4.03,5.98,4.90,5.44,5.96,9.63,10.27,4.05,9.80,5.61,4.19,4.79,5.01,7.11,5.53,4.40,5.88,9.40,4.38,4.51,5.54,5.05,4.20,6.89,4.44,4.36,5.59,4.48,7.59,4.50,9.91,7.63]
  │   rollout 5 | reward=1.00 | ✓succ noise‖·‖seq=[10.79,4.66,7.03,4.35,9.95,10.02,4.77,4.47,7.25,4.96,5.89,5.06,4.78,5.58,4.21,4.57,6.10,5.48,3.96,4.07,4.51,6.35,4.98,5.58,6.34,9.27,9.50,3.68,8.57,5.49,4.42,5.12,4.72,7.49,5.21,4.63,6.14,8.43,4.48,4.67,6.47,4.90,3.91,6.75,4.35,4.97,5.81,4.27,7.09,4.47,9.99,6.94]
  │   rollout 6 | reward=1.00 | ✓succ noise‖·‖seq=[9.89,4.34,6.55,4.16,9.74,10.20,5.10,4.79,6.79,5.01,6.22,5.05,4.83,5.24,3.79,4.45,6.07,5.43,3.73,4.14,4.43,6.10,5.32,5.17,5.77,9.47,10.84,4.28,9.79,5.43,4.57,4.97,5.23,6.91,5.26,4.69,6.35,8.85,4.79,4.46,5.46,5.17,4.07,7.32,4.82,4.79,5.33,4.76,7.07,4.55,9.76,6.93]
  │   rollout 7 | reward=1.00 | ✓succ noise‖·‖seq=[9.70,4.49,6.29,4.33,10.03,10.73,4.87,4.64,8.03,4.90,5.64,4.64,5.20,5.52,4.10,4.44,6.00,5.44,3.94,3.75,4.56,5.90,5.21,5.21,6.41,9.18,10.71,3.90,9.37,5.19,4.72,4.60,5.22,6.74,4.89,4.45,6.47,10.11,4.45,4.53,5.95,4.65,3.89,6.25,4.38,4.77,5.08,4.73,6.81,4.39,10.67,7.41]
  └────────────────────────────────────────
  ┌─ Group 7 | task~group7 | SR=7/8=0.88  inject-steps=[6,1,8,5,3,9,8,6,1,6,2,5,1,7,2,8,2,1,9,6,9,9,2,8,4,2,3,0,7,5,5,3,0,0,8,1,1,6,9,6,4,8,1,6,4,3,7,1,4,0,6,4]
  │   rollout 0 | reward=1.00 | ✓succ noise‖·‖seq=[5.18,10.47,4.84,4.94,6.19,3.76,4.55,5.21,11.14,4.59,6.73,5.33,10.02,5.00,7.01,4.53,7.09,9.38,4.05,4.81,3.98,3.71,7.41,4.90,5.80,6.94,6.50,9.40,4.77,5.19,4.74,6.07,9.68,9.32,4.19,10.21,10.27,5.03,3.72,4.83,5.29,4.78,10.53,4.72,5.75,5.75,4.07,9.38,5.31,9.45,4.80,5.10]
  │   rollout 1 | reward=1.00 | ✓succ noise‖·‖seq=[4.57,9.78,4.78,5.07,6.26,4.04,4.88,5.13,10.08,4.81,6.93,4.88,10.16,4.76,7.72,4.22,7.91,9.74,3.79,4.69,3.80,3.72,7.13,4.32,5.37,7.31,6.25,9.36,4.81,4.53,4.89,5.85,9.27,9.44,4.61,10.46,10.47,4.85,4.16,4.54,5.62,5.18,9.82,4.76,5.12,5.33,4.42,9.98,6.11,8.99,4.64,5.43]
  │   rollout 2 | reward=0.00 | ✗fail noise‖·‖seq=[5.04,10.53,4.45,5.43,6.03,4.04,4.18,4.81,10.15,4.92,6.94,5.40,9.92,4.91,8.15,4.84,7.38,10.51,4.09,4.80,4.09,4.05,7.54,4.62,5.48,7.34,6.01,8.89,4.82,4.90,4.61,6.04,9.53,9.89,4.53,9.94,9.54,5.59,3.77,5.03,5.30,4.45,10.82,4.80,5.28,6.03,4.81,9.92,5.65,9.26,4.87,5.44]
  │   rollout 3 | reward=1.00 | ✓succ noise‖·‖seq=[4.84,10.47,5.03,5.04,5.70,4.14,4.60,4.96,10.76,4.71,7.19,5.27,9.38,4.89,7.30,4.66,7.30,9.86,3.51,4.90,3.91,4.06,7.28,4.59,5.75,7.04,5.96,9.72,4.72,5.03,5.08,5.92,9.25,9.55,4.70,9.94,10.28,5.00,3.87,4.61,5.31,4.83,10.26,4.40,5.75,6.75,4.97,10.27,5.52,8.99,4.98,5.01]
  │   rollout 4 | reward=1.00 | ✓succ noise‖·‖seq=[4.92,9.72,4.23,4.94,5.76,3.76,4.46,4.63,9.11,4.63,6.86,4.90,9.80,4.87,7.16,4.67,6.52,10.28,3.85,4.83,4.03,3.93,6.56,3.82,5.69,7.32,6.38,9.41,4.41,4.99,5.18,5.77,9.12,8.61,4.52,10.14,10.39,4.86,4.36,4.77,5.38,4.52,10.25,5.01,5.54,5.81,4.96,10.33,5.71,9.17,4.59,5.72]
  │   rollout 5 | reward=1.00 | ✓succ noise‖·‖seq=[4.94,10.60,4.70,4.87,5.55,4.00,4.56,4.91,10.58,5.03,7.37,4.67,10.52,4.54,7.04,4.84,7.16,10.33,3.97,4.86,4.17,4.02,7.49,4.35,5.15,6.61,5.99,8.72,4.53,5.42,5.20,5.93,9.73,7.90,4.71,10.13,10.15,4.63,4.06,4.93,5.38,4.91,9.50,4.82,5.03,5.86,4.76,9.51,5.16,8.47,5.11,5.65]
  │   rollout 6 | reward=1.00 | ✓succ noise‖·‖seq=[4.87,9.09,4.93,4.93,6.06,3.93,4.79,5.03,10.03,4.82,7.15,4.92,9.82,4.63,6.86,4.74,7.50,10.32,4.40,4.64,3.90,3.98,7.29,4.36,5.02,7.59,5.99,10.05,4.43,4.39,5.08,6.13,9.34,9.20,4.72,9.68,10.37,4.90,3.98,5.23,5.51,4.45,10.13,4.61,5.28,5.93,4.42,9.82,5.05,10.04,4.62,5.64]
  │   rollout 7 | reward=1.00 | ✓succ noise‖·‖seq=[5.06,10.19,4.60,4.65,6.35,4.01,4.83,4.81,9.92,4.67,7.13,5.12,10.02,4.62,6.90,4.44,7.07,10.78,3.65,4.77,3.90,4.15,6.70,4.32,5.57,7.42,5.74,10.04,4.79,4.73,5.00,5.92,9.55,8.64,4.55,9.80,9.81,4.72,4.13,5.06,5.55,4.42,9.82,5.21,5.05,5.84,4.26,9.58,5.01,8.78,5.04,5.16]
  └────────────────────────────────────────

==============================================================================
GLOBAL STEP 7  |  rank/shard 0  |  8 group(s) x 8 rollouts  (B=64)
  ┌─ Group 0 | task~group0 | SR=7/8=0.88  inject-steps=[0,7,3,4,9,8,6,7,2,0,6,9,2,2,4,4,9,1,8,8,9,3,5,5,6,9,5,7,9,0,8,2,7,6,0,4,5,8,8,6,9,6,8,3,4,7,9,4,8,2,1,1]
  │   rollout 0 | reward=1.00 | ✓succ noise‖·‖seq=[9.06,4.66,5.59,5.63,3.98,4.63,4.70,4.08,7.65,9.18,4.67,3.76,7.88,6.69,5.41,5.26,4.02,10.46,4.48,4.72,3.97,5.91,4.53,5.14,4.41,3.85,4.71,4.54,4.18,8.74,4.71,6.96,4.55,4.81,8.92,5.56,5.08,4.52,4.31,4.86,4.25,5.12,4.55,6.31,5.15,4.42,4.02,5.30,4.57,7.24,11.05,10.51]
  │   rollout 1 | reward=0.00 | ✓succ noise‖·‖seq=[9.18,4.76,6.70,5.54,4.05,4.58,4.64,4.71,7.13,9.10,4.90,3.86,8.14,7.40,5.83,5.85,3.79,10.41,4.27,4.43,3.84,6.36,4.75,5.11,5.01,3.59,5.21,4.30,4.20,8.75,4.59,6.92,4.42,4.70,9.21,5.56,5.12,4.36,4.85,4.86,3.38,5.08,4.35,6.52,5.21,4.58,4.02,5.64,4.74,7.54,10.60,10.05]
  │   rollout 2 | reward=1.00 | ✓succ noise‖·‖seq=[9.37,4.66,5.85,5.54,4.11,4.51,4.79,4.24,6.88,9.87,4.92,3.88,6.88,7.18,5.67,5.45,4.07,9.85,4.70,4.47,4.10,6.44,4.37,4.60,4.66,3.70,4.96,4.67,4.08,9.45,4.69,7.31,4.44,4.68,10.09,5.57,5.16,4.62,4.70,4.67,4.07,5.22,4.53,5.82,5.70,4.30,3.57,5.30,4.26,7.35,9.89,10.29]
  │   rollout 3 | reward=1.00 | ✓succ noise‖·‖seq=[8.88,4.85,6.30,5.17,3.98,4.60,4.77,5.03,7.14,9.04,4.64,3.85,6.71,6.89,5.00,4.99,4.01,9.54,4.38,4.23,4.30,5.79,4.86,5.14,4.89,3.98,5.31,4.47,3.95,8.73,4.56,6.62,4.53,4.63,9.36,5.56,4.70,4.22,4.72,4.64,3.84,4.96,4.44,6.62,5.47,4.41,4.07,5.44,4.44,6.62,10.38,10.63]
  │   rollout 4 | reward=0.00 | ✓succ noise‖·‖seq=[8.98,4.99,6.55,5.00,4.00,4.54,4.99,4.72,6.19,9.69,4.74,3.90,6.64,7.11,5.17,5.18,4.11,10.94,4.19,4.81,4.02,6.03,4.79,5.11,4.43,4.01,5.03,4.17,3.84,9.60,4.65,7.19,4.35,4.77,10.07,6.00,5.25,4.71,4.69,4.66,4.03,4.95,4.54,6.12,5.85,4.57,4.01,5.22,4.52,7.06,10.39,10.39]
  │   rollout 5 | reward=1.00 | ✓succ noise‖·‖seq=[8.82,4.62,5.96,5.17,3.83,4.34,4.52,5.06,6.65,10.05,5.08,3.88,7.72,7.49,5.19,4.92,4.11,9.55,4.57,4.82,4.12,5.76,5.17,4.96,5.31,4.45,5.21,4.81,3.82,8.34,4.52,6.83,4.55,4.77,9.00,5.45,5.24,4.57,4.59,4.94,3.76,5.17,4.35,5.87,5.50,4.24,4.03,5.40,4.43,7.27,10.26,11.26]
  │   rollout 6 | reward=0.00 | ✗fail noise‖·‖seq=[9.10,4.25,6.14,6.25,3.59,4.38,5.08,4.70,6.73,9.13,4.80,3.92,7.19,7.00,5.58,5.52,3.66,9.63,4.51,4.22,3.97,5.72,5.21,4.67,4.66,3.90,4.73,4.66,3.96,8.95,4.50,6.93,4.47,4.94,9.23,5.75,5.00,4.39,4.33,4.95,3.86,5.06,4.49,6.68,5.14,4.63,4.22,5.15,4.69,7.29,10.00,10.24]
  │   rollout 7 | reward=1.00 | ✓succ noise‖·‖seq=[9.54,5.00,6.05,5.24,3.62,4.38,4.72,4.81,6.98,8.81,4.62,4.03,6.54,7.45,5.20,5.78,4.07,9.82,4.55,4.69,4.23,6.15,4.95,4.78,4.74,3.98,5.12,4.33,3.96,9.66,5.01,7.02,4.66,4.54,8.72,5.43,5.09,4.56,4.43,4.89,3.97,4.94,4.59,5.61,5.64,4.46,3.79,5.51,4.28,7.79,10.46,9.99]
  └────────────────────────────────────────
  ┌─ Group 1 | task~group1 | SR=8/8=1.00  inject-steps=[9,1,0,9,9,0,0,2,5,8,0,4,5,2,8,0,4,9,2,9,2,1,6,6,3,2,0,1,3,6,9,3,4,7,4,9,9,5,9,1,1,0,8,5,1,0,9,5,0,3,9,0]
  │   rollout 0 | reward=1.00 | ✓succ noise‖·‖seq=[4.06,9.66,9.51,4.20,3.79,9.39,9.58,6.95,4.90,4.25,9.61,5.72,5.36,7.00,4.67,9.73,5.66,3.96,7.41,4.24,6.95,9.59,4.60,4.99,5.64,7.47,9.82,10.27,6.13,4.75,3.99,6.36,5.19,4.61,5.47,3.58,3.81,5.03,4.18,9.82,10.33,8.88,4.67,4.87,9.49,9.20,3.92,4.87,9.27,6.24,3.70,10.24]
  │   rollout 1 | reward=1.00 | ✓succ noise‖·‖seq=[3.71,10.13,9.17,3.98,4.06,9.39,9.26,6.92,5.20,4.50,9.54,5.70,5.23,7.08,4.24,8.91,5.42,3.88,6.89,4.01,7.17,10.80,4.70,4.93,5.79,7.88,10.20,10.81,6.26,4.78,3.99,5.70,4.82,4.76,5.43,4.16,3.99,5.22,4.14,8.92,9.58,8.46,4.15,4.95,10.22,9.40,3.83,5.37,9.09,6.01,4.32,9.18]
  │   rollout 2 | reward=1.00 | ✓succ noise‖·‖seq=[4.32,11.38,10.17,4.08,3.94,10.00,9.43,7.39,5.16,4.38,9.20,5.35,4.53,7.53,4.82,9.36,5.28,3.93,7.23,3.92,7.19,9.91,4.79,4.89,5.85,7.35,9.54,9.85,6.41,4.58,4.33,5.77,5.41,4.58,5.13,4.21,4.06,5.20,4.13,9.63,9.79,8.80,4.31,4.89,10.51,9.21,3.84,5.35,8.33,6.05,3.98,9.58]
  │   rollout 3 | reward=1.00 | ✓succ noise‖·‖seq=[3.77,10.44,9.02,3.77,4.28,9.21,9.37,7.20,5.09,4.25,9.04,5.49,4.78,7.60,4.36,9.08,5.57,4.28,7.08,4.22,6.82,10.20,4.68,4.44,6.14,6.80,9.02,10.48,5.88,4.89,4.03,6.04,5.12,4.64,4.73,3.94,3.83,5.29,4.04,10.45,10.51,8.96,4.50,4.94,10.53,9.24,3.98,5.24,9.68,6.60,3.92,9.49]
  │   rollout 4 | reward=1.00 | ✓succ noise‖·‖seq=[3.89,10.15,10.16,3.90,3.45,8.67,9.74,7.47,4.83,4.74,9.13,5.34,5.27,7.17,4.21,8.98,5.86,3.59,7.00,3.91,6.77,10.98,4.54,4.90,6.63,7.32,8.68,10.02,6.78,4.89,3.75,6.20,5.51,4.58,5.32,3.94,3.84,4.82,3.86,10.16,9.91,9.52,4.64,4.97,10.47,9.29,4.03,4.81,9.44,5.92,3.43,9.32]
  │   rollout 5 | reward=1.00 | ✓succ noise‖·‖seq=[3.91,10.57,8.80,3.76,4.13,8.50,9.42,6.82,5.28,4.64,9.15,5.49,5.17,7.07,4.45,8.61,5.57,3.96,7.14,4.32,7.13,9.63,4.71,4.71,6.31,7.13,9.44,11.13,6.07,4.99,4.07,5.90,5.98,4.45,5.25,4.13,4.15,5.14,3.87,9.86,9.43,8.78,4.71,5.07,10.40,10.10,4.11,5.05,9.44,5.84,3.82,9.38]
  │   rollout 6 | reward=1.00 | ✓succ noise‖·‖seq=[3.83,10.12,9.05,4.12,4.21,8.32,9.07,7.12,5.04,4.13,9.20,5.72,5.22,7.33,4.45,9.30,5.84,3.99,6.65,3.79,7.22,9.68,4.83,4.89,5.57,7.24,9.71,9.45,5.99,4.75,3.69,6.34,5.13,4.83,5.77,3.77,3.98,5.18,4.03,9.53,10.96,9.16,4.40,5.09,10.86,9.45,3.93,5.08,9.34,6.02,3.62,9.64]
  │   rollout 7 | reward=1.00 | ✓succ noise‖·‖seq=[3.98,10.24,9.21,3.98,4.10,8.97,9.64,7.75,5.19,4.50,9.15,5.52,5.11,7.25,4.54,9.10,5.63,4.14,7.08,4.20,7.08,10.53,4.87,4.56,6.47,6.68,9.29,10.38,6.22,4.73,4.13,5.67,5.63,4.66,5.61,3.96,3.78,4.95,4.35,9.70,10.76,8.94,4.45,5.10,10.25,9.29,4.04,5.18,8.87,6.34,4.05,9.07]
  └────────────────────────────────────────
  ┌─ Group 2 | task~group2 | SR=3/8=0.38  inject-steps=[6,8,6,8,8,3,6,1,0,9,8,1,0,8,9,8,2,7,1,0,2,5,7,4,4,3,3,9,5,0,0,4,8,4,0,9,1,7,0,2,2,8,3,1,3,8,8,9,9,7,6,7]
  │   rollout 0 | reward=0.00 | ✓succ noise‖·‖seq=[4.79,4.23,5.15,4.80,4.39,6.10,4.96,10.46,9.02,4.09,4.58,10.25,9.92,4.18,3.78,4.50,6.47,4.73,10.56,8.55,7.07,4.86,4.61,5.79,5.18,6.12,5.90,3.73,5.05,8.97,8.93,5.51,4.44,5.95,9.46,3.81,10.25,4.82,9.24,6.89,7.76,4.29,6.48,10.10,6.24,4.58,4.22,4.05,3.94,4.78,4.64,4.93]
  │   rollout 1 | reward=0.00 | ✗fail noise‖·‖seq=[4.67,4.58,4.76,4.65,4.44,5.91,5.01,10.00,9.83,4.26,4.60,9.89,9.23,4.77,4.09,4.44,7.68,4.76,9.69,8.48,7.53,4.79,4.75,5.23,5.82,5.81,6.32,3.98,4.70,8.67,8.29,5.38,4.34,6.02,9.54,3.67,10.04,4.48,9.75,6.84,6.91,4.54,5.91,10.02,6.12,4.02,4.16,3.92,3.86,4.61,4.70,4.79]
  │   rollout 2 | reward=0.00 | ✗fail noise‖·‖seq=[5.10,4.37,4.90,4.60,4.46,6.35,4.96,10.55,8.88,3.82,4.80,9.90,9.04,4.53,3.85,4.22,6.62,4.62,10.91,9.36,7.51,5.31,4.44,5.57,5.19,6.45,6.32,4.34,5.31,8.39,9.59,5.09,4.62,5.74,9.19,3.92,10.38,4.86,9.77,7.98,7.24,4.23,5.87,9.88,6.36,4.62,4.55,4.06,4.09,4.61,4.84,4.68]
  │   rollout 3 | reward=1.00 | ✓succ noise‖·‖seq=[4.90,4.51,4.76,4.44,4.49,5.80,4.59,10.70,9.60,3.92,4.59,10.20,9.12,4.41,3.78,4.83,7.53,4.88,10.55,8.74,7.32,5.09,4.50,5.34,5.69,5.61,6.30,4.25,4.87,9.25,8.94,5.18,4.45,5.48,9.12,4.19,10.12,4.41,9.26,7.57,7.72,4.75,6.09,10.22,5.69,4.09,4.46,4.05,3.83,4.49,4.81,4.52]
  │   rollout 4 | reward=0.00 | ✗fail noise‖·‖seq=[4.88,4.46,4.75,4.37,4.39,6.36,4.85,10.49,8.53,4.09,4.45,10.32,9.47,4.60,3.95,4.39,6.85,4.67,9.63,9.79,7.63,4.74,4.58,5.28,5.76,6.09,6.20,3.88,5.09,8.59,8.97,5.22,4.59,5.15,9.78,3.77,10.86,4.68,9.12,6.83,6.76,4.41,5.94,10.17,5.81,4.38,4.88,4.09,4.00,4.83,4.59,4.62]
  │   rollout 5 | reward=0.00 | ✗fail noise‖·‖seq=[5.02,4.39,4.95,4.49,4.51,5.52,4.81,10.34,9.62,3.99,4.59,9.99,9.70,5.03,4.24,4.55,7.33,4.57,9.95,9.10,6.90,5.24,4.40,5.70,5.97,5.92,6.87,4.11,4.86,9.15,9.05,5.57,4.25,5.19,9.26,4.17,10.56,4.95,9.57,6.97,6.70,4.60,6.21,10.09,6.08,4.35,4.29,4.10,3.65,4.60,4.79,4.77]
  │   rollout 6 | reward=1.00 | ✓succ noise‖·‖seq=[4.85,4.46,4.86,4.41,4.57,6.35,4.81,10.00,9.60,4.43,4.37,9.68,9.20,4.35,3.83,4.28,7.17,4.53,9.82,9.20,7.17,5.03,4.24,5.60,5.80,5.64,6.31,4.12,4.78,8.92,9.62,5.49,4.84,5.57,8.82,4.15,9.24,5.02,8.89,7.20,7.46,4.48,6.01,10.23,6.32,4.16,4.40,3.74,4.01,4.73,5.24,4.73]
  │   rollout 7 | reward=0.00 | ✗fail noise‖·‖seq=[4.88,4.40,5.05,4.49,4.44,5.61,4.85,10.22,8.59,3.82,4.62,10.26,8.98,4.74,3.91,4.97,6.90,4.95,10.05,9.39,7.74,5.07,4.90,5.69,5.53,5.91,6.13,4.07,4.53,9.40,9.29,4.91,4.63,5.46,9.14,3.93,9.75,4.91,9.53,7.58,7.06,4.40,6.33,9.10,5.82,4.78,4.39,3.79,3.89,4.39,4.91,4.41]
  └────────────────────────────────────────
  ┌─ Group 3 | task~group3 | SR=5/8=0.62  inject-steps=[7,1,5,9,8,3,2,3,0,0,7,6,9,9,7,1,3,4,1,9,9,2,9,7,5,5,7,2,8,3,9,6,0,1,1,8,5,1,9,0,9,5,8,9,6,6,3,2,3,4,6,5]
  │   rollout 0 | reward=0.00 | ✗fail noise‖·‖seq=[4.69,9.59,5.15,3.90,4.42,6.18,7.22,5.82,9.28,8.84,4.55,4.86,4.00,3.55,4.57,9.34,5.78,5.63,10.59,4.26,4.19,7.40,4.08,4.45,5.51,4.91,4.55,7.54,4.74,6.29,4.09,4.96,9.41,9.95,11.62,4.53,5.44,10.22,3.74,9.09,3.54,5.03,4.23,4.08,4.66,5.11,6.43,6.80,5.72,5.10,4.87,4.78]
  │   rollout 1 | reward=0.00 | ✓succ noise‖·‖seq=[4.74,10.80,4.76,4.03,4.28,5.91,6.53,6.22,9.98,9.11,4.59,5.22,3.94,3.68,4.98,10.70,6.35,5.59,9.55,3.99,3.52,7.19,3.97,4.61,5.10,4.84,5.00,6.79,4.97,5.82,3.74,4.83,8.84,10.19,10.60,4.52,5.55,10.63,4.21,10.08,3.93,5.44,4.45,3.92,4.75,4.50,6.23,7.72,6.41,5.36,5.19,4.73]
  │   rollout 2 | reward=0.00 | ✓succ noise‖·‖seq=[4.66,9.70,4.97,3.81,4.57,5.92,6.85,6.05,9.50,9.15,4.65,5.29,4.01,3.88,4.61,10.43,5.98,5.95,10.17,3.88,4.04,6.70,3.85,4.93,4.91,4.94,4.68,7.11,4.50,5.81,4.10,4.99,8.45,10.36,10.92,4.53,4.97,9.92,4.21,8.62,3.77,5.08,4.64,3.57,4.54,4.73,6.17,6.15,5.56,5.12,4.54,5.13]
  │   rollout 3 | reward=1.00 | ✓succ noise‖·‖seq=[4.72,10.43,4.61,4.12,4.48,6.43,7.17,6.09,8.74,9.41,4.90,4.69,4.20,3.79,4.60,10.40,5.35,5.39,9.55,3.74,3.89,8.09,4.15,4.58,5.28,4.70,4.99,6.90,4.46,6.00,4.10,4.81,10.47,10.14,10.31,4.42,5.28,10.41,4.31,8.77,3.97,5.03,4.56,3.74,4.42,4.98,5.96,7.20,6.28,5.87,5.02,5.03]
  │   rollout 4 | reward=0.00 | ✗fail noise‖·‖seq=[4.67,10.58,4.89,4.20,4.46,6.41,7.22,5.98,9.38,9.33,4.87,4.99,4.29,3.73,4.52,9.70,6.15,5.24,9.37,3.92,4.23,7.23,4.05,4.91,4.78,4.70,4.48,7.37,4.39,5.89,4.20,5.11,9.55,9.37,10.65,4.22,5.05,9.76,4.05,9.50,3.92,5.33,4.67,3.86,4.65,4.92,6.44,7.57,6.45,5.04,4.87,5.07]
  │   rollout 5 | reward=1.00 | ✓succ noise‖·‖seq=[4.82,9.66,4.98,3.80,4.62,5.66,7.10,5.46,9.00,9.70,4.77,5.09,4.04,3.55,4.78,9.79,6.01,5.10,10.16,4.07,4.13,7.17,3.97,4.44,5.25,4.97,4.53,6.77,4.40,6.10,3.97,4.82,10.16,10.28,9.47,4.63,4.79,10.06,3.66,8.86,3.82,5.29,4.07,4.12,4.94,4.89,5.86,7.43,5.58,6.00,4.35,5.10]
  │   rollout 6 | reward=0.00 | ✗fail noise‖·‖seq=[4.72,9.60,4.79,3.94,4.36,6.00,6.89,5.91,8.99,8.99,4.62,4.69,4.09,3.81,4.48,10.23,5.83,5.47,9.18,4.12,3.98,7.90,4.06,4.64,5.18,5.14,4.54,6.75,4.62,6.19,3.81,4.75,9.47,10.67,10.21,4.40,4.82,10.26,4.02,9.50,4.26,5.20,4.50,3.79,5.02,5.02,6.50,7.12,5.70,5.27,4.68,5.12]
  │   rollout 7 | reward=1.00 | ✓succ noise‖·‖seq=[4.92,9.49,5.09,4.58,4.64,5.99,6.83,6.09,9.07,8.81,4.63,5.22,4.01,3.91,4.62,10.32,6.03,5.32,10.10,4.12,4.13,7.26,4.26,4.39,5.53,5.03,4.65,7.63,4.20,6.17,3.80,4.84,9.01,9.64,10.95,4.36,4.99,10.16,3.92,9.69,4.57,4.93,4.32,3.96,4.57,5.09,5.81,7.05,5.97,5.76,4.33,5.20]
  └────────────────────────────────────────
  ┌─ Group 4 | task~group4 | SR=4/8=0.50  inject-steps=[7,2,0,9,6,1,4,3,8,6,8,5,7,1,7,7,7,8,3,6,7,4,7,6,7,0,0,8,2,7,4,5,2,4,0,9,8,8,2,0,9,1,6,0,4,3,5,3,5,1,2,7]
  │   rollout 0 | reward=0.00 | ✗fail noise‖·‖seq=[4.70,7.54,8.98,3.87,4.86,9.70,5.90,6.40,4.59,4.72,4.57,5.10,4.82,10.04,4.45,4.81,4.53,4.52,6.34,4.84,4.32,5.21,4.41,4.81,4.80,9.08,8.96,4.89,7.19,4.95,5.45,4.75,7.50,4.95,9.70,3.92,4.07,4.61,7.42,9.75,4.09,10.69,4.56,9.45,5.41,6.15,5.11,5.90,4.99,10.78,6.72,4.90]
  │   rollout 1 | reward=1.00 | ✓succ noise‖·‖seq=[4.65,7.41,8.56,4.17,4.51,9.35,5.55,6.10,4.34,4.61,4.61,4.83,4.78,10.23,4.78,4.11,4.53,4.14,6.05,4.81,4.48,5.41,4.73,4.66,4.69,9.45,9.84,4.18,6.94,4.84,5.68,5.31,7.49,5.27,9.65,4.16,4.20,4.56,7.04,9.50,3.95,10.69,5.03,8.90,6.05,5.52,5.02,6.06,4.69,10.86,6.63,4.28]
  │   rollout 2 | reward=1.00 | ✓succ noise‖·‖seq=[4.65,7.30,8.87,3.94,5.08,10.61,4.99,5.97,4.26,4.70,4.11,4.98,4.52,10.41,4.70,4.60,4.77,4.68,6.50,5.00,4.52,5.41,4.63,5.14,5.03,9.56,8.68,4.31,7.05,4.48,5.55,4.46,7.51,5.35,9.12,3.92,4.26,4.26,6.91,9.48,4.02,10.50,4.60,9.40,5.44,5.72,5.25,6.03,5.16,9.73,6.99,4.74]
  │   rollout 3 | reward=0.00 | ✗fail noise‖·‖seq=[4.38,6.72,8.94,3.81,4.86,10.28,4.88,6.31,4.67,4.36,4.16,4.78,4.90,10.64,4.89,4.08,4.90,4.33,6.56,5.09,4.61,4.62,4.68,4.81,4.62,9.01,9.48,4.60,6.93,4.51,5.08,4.89,6.97,5.22,9.21,3.91,4.51,4.15,7.00,8.60,4.07,10.07,4.65,9.53,5.41,6.25,5.10,6.21,5.00,10.29,7.40,4.88]
  │   rollout 4 | reward=1.00 | ✓succ noise‖·‖seq=[4.68,7.20,9.64,4.05,4.71,9.65,5.19,6.03,4.61,5.10,4.31,5.12,4.55,10.34,4.59,4.55,4.33,4.61,6.27,4.67,4.69,5.78,4.77,4.87,4.98,9.40,9.39,4.54,6.91,4.78,5.47,5.29,7.09,5.72,9.06,3.58,4.52,4.31,7.10,9.60,3.90,10.47,4.79,9.00,5.16,5.26,4.97,6.55,5.42,9.96,7.44,4.90]
  │   rollout 5 | reward=0.00 | ✗fail noise‖·‖seq=[4.55,7.04,8.75,3.78,4.86,10.06,4.97,6.55,4.55,4.54,4.52,4.88,4.86,9.77,4.72,4.74,4.53,4.62,5.72,4.63,4.67,5.38,4.50,4.72,4.77,8.72,9.58,4.55,6.70,4.53,5.31,5.33,7.49,5.62,8.96,3.71,4.35,4.35,7.16,8.75,4.14,9.30,4.81,9.60,5.42,5.59,5.13,6.51,5.15,9.20,6.72,4.29]
  │   rollout 6 | reward=1.00 | ✓succ noise‖·‖seq=[4.92,7.58,10.07,4.27,5.22,10.04,5.14,5.71,4.40,5.16,4.03,5.06,4.55,9.97,4.95,4.82,4.44,4.24,6.03,4.88,4.50,4.95,4.86,4.60,4.33,9.31,9.37,4.20,7.08,5.11,5.02,4.91,7.27,5.50,9.21,3.52,4.70,4.14,7.35,9.30,3.97,9.64,4.93,9.75,5.36,6.16,5.32,5.76,4.55,10.01,7.14,4.40]
  │   rollout 7 | reward=0.00 | ✗fail noise‖·‖seq=[4.71,7.68,9.16,4.45,4.75,10.18,5.11,5.66,4.32,4.85,4.77,5.12,4.84,10.91,4.33,4.55,4.78,4.14,5.94,4.83,4.46,5.32,4.61,4.56,4.81,9.92,9.59,4.24,6.69,4.72,5.50,5.29,7.21,5.04,8.64,3.94,4.55,4.46,7.04,9.09,3.60,11.12,4.94,8.44,5.65,6.63,4.63,5.66,5.14,9.97,6.90,4.70]
  └────────────────────────────────────────
  ┌─ Group 5 | task~group5 | SR=5/8=0.62  inject-steps=[3,3,8,8,0,0,6,9,0,6,9,3,9,7,8,3,8,6,6,8,6,8,8,8,5,3,5,7,0,3,7,3,1,1,6,9,9,8,0,3,4,9,8,7,9,0,3,8,3,7,0,2]
  │   rollout 0 | reward=0.00 | ✗fail noise‖·‖seq=[5.82,5.82,4.78,4.58,9.15,8.87,4.35,3.86,8.61,5.07,4.29,6.09,3.88,4.76,4.06,5.75,4.55,5.42,5.18,4.56,4.82,4.68,4.82,4.69,5.01,5.72,4.57,4.62,9.46,5.71,4.29,5.88,10.37,9.76,4.83,3.84,3.85,4.66,9.16,6.36,5.22,4.03,4.44,4.86,3.95,8.99,6.22,4.98,5.66,4.77,9.34,7.05]
  │   rollout 1 | reward=0.00 | ✓succ noise‖·‖seq=[6.07,6.10,3.99,4.38,9.02,9.44,4.86,4.06,9.02,5.06,3.83,5.49,4.11,4.87,4.26,5.86,4.41,5.03,4.62,4.59,4.98,4.47,4.00,4.35,5.16,5.54,5.32,4.64,9.22,6.10,4.20,5.71,9.70,10.00,4.38,3.94,4.35,5.24,8.42,5.73,5.59,4.01,4.76,4.69,3.96,9.63,5.74,4.72,5.80,4.63,9.09,7.59]
  │   rollout 2 | reward=1.00 | ✓succ noise‖·‖seq=[5.97,5.84,4.79,4.37,8.84,9.87,4.44,4.00,9.79,4.99,3.96,6.17,4.18,4.35,4.52,6.05,4.58,4.81,5.14,4.84,4.76,4.40,5.02,4.23,4.72,5.41,5.58,4.56,9.44,6.06,4.27,6.24,10.80,10.39,4.66,3.96,4.09,4.60,10.04,6.32,5.83,4.01,4.33,4.67,3.75,9.21,5.94,4.39,6.15,4.74,9.12,7.43]
  │   rollout 3 | reward=0.00 | ✗fail noise‖·‖seq=[6.43,6.21,4.61,4.79,9.23,9.32,5.05,4.13,9.71,4.78,4.05,5.85,4.34,4.38,4.56,5.63,4.17,4.86,4.69,4.43,4.79,4.23,4.69,4.60,5.42,6.11,5.08,4.25,9.38,6.46,4.72,6.12,9.64,10.62,4.69,3.72,4.36,4.66,9.57,6.51,5.72,3.76,4.54,4.32,3.69,9.62,6.10,4.08,6.44,4.37,9.77,7.58]
  │   rollout 4 | reward=0.00 | ✗fail noise‖·‖seq=[6.50,6.35,4.17,4.55,9.24,9.56,4.64,3.87,9.09,4.54,4.23,6.07,3.79,4.59,4.56,5.75,4.75,5.07,4.88,4.20,4.88,4.39,4.62,4.35,4.96,5.93,4.59,4.87,10.17,6.28,4.98,6.39,10.19,10.40,4.78,3.82,4.25,4.40,9.59,6.30,5.28,4.14,4.45,4.72,4.24,8.91,6.11,4.44,6.11,4.96,10.25,7.58]
  │   rollout 5 | reward=1.00 | ✓succ noise‖·‖seq=[6.39,5.66,4.46,4.55,9.67,9.76,5.10,4.19,9.05,4.83,4.10,6.44,4.50,4.78,4.81,6.01,4.45,4.73,4.82,4.38,4.61,4.85,4.63,4.28,4.53,6.21,5.04,4.72,9.26,6.81,4.61,6.42,10.35,9.84,5.01,4.07,4.14,4.47,9.29,5.80,5.37,4.14,4.10,4.47,4.06,9.36,6.43,4.39,6.22,4.61,8.78,6.96]
  │   rollout 6 | reward=0.00 | ✓succ noise‖·‖seq=[6.16,5.66,4.58,4.64,9.19,8.69,4.84,3.95,9.79,4.85,4.22,6.08,3.91,4.80,4.46,5.80,4.37,4.92,4.70,4.50,4.85,4.13,4.66,4.58,5.18,5.84,4.77,4.78,8.32,6.22,4.73,5.87,9.67,10.78,4.94,3.96,3.75,4.76,8.34,6.07,5.97,3.65,4.79,4.37,4.28,9.57,6.44,4.46,5.87,4.16,8.84,6.63]
  │   rollout 7 | reward=1.00 | ✓succ noise‖·‖seq=[6.37,6.05,4.50,4.11,9.63,9.58,5.11,4.03,8.96,5.15,4.11,6.31,3.93,4.33,4.49,6.13,4.02,5.15,4.86,4.99,4.81,4.08,4.43,4.58,5.19,6.07,4.99,5.02,8.28,6.27,4.40,5.66,9.49,10.85,4.93,3.90,3.95,4.57,9.52,6.13,5.16,3.96,4.47,4.44,4.05,9.26,5.95,4.56,5.84,4.73,8.94,6.63]
  └────────────────────────────────────────
  ┌─ Group 6 | task~group6 | SR=8/8=1.00  inject-steps=[7,8,0,6,2,3,1,0,8,0,4,3,6,0,5,2,9,3,7,1,6,6,3,7,4,7,2,9,9,5,3,9,6,7,6,1,4,1,3,3,4,9,9,3,5,5,5,9,9,4,2,2]
  │   rollout 0 | reward=1.00 | ✓succ noise‖·‖seq=[4.73,4.42,9.14,5.06,7.08,6.30,10.55,9.31,4.13,9.08,5.29,5.85,4.70,8.74,4.64,7.33,3.80,6.14,4.50,10.18,4.51,5.31,5.98,4.71,5.85,4.59,6.97,4.13,3.86,5.30,5.43,3.99,5.04,4.68,4.66,10.07,5.45,10.12,5.85,6.49,5.62,4.26,4.01,6.23,4.89,4.88,5.22,4.26,3.99,5.84,7.07,7.66]
  │   rollout 1 | reward=1.00 | ✓succ noise‖·‖seq=[4.88,4.22,8.45,4.76,6.97,6.11,9.72,9.27,4.31,9.73,5.10,5.95,4.68,9.74,5.19,6.87,3.94,5.95,4.26,9.73,4.76,4.62,5.74,4.49,5.64,5.01,7.07,4.15,3.96,4.80,6.34,3.97,4.98,4.71,5.13,10.18,5.32,9.36,6.16,5.90,5.28,3.59,3.60,5.70,4.74,5.00,5.19,3.88,3.85,5.58,6.99,6.49]
  │   rollout 2 | reward=1.00 | ✓succ noise‖·‖seq=[4.63,4.64,8.79,5.07,7.38,6.71,10.37,8.81,4.22,8.87,5.72,5.73,5.08,8.94,5.22,7.02,3.92,5.78,4.60,10.86,4.75,5.08,6.00,4.79,5.92,4.68,6.78,3.78,4.12,4.60,5.80,3.84,4.69,4.54,4.76,10.07,5.58,9.69,5.94,5.36,5.44,4.03,4.20,6.62,4.41,5.51,5.09,4.23,3.94,5.29,7.06,7.29]
  │   rollout 3 | reward=1.00 | ✓succ noise‖·‖seq=[5.12,4.78,9.12,4.72,6.82,5.88,10.66,9.21,4.77,9.93,5.58,6.59,4.91,9.58,5.04,6.85,3.83,5.75,4.54,10.18,5.09,4.86,5.89,4.80,5.26,4.89,7.28,4.05,3.98,5.07,6.31,4.14,4.98,4.51,5.11,9.83,5.26,9.65,5.82,6.29,5.08,3.96,4.03,5.61,4.58,4.98,5.13,3.77,4.04,5.43,7.19,7.25]
  │   rollout 4 | reward=1.00 | ✓succ noise‖·‖seq=[4.68,4.54,9.15,5.15,6.60,6.21,10.94,9.96,4.82,9.64,5.06,6.10,4.78,9.15,5.11,6.88,3.80,5.92,4.77,10.17,5.15,4.72,5.87,4.81,5.37,4.54,7.33,3.96,3.87,5.17,5.50,3.78,4.77,4.52,4.58,10.59,5.16,10.17,5.85,6.08,5.22,4.29,4.02,5.54,5.01,5.44,4.96,4.11,4.08,5.71,6.94,7.35]
  │   rollout 5 | reward=1.00 | ✓succ noise‖·‖seq=[5.05,4.49,9.37,5.09,7.46,6.32,10.61,9.92,4.77,9.96,5.50,6.29,5.05,9.85,4.93,7.39,4.02,6.15,4.44,10.45,4.63,4.86,6.11,4.76,5.30,4.53,7.36,4.02,4.14,4.80,6.22,4.07,4.77,4.92,5.12,10.25,5.24,10.13,6.43,5.85,5.42,4.08,4.00,5.52,5.08,5.55,4.86,3.54,4.18,5.36,7.43,7.17]
  │   rollout 6 | reward=1.00 | ✓succ noise‖·‖seq=[4.33,4.44,9.25,5.09,7.22,6.02,10.58,8.56,4.23,8.62,5.60,6.26,5.01,8.50,5.27,7.07,3.93,6.18,4.47,10.58,4.90,5.49,6.31,4.82,5.51,4.50,6.96,3.85,3.86,5.22,6.17,4.00,4.79,4.77,4.68,10.18,5.75,10.21,6.24,5.73,5.28,3.53,3.98,5.72,4.95,4.45,5.18,4.08,4.00,5.70,7.94,6.70]
  │   rollout 7 | reward=1.00 | ✓succ noise‖·‖seq=[4.78,4.50,9.32,4.77,7.30,5.82,10.54,9.39,4.33,8.46,5.52,5.60,5.06,8.86,4.92,6.76,4.12,6.23,4.56,10.05,4.74,4.86,6.20,5.07,5.46,4.59,6.37,3.97,4.10,5.36,6.00,4.06,4.78,5.05,5.18,10.23,5.58,10.07,6.05,5.86,5.37,4.03,4.28,5.89,5.05,5.14,4.83,4.16,4.19,5.57,7.07,7.16]
  └────────────────────────────────────────
  ┌─ Group 7 | task~group7 | SR=8/8=1.00  inject-steps=[9,4,2,8,7,1,6,2,5,3,7,1,5,1,6,0,5,8,2,3,7,1,7,3,9,5,5,7,0,2,1,2,0,3,8,2,8,0,3,7,7,5,2,4,6,3,6,2,9,4,0,3]
  │   rollout 0 | reward=1.00 | ✓succ noise‖·‖seq=[4.03,5.50,7.21,4.64,4.71,9.83,4.91,6.87,5.36,6.55,4.72,11.01,5.12,9.48,4.88,9.41,5.06,4.91,7.32,5.97,4.73,10.23,5.15,6.22,4.33,5.38,5.15,4.95,9.47,6.91,9.94,7.20,8.38,6.40,4.31,7.50,4.58,8.40,6.24,4.82,5.00,4.85,7.38,5.61,4.66,5.70,4.87,7.33,4.51,5.61,9.20,6.27]
  │   rollout 1 | reward=0.00 | ✓succ noise‖·‖seq=[4.15,5.40,6.92,4.52,4.86,10.49,5.11,7.50,4.86,6.13,4.58,10.57,5.22,10.70,4.94,8.59,5.03,4.44,7.28,6.28,4.51,10.06,4.49,6.21,3.89,5.10,4.96,4.62,8.85,7.87,10.37,7.38,9.72,5.44,4.40,6.74,4.49,10.16,5.92,5.04,4.34,4.92,7.22,5.66,4.52,6.34,4.56,6.91,4.23,5.71,9.88,5.94]
  │   rollout 2 | reward=1.00 | ✓succ noise‖·‖seq=[4.19,5.63,6.61,4.67,4.64,9.93,4.95,6.93,4.90,6.05,4.83,9.89,5.10,10.26,4.72,9.19,5.33,4.44,6.62,6.11,4.45,9.58,5.06,5.68,3.70,5.24,4.99,4.18,8.37,6.97,10.39,7.41,9.20,6.11,4.76,7.18,4.31,9.12,6.30,4.72,4.94,5.03,6.68,5.09,4.57,6.19,5.00,7.66,4.04,5.85,10.08,6.46]
  │   rollout 3 | reward=0.00 | ✓succ noise‖·‖seq=[4.00,5.76,7.15,3.89,4.61,10.36,5.03,6.87,5.18,6.44,4.50,9.76,5.33,9.86,4.95,8.64,5.26,4.53,6.59,6.01,4.89,10.37,4.89,6.10,3.64,5.02,4.87,4.54,9.50,6.91,10.07,7.01,9.79,6.14,4.21,7.87,4.55,9.80,6.07,4.68,4.75,5.09,6.82,5.40,4.83,6.54,4.60,6.91,4.08,5.57,9.76,6.01]
  │   rollout 4 | reward=0.00 | ✓succ noise‖·‖seq=[3.77,5.79,6.89,4.46,4.59,9.50,5.38,7.46,5.11,6.16,4.66,10.74,4.71,9.86,5.16,9.19,5.16,4.32,6.39,6.02,4.56,10.18,4.36,6.09,4.07,4.65,4.94,4.86,9.07,7.48,9.60,6.99,9.11,5.80,4.28,6.51,4.60,9.38,6.14,4.42,4.78,4.94,7.62,5.35,5.21,5.70,4.84,7.42,4.24,5.33,9.19,6.41]
  │   rollout 5 | reward=1.00 | ✓succ noise‖·‖seq=[3.95,5.41,7.21,4.49,4.34,9.71,4.99,6.85,5.10,6.03,4.61,9.86,5.13,9.93,5.02,8.55,5.23,4.39,6.67,5.54,4.63,9.86,4.36,6.06,3.94,4.65,4.83,4.83,9.04,7.31,10.61,7.23,9.65,6.53,4.38,7.12,4.53,8.92,5.73,4.68,4.54,5.31,7.57,5.20,4.92,5.89,4.94,7.28,3.62,5.41,8.99,6.35]
  │   rollout 6 | reward=1.00 | ✓succ noise‖·‖seq=[4.03,5.85,7.29,4.49,5.27,9.96,4.91,7.37,4.94,6.31,4.73,10.33,5.16,10.11,4.93,9.95,5.06,4.17,6.67,6.58,4.51,9.86,4.99,6.17,3.71,4.74,5.21,4.67,9.48,6.97,10.17,7.08,9.10,5.76,4.59,7.84,4.55,9.20,6.04,4.64,5.12,4.86,7.20,5.27,4.92,6.18,4.89,7.47,4.21,5.56,10.30,5.77]
  │   rollout 7 | reward=1.00 | ✓succ noise‖·‖seq=[4.09,5.79,7.26,4.55,4.41,10.77,5.36,6.59,5.36,6.50,4.24,10.55,5.07,9.88,5.01,9.43,5.06,4.56,6.97,5.59,4.66,9.41,4.84,5.93,3.86,5.05,5.42,4.07,8.74,6.87,10.93,7.44,9.89,6.22,4.73,6.91,4.65,9.00,6.02,4.56,4.64,4.86,7.22,5.62,4.62,5.89,4.92,6.50,3.84,5.47,9.83,5.82]
  └────────────────────────────────────────

==============================================================================
GLOBAL STEP 8  |  rank/shard 0  |  8 group(s) x 8 rollouts  (B=64)
  ┌─ Group 0 | task~group0 | SR=6/8=0.75  inject-steps=[6,4,8,2,3,3,7,4,8,2,6,5,6,7,3,0,6,8,8,7,6,7,7,4,3,2,2,4,5,3,2,3,3,1,9,4,0,9,7,9,2,4,4,3,4,0,6,3,8,5,8,1]
  │   rollout 0 | reward=1.00 | ✓succ noise‖·‖seq=[5.17,5.44,4.71,6.64,6.34,5.94,4.83,5.76,4.22,7.76,4.66,5.07,4.19,4.70,6.07,8.70,5.05,4.42,4.10,4.48,5.17,4.26,4.49,5.34,6.19,7.16,7.09,5.99,5.20,6.87,6.60,6.45,5.88,10.30,4.07,5.37,9.00,4.06,4.38,3.91,7.08,5.41,5.24,6.39,5.79,9.96,4.90,5.98,4.55,5.08,4.29,9.51]
  │   rollout 1 | reward=1.00 | ✓succ noise‖·‖seq=[5.03,5.61,4.48,6.96,6.10,6.17,4.19,5.25,4.46,7.01,5.16,5.44,4.80,4.76,6.06,9.12,5.31,4.80,4.53,4.23,4.71,4.65,4.59,5.33,6.33,7.19,7.07,5.32,4.97,5.96,6.77,6.39,6.12,10.50,4.22,5.97,9.88,3.68,4.56,3.83,7.03,5.53,5.49,6.14,5.57,9.31,4.44,5.82,4.31,4.96,4.11,10.11]
  │   rollout 2 | reward=1.00 | ✓succ noise‖·‖seq=[5.04,5.51,4.40,7.44,6.56,6.47,4.51,5.27,4.28,7.33,5.20,4.97,4.74,4.56,5.94,8.90,4.31,4.35,4.27,4.70,5.20,4.48,4.57,5.47,6.28,7.45,6.87,5.09,5.53,6.08,7.23,5.91,5.32,9.75,3.91,5.62,9.95,3.82,4.90,3.99,6.70,5.68,5.12,5.95,5.36,9.67,4.56,5.98,4.38,4.83,4.96,11.39]
  │   rollout 3 | reward=0.00 | ✗fail noise‖·‖seq=[4.75,5.44,4.29,6.94,6.14,6.15,4.55,5.86,4.25,7.39,5.24,5.04,5.07,4.10,6.06,9.85,4.92,4.59,4.39,4.38,4.66,4.44,4.94,5.20,6.44,6.76,7.00,5.51,4.92,5.97,7.29,5.76,5.89,10.42,3.93,5.92,9.34,4.25,4.70,3.86,6.71,4.99,5.37,5.54,5.57,8.93,4.86,6.63,4.10,5.28,4.49,9.87]
  │   rollout 4 | reward=1.00 | ✓succ noise‖·‖seq=[4.82,5.54,4.25,6.84,5.67,6.09,4.55,5.32,4.66,7.29,4.75,5.30,4.46,4.16,6.07,8.93,4.68,4.38,4.47,4.54,4.81,4.70,4.79,5.65,6.19,7.52,7.74,5.47,5.14,6.44,6.84,6.00,6.15,10.56,3.63,5.29,9.74,4.01,4.50,4.13,7.18,5.53,6.11,5.92,5.05,9.42,5.32,6.37,4.35,4.83,4.97,9.44]
  │   rollout 5 | reward=1.00 | ✓succ noise‖·‖seq=[5.10,5.20,4.42,6.82,5.80,6.15,4.92,5.79,4.33,7.06,5.20,5.07,4.64,4.78,6.62,9.60,5.09,4.22,4.60,4.23,4.62,4.46,4.54,5.29,6.20,7.03,6.88,5.39,4.61,5.75,7.34,6.37,6.43,9.87,4.36,5.98,9.71,4.02,4.36,3.83,6.87,5.17,5.41,6.07,5.36,9.48,4.54,6.00,4.54,5.00,4.61,10.54]
  │   rollout 6 | reward=0.00 | ✗fail noise‖·‖seq=[4.95,5.26,4.72,7.01,5.63,6.01,4.35,5.72,4.43,7.03,4.82,5.28,4.93,4.72,5.60,9.22,4.58,4.57,4.64,4.77,5.36,4.43,4.71,5.45,5.92,6.84,7.20,4.95,5.32,6.36,6.46,6.33,6.50,9.64,3.94,5.71,9.93,3.93,4.68,4.09,7.10,5.51,5.20,5.90,5.51,9.38,4.81,6.09,4.10,5.71,4.43,10.71]
  │   rollout 7 | reward=1.00 | ✓succ noise‖·‖seq=[5.08,5.69,4.13,7.06,5.76,6.09,4.73,5.19,4.56,7.86,4.67,5.14,5.39,4.97,6.05,9.12,5.06,4.47,4.40,4.51,4.90,4.59,4.52,5.07,6.29,7.32,7.46,5.12,5.41,6.73,6.97,6.13,5.65,9.65,3.85,5.45,9.73,4.05,4.49,3.82,6.76,5.72,5.09,6.59,5.48,9.22,4.45,5.82,4.29,4.78,4.42,9.89]
  └────────────────────────────────────────
  ┌─ Group 1 | task~group1 | SR=7/8=0.88  inject-steps=[8,4,6,9,6,6,6,2,7,8,3,6,9,4,4,1,3,2,9,3,9,3,1,4,8,9,7,2,2,4,0,2,9,2,6,9,4,0,4,1,3,3,3,5,1,1,6,1,0,0,0,3]
  │   rollout 0 | reward=1.00 | ✓succ noise‖·‖seq=[4.45,5.36,4.92,4.16,4.79,4.39,4.81,6.93,4.78,4.55,6.36,5.06,4.10,5.40,5.14,9.54,6.31,7.14,3.94,6.07,3.59,6.48,10.54,5.43,4.36,3.88,4.56,7.43,6.98,5.33,8.39,6.69,4.20,6.93,5.00,3.90,5.34,9.38,5.37,10.29,6.79,6.31,6.03,5.40,11.13,10.03,4.56,10.59,9.05,8.26,9.34,6.19]
  │   rollout 1 | reward=1.00 | ✓succ noise‖·‖seq=[4.43,5.67,4.90,4.19,4.99,4.74,4.87,6.91,4.66,4.54,6.22,4.74,4.15,5.34,5.39,9.67,6.15,7.31,3.81,6.40,4.45,6.59,10.40,5.26,4.18,3.77,4.94,7.28,7.11,5.32,8.50,6.92,3.93,7.23,4.96,4.21,5.57,9.51,5.34,10.79,5.82,6.04,6.02,4.85,10.76,10.54,4.76,10.37,8.41,9.31,9.21,6.16]
  │   rollout 2 | reward=1.00 | ✓succ noise‖·‖seq=[4.21,5.28,4.86,4.03,5.07,4.64,4.49,7.38,4.77,4.60,5.80,5.11,3.98,5.26,5.29,9.52,5.83,7.20,3.66,6.19,3.82,5.72,10.94,5.21,4.05,3.90,4.50,6.83,7.38,5.25,9.90,6.88,3.81,6.83,4.97,4.03,5.09,9.31,5.23,11.00,6.04,5.97,6.12,5.21,10.51,10.94,5.02,9.26,9.05,9.07,9.06,6.36]
  │   rollout 3 | reward=1.00 | ✓succ noise‖·‖seq=[4.57,5.55,4.65,3.76,5.17,5.09,4.68,7.72,4.50,4.60,6.12,4.72,4.05,5.58,5.79,10.38,6.37,6.99,4.10,6.22,4.26,6.17,9.54,5.33,4.57,4.24,4.79,6.63,7.26,5.64,9.48,7.19,3.87,7.15,4.90,3.76,5.38,9.23,5.35,9.25,6.43,5.62,5.83,4.68,9.69,9.99,4.80,11.13,9.27,8.93,9.51,6.14]
  │   rollout 4 | reward=0.00 | ✗fail noise‖·‖seq=[4.26,5.48,4.86,4.23,4.91,5.01,5.15,6.60,4.36,4.53,5.82,4.84,4.45,5.13,5.95,10.08,6.00,6.74,3.65,6.37,3.66,5.78,10.27,5.59,4.65,3.70,4.69,7.00,6.94,5.41,9.25,7.23,3.82,7.39,5.53,3.98,5.32,9.48,4.96,10.14,6.40,5.81,6.22,4.97,10.36,10.11,4.81,10.10,8.98,8.98,9.29,6.29]
  │   rollout 5 | reward=1.00 | ✓succ noise‖·‖seq=[4.50,5.48,5.13,4.32,4.64,4.56,4.77,7.52,4.17,4.63,6.39,5.11,3.87,5.81,5.76,9.66,6.27,6.91,3.97,5.94,3.79,5.93,10.31,6.00,4.58,3.65,4.83,7.22,7.66,5.73,9.33,7.37,4.00,7.34,4.48,3.87,5.24,9.30,5.32,9.59,6.39,5.98,6.07,4.79,9.24,10.61,4.80,9.94,9.16,9.29,9.39,6.36]
  │   rollout 6 | reward=1.00 | ✓succ noise‖·‖seq=[4.81,5.90,4.80,4.07,4.69,5.37,4.63,6.76,4.82,4.21,6.45,4.93,3.87,5.88,5.47,10.47,5.90,7.04,3.93,6.31,3.59,6.25,10.45,5.50,4.28,4.12,4.98,6.84,6.86,5.72,9.68,6.55,3.81,7.17,4.69,3.89,5.24,9.83,5.03,11.13,6.01,6.36,6.21,4.77,9.66,10.23,5.34,11.21,9.04,8.81,9.73,5.81]
  │   rollout 7 | reward=1.00 | ✓succ noise‖·‖seq=[4.13,5.55,4.95,4.03,4.73,4.95,4.95,7.35,4.88,4.80,6.26,4.88,4.28,4.97,5.09,9.87,6.05,7.02,3.98,6.01,4.17,5.65,10.80,5.34,4.29,3.92,4.76,6.70,7.06,5.28,9.50,7.45,4.04,6.94,4.41,4.25,5.17,9.41,4.98,11.06,6.43,5.76,6.00,4.98,11.72,10.20,4.63,10.19,8.89,10.39,9.89,6.01]
  └────────────────────────────────────────
  ┌─ Group 2 | task~group2 | SR=8/8=1.00  inject-steps=[1,7,4,2,4,5,5,7,4,4,9,6,9,5,9,5,2,0,0,5,2,3,3,2,2,1,1,5,4,2,5,4,0,7,1,4,2,9,6,6,4,1,6,5,1,0,5,6,3,7,8,4]
  │   rollout 0 | reward=1.00 | ✓succ noise‖·‖seq=[10.07,4.66,5.40,6.38,5.49,4.95,5.40,4.62,5.26,5.93,3.66,4.79,3.99,4.97,3.85,5.05,7.18,9.38,9.26,4.93,6.98,5.87,6.40,7.29,7.09,10.52,10.16,5.19,4.81,7.30,4.51,5.21,9.67,4.56,10.80,5.37,7.39,3.91,4.63,4.86,5.32,10.96,4.92,5.31,10.53,9.29,5.18,4.60,5.94,4.89,4.29,5.48]
  │   rollout 1 | reward=0.00 | ✓succ noise‖·‖seq=[11.16,4.45,5.55,7.30,5.05,4.96,4.84,5.03,5.43,5.64,4.12,4.66,4.18,4.75,4.25,5.03,7.01,9.36,9.54,5.38,7.66,6.34,6.24,7.23,7.35,9.83,9.94,4.62,5.68,7.17,4.65,5.12,9.65,4.65,10.37,5.52,7.07,3.64,4.98,5.06,5.38,10.29,4.73,5.06,11.06,9.64,4.76,5.24,5.87,4.30,4.14,5.19]
  │   rollout 2 | reward=0.00 | ✓succ noise‖·‖seq=[9.57,4.95,5.72,7.01,5.24,4.94,5.34,4.87,5.96,5.74,4.13,4.66,3.88,5.24,3.91,4.94,7.06,9.90,9.67,5.08,6.63,5.95,6.09,7.66,8.12,10.60,9.87,5.40,5.64,7.64,5.24,5.65,9.52,4.62,10.25,5.72,6.98,3.92,4.60,4.77,5.31,10.40,4.63,5.01,10.49,9.02,5.04,4.39,6.45,4.79,4.45,5.71]
  │   rollout 3 | reward=0.00 | ✓succ noise‖·‖seq=[10.55,4.88,5.44,6.73,5.79,4.65,5.26,4.65,5.30,5.68,4.15,4.82,3.95,5.33,4.17,4.90,6.48,9.08,9.09,5.10,7.09,5.81,6.36,6.98,7.70,10.52,9.48,4.68,4.97,7.76,5.36,5.31,8.80,4.29,10.91,4.98,6.76,3.87,4.56,4.71,5.49,9.53,5.04,4.87,9.43,9.88,4.94,4.60,6.38,4.75,3.84,4.94]
  │   rollout 4 | reward=0.00 | ✓succ noise‖·‖seq=[9.27,4.54,5.10,7.48,5.74,5.17,5.12,4.63,5.24,5.47,4.00,5.27,4.09,4.95,3.82,5.41,7.02,8.82,9.66,4.67,7.46,6.97,6.35,7.24,6.67,10.39,10.64,4.83,5.27,7.10,5.42,5.49,8.66,4.98,10.35,5.66,6.88,4.24,4.86,4.35,5.66,10.42,4.77,5.06,10.04,10.55,5.50,4.59,6.39,4.65,4.29,5.18]
  │   rollout 5 | reward=0.00 | ✓succ noise‖·‖seq=[9.80,4.13,5.50,7.54,5.41,5.11,4.76,4.95,5.73,5.11,3.67,4.16,4.20,5.16,3.93,4.99,6.90,8.47,9.05,5.07,7.56,6.16,6.73,7.02,7.04,9.79,10.85,5.67,5.45,7.31,5.53,5.08,8.72,4.54,9.28,5.22,7.78,4.02,4.88,4.54,5.84,10.55,4.61,5.18,10.65,8.97,4.67,4.63,5.68,4.47,4.46,5.47]
  │   rollout 6 | reward=1.00 | ✓succ noise‖·‖seq=[10.71,4.95,6.10,7.65,5.29,5.13,5.29,4.70,5.57,5.57,4.07,4.78,3.92,5.47,3.85,4.74,6.91,9.88,9.40,4.69,7.41,5.88,6.26,6.82,7.42,10.77,9.88,4.96,5.25,7.57,4.98,5.64,9.93,4.79,9.46,5.64,7.55,3.80,4.86,5.02,5.41,9.37,4.58,5.23,10.04,8.98,4.74,5.17,5.95,4.83,4.46,5.73]
  │   rollout 7 | reward=0.00 | ✓succ noise‖·‖seq=[10.75,4.93,5.10,6.89,5.52,4.52,4.81,4.37,5.48,5.59,4.23,4.90,3.66,5.29,3.95,5.09,6.36,9.44,8.75,5.06,7.69,5.81,6.24,6.96,6.50,10.28,10.90,5.14,5.77,7.61,4.57,5.39,9.20,4.37,9.72,5.39,6.99,4.24,4.79,4.82,5.41,11.09,4.94,5.04,10.04,9.69,4.96,4.73,6.30,4.84,4.42,5.00]
  └────────────────────────────────────────
  ┌─ Group 3 | task~group3 | SR=8/8=1.00  inject-steps=[6,3,6,2,3,5,5,4,2,8,3,7,7,0,6,1,5,2,7,9,3,2,3,0,9,0,8,0,9,9,3,8,8,5,8,2,8,9,2,9,5,0,1,8,8,5,5,0,2,0,3,1]
  │   rollout 0 | reward=1.00 | ✓succ noise‖·‖seq=[5.13,6.42,5.17,6.88,6.06,5.37,4.90,5.43,7.14,4.46,5.60,4.72,4.67,9.13,4.60,9.52,5.52,6.77,4.05,3.76,5.87,7.03,6.05,9.03,3.86,9.60,4.74,9.47,3.85,4.12,6.63,4.41,4.41,4.98,4.40,7.23,4.44,4.04,6.99,3.94,5.58,9.53,10.37,4.26,4.46,4.74,5.37,9.30,6.67,9.67,6.48,9.46]
  │   rollout 1 | reward=1.00 | ✓succ noise‖·‖seq=[4.72,6.22,4.78,7.40,6.68,4.82,4.94,4.70,7.15,4.66,6.14,4.62,4.33,8.98,4.77,9.66,5.32,7.02,4.72,3.85,5.91,7.14,5.90,9.96,4.19,9.20,4.53,9.80,3.87,3.93,5.94,4.29,4.53,4.99,4.58,7.31,4.78,4.06,6.93,3.61,5.13,8.96,10.07,4.19,4.61,5.23,5.01,9.71,6.53,9.06,5.99,9.91]
  │   rollout 2 | reward=1.00 | ✓succ noise‖·‖seq=[4.58,6.24,4.76,7.12,6.19,4.94,4.56,5.44,6.65,4.14,6.40,4.68,4.87,8.81,4.44,10.39,5.06,7.63,4.89,4.41,6.10,7.42,6.49,9.75,4.07,9.29,4.41,9.70,4.13,4.09,5.89,4.48,4.54,4.68,4.78,7.06,4.66,4.13,6.79,3.71,5.21,9.85,10.65,4.78,4.28,4.67,5.18,8.85,7.17,8.94,6.46,10.11]
  │   rollout 3 | reward=1.00 | ✓succ noise‖·‖seq=[4.66,6.30,4.48,7.55,6.18,4.89,5.04,5.58,7.11,4.25,5.87,4.70,4.68,9.65,4.74,10.53,5.32,7.26,4.31,3.99,6.19,6.71,5.77,9.51,3.79,8.95,4.38,8.78,4.00,4.01,5.62,4.17,4.60,5.07,4.42,7.58,4.40,4.32,7.36,4.08,5.27,9.31,10.07,4.46,4.07,4.90,5.25,8.63,7.25,8.97,5.84,10.26]
  │   rollout 4 | reward=1.00 | ✓succ noise‖·‖seq=[4.64,6.00,5.01,7.22,5.78,5.23,4.80,5.14,7.23,4.39,5.93,4.52,4.72,9.34,4.58,9.90,4.98,7.51,4.77,3.88,5.91,7.45,6.21,9.14,3.64,9.84,4.73,9.51,4.15,4.20,6.06,4.48,4.60,4.64,4.42,7.70,4.40,3.83,7.27,3.74,5.42,9.40,9.58,4.62,4.41,5.04,5.02,8.82,7.04,8.90,6.52,9.84]
  │   rollout 5 | reward=1.00 | ✓succ noise‖·‖seq=[4.51,5.82,5.06,6.79,5.54,5.00,5.40,5.24,7.76,4.46,6.28,4.50,4.51,9.72,5.03,10.72,5.11,7.39,4.55,4.08,6.55,6.92,6.27,9.33,3.81,9.60,4.64,8.89,3.92,4.07,5.82,4.97,4.63,5.09,4.37,6.75,4.28,3.79,6.98,3.96,4.90,9.09,9.89,4.48,4.54,4.95,5.01,9.16,7.46,8.54,5.53,9.79]
  │   rollout 6 | reward=1.00 | ✓succ noise‖·‖seq=[5.19,5.65,4.70,6.82,6.05,4.71,5.26,5.70,6.89,4.49,6.85,4.45,5.14,9.03,5.22,10.18,4.89,7.17,4.75,4.01,6.45,7.40,5.85,9.54,3.83,9.06,4.48,10.11,4.04,3.83,5.06,4.27,4.51,5.10,4.22,7.37,4.78,4.02,7.30,3.87,5.04,8.93,11.54,4.49,4.76,4.74,5.25,9.28,7.06,9.09,6.51,9.65]
  │   rollout 7 | reward=1.00 | ✓succ noise‖·‖seq=[5.03,5.57,4.69,7.17,7.01,4.98,5.31,5.11,7.33,4.84,5.90,4.52,4.50,9.74,4.31,9.58,4.93,7.71,4.70,3.86,6.53,7.49,6.03,8.70,3.78,10.01,4.69,9.55,4.28,3.89,6.38,4.54,4.81,5.08,4.66,6.89,4.52,4.19,7.30,4.11,4.88,8.91,9.31,3.99,4.62,4.67,5.25,9.43,7.66,9.11,5.96,9.56]
  └────────────────────────────────────────
  ┌─ Group 4 | task~group4 | SR=8/8=1.00  inject-steps=[5,5,6,0,4,1,9,6,9,7,4,2,4,8,5,2,1,7,5,5,6,0,1,6,1,8,8,2,5,0,2,9,9,1,4,7,1,8,5,3,0,5,4,9,4,7,4,9,5,9,9,9]
  │   rollout 0 | reward=1.00 | ✓succ noise‖·‖seq=[5.31,5.13,4.55,10.28,4.96,9.83,4.15,4.59,3.97,4.68,5.44,6.77,5.29,4.40,4.63,6.99,10.37,4.90,5.01,5.00,4.54,9.07,9.48,5.02,10.69,4.16,4.60,7.12,5.30,8.87,7.10,4.29,4.28,10.26,6.04,4.74,10.92,4.35,4.89,6.39,9.17,5.18,5.40,3.98,5.64,4.35,5.47,3.96,5.02,4.12,4.00,3.99]
  │   rollout 1 | reward=1.00 | ✓succ noise‖·‖seq=[5.08,4.85,4.76,9.39,5.12,9.95,4.08,4.88,4.06,4.62,5.34,7.19,5.26,4.63,4.62,6.93,10.52,4.66,5.39,5.27,4.86,8.98,9.67,4.82,10.08,4.07,4.42,7.45,5.37,9.40,7.30,4.33,4.19,11.01,5.52,4.77,11.20,4.43,5.06,6.06,10.13,5.34,5.36,4.13,5.66,4.32,5.01,3.80,5.42,4.25,3.96,4.30]
  │   rollout 2 | reward=1.00 | ✓succ noise‖·‖seq=[5.06,5.18,4.72,9.50,5.45,10.42,4.15,4.63,4.11,4.47,5.28,7.41,5.48,4.50,4.89,6.88,10.20,4.19,5.10,4.78,4.82,9.12,10.22,4.86,10.24,4.77,4.30,7.16,4.83,9.01,7.26,3.94,3.58,10.12,5.60,4.47,10.15,4.11,5.29,6.04,9.23,5.05,5.22,4.17,5.48,4.61,5.19,4.10,5.41,4.01,4.05,4.10]
  │   rollout 3 | reward=1.00 | ✓succ noise‖·‖seq=[5.03,4.90,4.99,9.29,5.35,10.02,3.97,5.23,4.25,4.74,5.50,7.96,5.68,4.62,4.71,6.34,9.72,4.50,4.84,5.00,4.53,8.91,9.17,5.34,10.29,4.41,4.73,7.62,4.86,9.50,8.09,4.05,3.70,10.14,5.53,4.73,9.46,4.32,4.89,6.09,9.22,4.81,5.32,4.18,5.43,4.29,5.48,4.12,4.99,4.21,4.19,3.68]
  │   rollout 4 | reward=1.00 | ✓succ noise‖·‖seq=[4.56,4.86,4.51,8.56,5.19,10.19,3.83,4.71,3.95,4.90,5.45,6.63,5.13,4.73,4.86,7.68,9.61,4.42,5.09,4.96,5.20,9.41,10.72,5.14,9.32,4.60,4.43,7.26,5.06,9.32,6.48,4.14,3.80,10.68,5.69,4.76,9.63,4.53,5.07,6.47,8.43,5.08,5.60,4.16,5.73,4.85,5.02,4.33,5.19,3.80,4.22,4.07]
  │   rollout 5 | reward=1.00 | ✓succ noise‖·‖seq=[4.64,5.27,4.42,9.02,5.13,10.53,4.09,4.92,4.24,4.38,5.77,7.56,5.77,4.28,5.49,7.17,9.83,4.86,5.32,5.11,4.61,9.75,9.35,5.22,10.93,4.59,4.46,6.44,4.76,9.48,7.11,3.72,3.66,9.99,5.51,5.06,10.66,4.25,4.92,6.17,9.13,5.14,5.78,3.85,5.79,4.50,6.02,3.89,5.02,3.94,3.82,3.81]
  │   rollout 6 | reward=1.00 | ✓succ noise‖·‖seq=[4.89,4.98,5.13,8.69,5.76,9.56,4.04,5.25,4.03,4.90,5.50,7.25,5.61,4.45,4.92,7.10,10.02,4.56,4.81,5.21,5.05,9.57,10.10,4.76,10.18,4.13,4.37,7.00,4.80,9.85,7.40,4.19,4.22,10.60,5.05,4.64,10.11,4.28,5.07,5.73,9.43,5.19,5.85,3.94,5.32,4.77,5.39,4.53,4.57,3.76,3.78,4.09]
  │   rollout 7 | reward=1.00 | ✓succ noise‖·‖seq=[5.16,4.76,5.32,9.33,5.51,9.73,4.11,4.75,3.89,4.56,5.61,7.89,5.38,3.97,5.12,6.81,9.92,4.74,5.07,5.17,4.89,9.29,9.89,4.71,10.05,4.79,4.57,7.32,5.43,9.12,6.63,3.65,3.68,9.74,5.11,4.88,10.09,4.61,4.88,5.89,9.32,4.71,5.45,4.08,5.07,4.62,5.38,4.27,5.47,4.30,4.03,3.59]
  └────────────────────────────────────────
  ┌─ Group 5 | task~group5 | SR=8/8=1.00  inject-steps=[6,5,7,0,5,3,2,7,6,3,4,7,3,2,7,5,5,8,7,2,1,6,8,1,8,0,6,1,1,5,4,0,1,0,8,4,7,7,8,4,0,2,0,8,3,2,2,1,0,6,8,1]
  │   rollout 0 | reward=0.00 | ✓succ noise‖·‖seq=[4.90,5.27,4.45,9.72,5.48,5.79,7.50,4.63,4.85,6.45,5.48,4.70,6.11,6.97,4.76,5.39,5.00,4.37,4.72,7.31,9.40,4.86,4.33,10.54,4.15,8.96,4.76,10.57,9.51,4.85,5.73,8.96,9.73,9.57,4.59,5.18,4.66,4.87,4.34,5.49,9.43,6.89,9.73,4.66,5.70,7.43,6.98,10.04,9.58,4.80,4.75,10.24]
  │   rollout 1 | reward=0.00 | ✓succ noise‖·‖seq=[4.56,4.93,4.54,9.23,4.76,6.17,7.06,4.94,4.99,6.61,5.31,4.72,5.64,7.30,4.63,4.93,5.01,4.31,4.42,6.82,9.61,4.63,4.40,9.75,4.30,9.15,4.98,10.11,9.94,5.25,5.62,9.46,9.38,9.32,4.33,5.41,4.76,4.59,4.19,5.92,9.06,7.11,9.15,4.62,6.30,6.53,7.41,10.25,8.51,4.76,4.55,9.40]
  │   rollout 2 | reward=1.00 | ✓succ noise‖·‖seq=[4.65,5.16,4.56,8.71,5.15,6.30,6.99,4.86,5.19,6.11,5.52,4.96,6.20,7.48,4.81,4.69,5.12,4.30,4.54,6.58,9.90,4.97,4.84,9.48,4.58,9.83,4.90,10.89,11.08,4.92,5.36,9.81,9.57,9.31,4.70,5.23,4.85,4.35,4.20,6.06,8.17,6.92,8.44,4.39,6.32,7.13,7.56,10.62,8.85,4.39,4.60,9.63]
  │   rollout 3 | reward=0.00 | ✓succ noise‖·‖seq=[5.11,5.08,4.62,8.90,4.77,5.83,7.63,4.33,4.53,5.44,5.28,4.33,6.09,7.46,4.71,5.36,5.18,4.27,4.34,7.19,10.51,4.37,4.47,10.03,4.63,8.78,4.58,10.38,9.68,5.05,5.64,8.78,9.86,8.90,4.76,5.38,4.88,4.47,4.81,5.62,9.44,6.59,9.15,4.70,5.92,7.01,6.84,10.32,9.07,4.89,4.41,9.49]
  │   rollout 4 | reward=0.00 | ✓succ noise‖·‖seq=[5.02,4.86,5.30,8.57,5.17,6.38,7.28,3.88,4.98,6.56,4.89,5.13,5.95,6.90,4.75,4.93,5.26,4.59,5.11,7.16,10.74,4.62,4.37,9.28,4.49,9.66,4.66,10.45,9.99,5.20,5.47,9.03,9.96,9.71,4.31,4.87,4.52,4.39,4.67,5.56,8.82,7.37,9.41,4.62,5.73,6.74,7.01,10.50,8.72,4.85,4.33,9.24]
  │   rollout 5 | reward=0.00 | ✓succ noise‖·‖seq=[4.76,5.11,4.76,9.19,5.19,6.08,7.12,4.60,4.92,5.92,5.52,4.95,5.72,7.13,4.71,5.05,5.20,4.12,4.40,6.85,10.18,4.97,4.63,11.24,4.33,8.86,4.78,9.96,10.83,5.13,5.30,9.25,9.30,8.91,4.49,5.25,4.68,4.59,4.18,5.31,9.38,7.27,9.03,3.91,6.26,6.87,6.90,10.48,9.56,4.80,4.67,10.31]
  │   rollout 6 | reward=1.00 | ✓succ noise‖·‖seq=[5.01,4.74,4.26,9.24,4.64,6.11,7.32,4.47,4.59,6.52,5.58,4.60,5.93,6.62,4.63,5.38,5.47,4.31,5.10,7.18,9.75,5.15,4.43,9.95,4.62,9.55,4.80,10.37,9.66,5.03,5.17,9.33,10.05,9.08,4.70,5.02,4.26,4.29,4.42,5.00,8.73,6.60,9.10,4.42,5.39,6.89,6.96,10.59,8.62,4.99,4.35,10.42]
  │   rollout 7 | reward=0.00 | ✓succ noise‖·‖seq=[4.60,4.98,4.54,9.20,4.89,5.85,7.22,4.61,4.47,5.77,5.69,4.96,5.84,6.65,4.63,5.05,4.84,4.26,4.60,8.06,9.76,4.76,4.47,10.21,4.30,9.78,4.95,10.67,9.21,5.18,5.53,9.12,9.63,8.84,4.68,5.11,4.58,4.50,4.48,5.78,9.06,6.47,8.61,4.40,6.26,6.61,7.31,10.81,8.94,4.88,4.50,9.71]
  └────────────────────────────────────────
  ┌─ Group 6 | task~group6 | SR=6/8=0.75  inject-steps=[6,8,1,1,5,0,1,9,0,2,3,8,4,7,1,9,6,2,4,5,3,6,0,2,3,6,8,6,3,4,1,8,8,7,7,9,6,5,9,8,4,8,5,3,4,7,7,4,9,0,6,0]
  │   rollout 0 | reward=1.00 | ✓succ noise‖·‖seq=[4.77,4.41,10.36,10.01,4.57,9.53,11.18,4.23,9.08,6.93,6.24,4.54,5.14,4.53,10.34,4.05,4.74,7.15,5.26,5.03,6.60,4.85,9.05,6.69,6.06,4.71,4.36,4.72,6.14,5.86,11.00,4.60,4.62,4.57,4.62,4.00,4.72,5.40,4.09,4.91,5.66,4.48,5.32,6.02,5.49,4.96,5.01,5.07,4.01,9.36,4.87,9.67]
  │   rollout 1 | reward=1.00 | ✓succ noise‖·‖seq=[4.51,4.72,10.27,10.64,4.93,9.06,9.71,3.98,9.51,7.26,6.10,4.11,4.95,4.61,10.53,3.51,4.65,7.55,5.00,5.14,5.96,4.85,9.01,6.69,6.22,4.80,4.65,4.63,6.77,5.35,10.66,4.44,4.53,4.82,4.87,3.80,4.59,5.20,3.79,4.68,5.60,4.06,4.69,6.09,5.30,4.31,4.77,5.90,4.12,9.82,4.72,8.51]
  │   rollout 2 | reward=1.00 | ✓succ noise‖·‖seq=[5.04,4.69,8.93,9.56,5.20,9.30,11.19,3.97,8.55,7.38,6.29,4.33,5.52,4.79,8.65,4.02,4.80,7.67,5.06,5.10,6.23,4.96,8.87,7.23,6.08,4.98,4.38,4.84,5.68,5.44,8.96,4.21,4.31,4.44,4.55,3.84,4.59,4.75,3.95,4.29,5.35,4.71,5.06,6.05,5.28,4.48,4.52,6.04,3.88,9.43,4.78,8.73]
  │   rollout 3 | reward=1.00 | ✓succ noise‖·‖seq=[4.38,4.38,10.48,10.26,5.11,8.36,9.91,3.81,9.64,7.23,5.84,4.30,5.13,4.14,9.92,4.21,5.39,6.92,5.56,4.84,5.74,4.96,9.31,7.66,5.19,4.82,4.84,5.06,5.41,5.09,9.53,4.74,4.41,4.44,4.53,3.77,4.61,5.36,4.13,4.44,5.41,4.21,4.91,5.72,5.60,4.87,4.35,5.27,3.73,8.70,4.94,9.15]
  │   rollout 4 | reward=0.00 | ✗fail noise‖·‖seq=[4.77,4.65,10.11,10.08,5.05,9.78,10.31,3.85,9.18,6.99,6.32,4.67,5.48,4.70,9.74,3.73,4.57,7.30,5.47,5.05,5.85,5.08,9.73,7.24,6.03,5.04,4.46,4.70,6.35,5.71,9.71,4.35,4.00,4.73,4.87,3.87,4.75,4.93,3.81,4.21,5.04,4.46,4.89,5.82,4.90,4.31,4.68,5.32,3.93,9.24,4.71,9.66]
  │   rollout 5 | reward=1.00 | ✓succ noise‖·‖seq=[4.70,4.18,11.18,10.24,4.98,8.75,10.16,3.94,10.08,7.31,5.88,4.65,5.64,5.11,9.62,4.00,5.02,7.02,5.47,5.30,6.59,5.04,8.63,7.17,5.64,5.01,4.14,4.70,5.79,5.52,10.67,4.55,4.41,4.87,4.68,4.02,4.72,5.54,4.14,4.74,5.41,4.49,4.92,5.71,5.34,4.41,4.75,5.45,3.81,9.29,4.56,9.42]
  │   rollout 6 | reward=1.00 | ✓succ noise‖·‖seq=[5.08,4.62,10.33,10.29,5.05,9.44,10.12,4.46,9.72,7.15,6.47,5.03,5.60,4.78,11.03,3.86,4.74,6.99,5.81,5.15,5.68,4.70,9.10,6.74,5.92,4.50,4.82,4.79,5.65,5.34,9.61,4.58,4.40,4.62,4.97,3.80,4.82,5.10,4.07,4.49,5.25,4.82,5.13,5.83,5.86,4.66,4.69,5.49,3.78,9.27,4.69,8.80]
  │   rollout 7 | reward=0.00 | ✗fail noise‖·‖seq=[4.54,4.42,10.41,9.89,4.71,9.06,9.69,3.81,8.47,7.36,6.01,4.43,5.21,4.60,9.01,4.05,4.73,7.94,5.06,5.20,6.35,4.84,8.93,7.39,6.23,4.58,4.48,4.43,6.19,5.57,10.40,4.52,4.29,4.52,5.20,3.85,4.60,5.15,4.05,4.57,5.64,4.66,5.33,6.17,5.56,4.92,4.41,5.32,3.96,9.00,4.97,9.12]
  └────────────────────────────────────────
  ┌─ Group 7 | task~group7 | SR=8/8=1.00  inject-steps=[8,1,5,4,5,8,8,2,4,4,7,0,6,5,1,9,4,8,8,7,4,2,1,2,5,7,4,6,6,7,4,3,9,7,3,7,2,3,3,9,2,2,5,3,3,4,8,2,2,2,8,4]
  │   rollout 0 | reward=0.00 | ✓succ noise‖·‖seq=[4.79,11.06,4.94,5.60,5.17,4.57,4.27,7.20,5.08,5.44,4.56,8.49,4.76,5.37,10.76,3.89,5.61,4.45,4.20,4.76,5.19,6.94,9.86,7.17,5.06,5.10,5.61,4.91,4.79,4.50,5.35,6.21,4.21,4.30,6.62,4.71,7.46,6.06,6.53,4.34,7.28,6.85,5.17,6.54,5.89,5.76,4.56,7.24,6.78,7.60,4.48,5.17]
  │   rollout 1 | reward=1.00 | ✓succ noise‖·‖seq=[4.94,10.42,5.06,5.27,5.04,4.26,4.67,7.10,5.77,5.61,4.87,9.72,5.27,5.58,10.10,3.84,5.60,4.51,4.52,4.53,5.86,7.74,11.03,7.03,5.33,5.24,5.81,4.37,4.86,4.83,5.03,6.71,4.25,4.16,5.24,4.74,6.99,5.92,6.17,4.10,6.74,7.21,4.76,6.04,5.69,5.51,4.33,7.10,6.71,6.88,4.87,5.52]
  │   rollout 2 | reward=1.00 | ✓succ noise‖·‖seq=[4.52,10.44,5.13,5.39,5.12,4.32,4.20,8.07,5.06,5.24,4.74,9.68,4.93,5.61,9.89,4.18,5.06,4.25,4.34,4.69,5.02,6.91,9.68,7.12,5.11,4.55,5.24,5.03,4.52,4.36,5.49,5.44,4.27,4.85,6.10,4.81,7.54,6.24,5.93,3.94,7.27,7.23,4.85,6.71,5.86,5.53,4.63,7.35,6.65,7.04,4.60,5.84]
  │   rollout 3 | reward=1.00 | ✓succ noise‖·‖seq=[4.63,9.82,5.15,5.53,4.79,4.26,4.65,6.99,5.61,5.47,4.74,10.38,4.95,5.07,9.83,3.77,5.84,4.60,4.12,4.92,5.39,6.99,9.83,7.36,5.01,4.82,5.74,4.67,4.66,4.79,5.76,6.77,4.23,4.26,5.96,4.72,7.20,6.29,6.17,3.79,6.29,7.16,5.42,5.87,5.91,5.46,4.41,6.59,7.68,6.94,4.45,5.91]
  │   rollout 4 | reward=1.00 | ✓succ noise‖·‖seq=[4.64,9.82,4.89,5.17,5.13,4.64,4.34,6.96,5.44,5.53,4.61,8.85,5.02,5.50,10.14,3.95,5.60,4.58,3.97,4.94,5.65,7.10,9.53,7.02,4.95,4.43,5.34,4.90,4.86,4.80,4.92,5.75,3.89,4.66,5.98,4.73,7.17,6.53,5.88,3.99,7.72,7.37,5.36,6.26,6.07,5.63,4.57,7.11,6.71,7.25,4.47,4.89]
  │   rollout 5 | reward=1.00 | ✓succ noise‖·‖seq=[4.95,10.35,5.46,5.35,5.09,4.09,4.33,7.39,5.20,5.44,4.57,9.58,4.83,4.68,9.20,3.96,5.39,4.54,4.57,4.55,5.61,7.61,10.32,7.40,4.87,4.84,5.34,4.66,4.56,4.52,5.04,5.96,4.25,4.85,6.02,4.54,6.89,6.32,6.01,3.89,6.51,6.85,5.09,5.91,6.26,5.11,4.28,6.81,7.43,7.44,4.66,5.45]
  │   rollout 6 | reward=0.00 | ✓succ noise‖·‖seq=[4.24,10.18,5.32,4.91,5.10,4.57,4.26,6.21,5.03,5.59,4.24,9.59,4.73,4.76,10.02,4.54,5.10,4.65,4.09,5.12,5.06,7.21,9.81,7.24,5.08,4.59,5.29,4.73,4.77,4.51,5.83,5.84,3.91,4.58,6.41,4.16,7.16,5.89,5.68,3.84,7.17,7.53,4.81,6.15,5.97,5.63,4.37,7.45,7.44,7.18,4.58,5.38]
  │   rollout 7 | reward=1.00 | ✓succ noise‖·‖seq=[4.55,10.41,5.13,5.12,4.98,4.64,4.51,7.36,5.56,5.40,4.84,10.06,5.01,5.25,9.04,3.85,5.42,4.45,4.14,4.51,5.20,7.41,10.23,7.70,5.29,4.77,5.55,4.69,4.99,4.69,5.91,5.76,4.26,4.57,6.27,4.61,7.08,6.11,6.46,4.02,7.37,7.13,5.03,5.79,6.40,5.06,4.81,7.22,7.14,6.67,4.49,5.23]
  └────────────────────────────────────────

==============================================================================
GLOBAL STEP 9  |  rank/shard 0  |  8 group(s) x 8 rollouts  (B=64)
  ┌─ Group 0 | task~group0 | SR=8/8=1.00  inject-steps=[9,3,2,7,8,5,6,1,4,2,6,0,0,0,7,2,3,6,8,3,7,4,3,9,7,1,2,0,3,8,6,0,5,5,3,9,8,0,6,8,5,4,9,3,7,2,5,3,0,1,5,3]
  │   rollout 0 | reward=0.00 | ✓succ noise‖·‖seq=[3.71,6.32,6.76,4.94,4.19,5.06,4.90,9.41,5.12,7.50,5.01,9.82,8.58,9.03,4.43,7.07,6.13,4.80,4.49,5.88,4.73,5.84,6.51,3.84,4.60,11.04,6.86,9.22,6.07,4.52,4.51,9.72,5.07,4.75,6.62,3.95,4.55,9.00,4.33,4.80,4.81,5.60,4.09,6.03,4.48,6.77,4.74,5.81,9.95,9.66,5.12,6.05]
  │   rollout 1 | reward=0.00 | ✓succ noise‖·‖seq=[4.02,5.88,6.90,4.55,4.56,4.77,4.81,10.01,5.61,7.08,4.60,9.63,8.87,9.68,4.50,7.48,6.13,4.62,4.37,6.49,4.55,5.60,6.07,3.99,4.68,9.65,6.86,8.33,6.14,4.24,4.86,9.62,4.84,4.69,6.09,3.98,4.07,8.36,4.73,4.75,5.24,5.19,3.93,5.63,4.70,7.23,5.18,6.23,9.53,10.58,5.21,6.49]
  │   rollout 2 | reward=0.00 | ✓succ noise‖·‖seq=[3.71,6.35,7.57,4.79,4.67,4.92,4.72,9.91,5.55,7.12,4.65,9.51,8.66,9.52,4.49,7.40,5.96,4.69,4.41,5.92,4.56,5.30,6.44,3.92,5.00,9.76,7.41,9.15,5.94,4.36,5.04,9.25,4.89,5.49,5.82,3.98,4.52,9.72,4.79,4.41,5.40,5.21,3.67,6.01,4.77,7.53,4.85,5.87,9.29,10.27,4.86,5.87]
  │   rollout 3 | reward=0.00 | ✓succ noise‖·‖seq=[3.95,6.25,7.31,4.43,4.42,5.31,4.70,10.20,5.28,7.30,4.66,8.39,10.09,9.83,4.50,7.49,6.01,5.11,4.36,6.30,4.79,5.54,5.71,3.76,4.70,10.90,7.01,9.77,6.04,4.65,4.60,9.66,5.07,5.06,6.39,3.82,4.40,8.78,5.17,4.60,4.92,5.64,3.74,6.36,4.54,6.89,5.54,6.01,9.26,10.35,4.97,6.43]
  │   rollout 4 | reward=1.00 | ✓succ noise‖·‖seq=[4.22,5.83,6.79,4.21,4.20,5.03,4.65,10.20,5.49,7.28,4.95,9.50,9.40,9.35,4.84,6.81,6.13,5.00,4.81,6.15,4.70,5.69,5.73,3.90,4.74,10.80,7.23,8.79,5.94,4.57,4.99,9.30,4.83,4.90,5.74,3.52,4.38,9.10,5.16,4.50,5.09,5.59,3.78,6.00,4.55,7.51,5.05,6.11,8.90,10.54,4.56,5.92]
  │   rollout 5 | reward=1.00 | ✓succ noise‖·‖seq=[4.09,5.71,6.87,4.13,4.42,5.03,4.76,11.16,5.30,7.20,4.93,9.15,9.17,8.47,4.60,6.83,6.03,5.06,4.77,5.69,4.58,5.45,6.26,3.89,4.70,9.61,7.32,9.58,6.02,4.53,5.19,9.24,4.77,5.03,6.28,4.14,4.66,9.11,4.91,4.64,5.36,5.81,3.95,5.71,4.34,7.13,5.17,6.11,10.18,10.06,5.21,5.81]
  │   rollout 6 | reward=1.00 | ✓succ noise‖·‖seq=[4.19,5.43,7.25,4.91,4.74,4.74,4.94,9.54,5.69,6.60,4.45,9.39,9.51,9.47,4.83,7.61,6.27,5.00,4.95,6.55,4.79,5.30,5.96,3.99,4.63,9.68,7.51,9.75,6.21,4.24,5.24,8.77,4.62,5.24,6.29,4.27,4.00,8.86,4.89,4.41,5.18,5.66,4.05,6.25,4.65,7.77,5.11,5.96,9.22,9.76,5.00,6.04]
  │   rollout 7 | reward=1.00 | ✓succ noise‖·‖seq=[4.21,5.79,7.41,4.64,4.85,4.96,4.93,10.40,5.77,7.13,5.09,8.39,8.67,9.05,4.65,7.02,5.86,4.64,4.36,5.99,4.56,5.99,5.97,4.12,4.52,10.64,7.74,9.42,6.15,4.42,5.19,9.97,5.14,4.95,5.80,3.72,4.63,9.66,4.83,4.70,4.98,5.37,4.09,6.12,4.79,7.18,5.26,6.12,9.40,10.78,5.52,6.42]
  └────────────────────────────────────────
  ┌─ Group 1 | task~group1 | SR=8/8=1.00  inject-steps=[5,7,8,6,6,9,6,0,5,8,1,3,9,1,8,2,6,4,9,7,0,5,7,7,7,7,4,1,1,3,1,5,8,0,4,9,8,1,7,0,2,5,8,8,0,2,0,3,3,3,3,4]
  │   rollout 0 | reward=1.00 | ✓succ noise‖·‖seq=[4.69,4.62,4.59,5.00,5.04,4.04,4.83,8.82,5.43,4.82,10.75,6.71,3.83,10.15,4.76,7.45,4.93,5.78,3.92,4.21,9.23,4.89,4.37,4.36,4.59,4.78,5.36,10.75,10.44,6.33,10.19,5.09,4.51,8.93,4.97,4.01,4.60,9.87,4.51,8.72,7.49,5.42,4.55,4.32,8.43,7.27,9.56,6.60,6.02,6.01,5.75,5.46]
  │   rollout 1 | reward=1.00 | ✓succ noise‖·‖seq=[4.77,4.43,4.14,4.67,5.08,4.08,5.09,9.48,5.36,4.54,11.05,5.76,3.96,9.89,4.40,7.16,4.76,5.49,4.26,4.28,9.71,5.41,4.27,4.49,4.60,4.59,5.68,9.85,10.45,6.01,10.41,5.14,4.49,9.38,5.55,4.09,4.97,10.79,4.58,9.30,7.53,5.01,4.42,4.55,9.16,6.93,9.86,5.90,5.94,6.30,6.29,5.26]
  │   rollout 2 | reward=0.00 | ✓succ noise‖·‖seq=[5.27,4.32,4.18,4.92,5.02,4.14,4.82,8.99,5.24,4.49,10.41,6.10,3.65,10.03,4.51,6.67,5.01,5.50,3.85,4.69,8.38,4.64,4.85,4.71,4.92,4.54,5.56,10.81,9.99,5.79,9.84,4.88,4.54,9.77,5.38,3.79,4.43,9.55,4.75,9.43,6.48,4.92,4.81,4.19,8.91,6.85,9.22,5.71,5.46,6.13,6.28,5.70]
  │   rollout 3 | reward=1.00 | ✓succ noise‖·‖seq=[4.87,4.20,4.49,5.03,5.06,4.19,5.16,8.71,5.11,4.48,9.86,6.30,4.05,9.89,4.61,7.18,5.16,5.47,4.07,4.34,9.20,4.81,4.92,4.58,3.99,4.58,5.46,10.51,10.21,6.08,10.25,5.07,4.54,9.23,5.48,4.00,4.77,10.11,4.46,9.50,7.07,5.17,4.51,4.44,9.12,7.63,9.58,6.12,5.98,6.32,5.66,5.24]
  │   rollout 4 | reward=1.00 | ✓succ noise‖·‖seq=[5.30,4.61,4.56,4.93,4.74,3.99,4.67,9.14,4.98,4.44,10.21,6.67,3.92,10.30,4.50,7.31,4.85,5.04,4.35,4.83,8.80,5.37,4.69,4.96,4.77,4.61,5.01,11.03,10.03,6.52,10.81,4.83,4.78,8.86,5.46,3.84,4.75,9.92,4.55,9.67,7.08,5.40,4.48,4.65,9.39,7.41,9.56,5.99,6.00,5.57,6.52,5.36]
  │   rollout 5 | reward=1.00 | ✓succ noise‖·‖seq=[5.14,4.62,4.21,4.55,4.92,3.90,4.97,8.66,4.90,4.38,10.06,5.61,4.20,10.47,4.52,7.02,4.89,5.55,4.03,4.57,9.25,4.52,4.67,4.36,4.64,4.13,5.66,10.77,9.98,6.17,10.40,5.02,4.75,9.79,5.27,4.09,4.61,10.01,4.53,9.04,6.45,4.88,4.47,4.37,8.88,7.38,9.39,6.29,6.22,6.43,5.97,5.28]
  │   rollout 6 | reward=0.00 | ✓succ noise‖·‖seq=[5.06,4.82,4.21,5.18,5.01,3.93,4.94,9.00,4.75,4.68,10.87,5.97,4.05,10.40,4.50,7.87,4.87,5.41,4.29,4.42,9.18,5.18,4.69,4.48,5.05,4.55,5.46,10.10,9.48,6.65,9.74,4.84,4.25,9.20,5.56,3.94,4.16,10.28,4.67,9.46,6.92,5.05,4.42,4.60,9.00,6.85,8.77,6.67,6.72,5.93,6.13,5.55]
  │   rollout 7 | reward=0.00 | ✓succ noise‖·‖seq=[5.12,4.33,4.33,4.71,4.82,4.20,4.99,9.61,5.00,4.25,10.77,5.88,3.83,10.27,4.75,7.14,4.49,5.51,3.97,4.78,9.98,5.01,4.57,4.67,4.95,4.61,5.39,10.15,9.34,6.05,9.96,4.66,4.33,8.50,5.05,4.15,4.39,10.87,4.70,9.46,7.34,4.99,4.57,4.45,9.73,7.47,9.09,6.19,5.87,6.33,6.28,5.07]
  └────────────────────────────────────────
  ┌─ Group 2 | task~group2 | SR=8/8=1.00  inject-steps=[7,6,6,0,1,3,0,0,0,7,2,5,5,6,8,6,0,1,2,3,4,8,2,0,0,0,1,0,4,4,4,1,3,3,8,5,2,2,0,0,9,2,7,4,2,6,3,8,1,6,6,5]
  │   rollout 0 | reward=1.00 | ✓succ noise‖·‖seq=[4.72,5.05,4.55,9.34,10.89,6.11,9.34,8.88,8.57,4.53,7.03,5.39,4.98,5.01,4.29,4.50,9.22,9.67,7.82,6.37,5.54,4.05,6.43,9.13,9.27,8.89,9.77,10.20,5.33,4.99,5.09,10.62,5.88,6.41,4.63,4.84,6.51,7.07,8.91,8.94,4.12,6.93,4.97,5.85,7.30,4.64,6.50,4.44,11.04,4.54,4.81,4.93]
  │   rollout 1 | reward=1.00 | ✓succ noise‖·‖seq=[4.41,4.77,5.05,8.88,10.78,6.09,9.97,8.99,9.25,4.72,7.75,4.90,5.16,4.84,4.49,4.73,9.71,10.28,7.24,6.49,5.86,3.95,7.38,9.00,9.11,9.53,10.57,9.64,5.25,5.28,5.43,9.28,6.21,5.85,4.58,5.09,7.25,7.41,9.41,9.48,4.09,7.39,4.46,5.00,6.93,5.16,6.17,4.27,10.90,4.71,4.47,5.12]
  │   rollout 2 | reward=1.00 | ✓succ noise‖·‖seq=[4.60,4.74,4.47,10.44,11.00,6.37,9.42,9.43,8.77,4.46,6.50,5.30,4.84,4.77,4.16,4.50,9.45,10.17,7.00,5.90,5.37,4.69,6.81,9.55,9.67,9.34,9.97,9.51,5.76,5.05,5.37,9.81,6.14,6.49,4.31,4.89,7.03,6.85,9.44,10.02,3.92,7.45,4.75,5.44,6.88,4.52,5.99,4.52,10.23,4.81,4.76,4.79]
  │   rollout 3 | reward=1.00 | ✓succ noise‖·‖seq=[4.89,5.08,4.94,8.92,9.58,5.95,9.79,9.06,9.42,4.63,7.16,4.75,5.19,5.05,4.31,4.90,8.47,9.58,6.84,6.46,5.56,4.06,7.53,9.78,9.55,9.66,9.48,9.26,5.63,5.46,5.58,9.92,5.87,6.08,4.61,5.46,7.64,6.48,9.37,9.01,4.07,7.51,4.72,5.26,6.85,4.60,6.12,4.02,10.12,4.68,4.90,4.83]
  │   rollout 4 | reward=1.00 | ✓succ noise‖·‖seq=[4.61,4.78,4.74,8.88,9.53,5.44,9.19,9.23,9.12,5.17,7.74,4.89,5.28,4.48,4.54,4.47,9.24,9.84,6.96,6.32,5.41,4.16,7.64,9.37,9.74,9.51,9.81,10.33,5.17,5.50,5.41,10.90,6.20,5.91,4.39,5.13,7.33,7.60,9.49,9.27,4.13,6.94,4.81,5.32,7.60,4.48,6.14,4.81,9.62,4.91,4.82,4.99]
  │   rollout 5 | reward=1.00 | ✓succ noise‖·‖seq=[4.92,4.59,5.27,8.76,10.33,6.56,9.90,9.62,9.49,4.61,6.60,5.50,4.95,5.54,4.70,4.81,9.30,10.59,7.28,6.03,5.20,4.25,7.27,8.93,9.01,8.69,9.22,9.54,5.63,5.27,5.18,9.77,6.23,6.62,4.64,4.69,6.76,6.80,8.83,8.85,3.96,7.39,4.64,5.20,7.18,4.80,5.94,4.91,10.34,4.80,4.84,4.68]
  │   rollout 6 | reward=1.00 | ✓succ noise‖·‖seq=[4.27,4.99,4.66,9.01,10.71,5.91,9.48,9.62,9.22,4.64,7.23,5.14,5.35,4.95,4.32,4.74,9.59,10.04,7.03,6.03,5.84,4.27,6.64,9.61,8.62,9.85,9.87,8.79,5.02,5.55,5.26,9.68,6.43,5.56,4.14,4.96,7.47,7.69,9.62,8.23,3.50,6.81,4.51,5.74,6.86,4.69,5.82,4.36,10.05,4.51,4.71,5.36]
  │   rollout 7 | reward=1.00 | ✓succ noise‖·‖seq=[4.68,4.75,4.55,8.66,10.48,6.38,9.35,9.12,8.77,4.47,7.51,4.83,5.23,5.18,4.78,4.66,10.55,10.02,7.33,6.18,5.27,4.55,7.09,9.16,8.97,8.05,10.70,8.92,5.09,5.42,5.33,10.61,6.18,5.99,4.48,4.91,7.00,7.00,9.54,9.26,3.79,6.96,4.60,5.03,6.83,4.71,5.81,4.50,10.63,5.12,4.66,5.38]
  └────────────────────────────────────────
  ┌─ Group 3 | task~group3 | SR=8/8=1.00  inject-steps=[0,3,7,5,5,7,4,8,3,1,6,9,1,8,5,7,0,2,6,6,6,7,1,9,8,2,8,2,8,4,6,0,6,4,5,0,7,1,6,7,0,8,5,7,3,4,1,7,7,0,2,8]
  │   rollout 0 | reward=1.00 | ✓succ noise‖·‖seq=[9.47,6.27,4.64,5.14,5.07,4.81,5.14,4.41,5.89,10.61,5.09,4.23,9.63,4.17,4.95,5.13,9.02,7.32,4.51,4.75,4.68,4.79,10.38,4.11,4.28,7.43,4.32,6.92,3.99,5.65,4.77,9.14,5.24,5.32,4.77,9.65,4.80,9.91,4.69,4.47,8.82,4.33,4.99,4.75,6.45,5.86,11.03,4.51,4.87,8.52,6.89,4.37]
  │   rollout 1 | reward=0.00 | ✓succ noise‖·‖seq=[8.84,6.32,4.81,5.05,4.56,4.54,5.63,4.55,6.27,9.71,5.19,4.21,9.90,4.59,5.22,4.37,10.08,7.13,4.71,5.07,4.91,4.59,10.23,3.97,4.24,6.70,4.45,6.86,4.47,5.37,4.91,8.71,4.44,5.70,5.26,8.49,4.67,10.68,4.63,4.93,8.99,4.91,4.99,4.79,6.07,5.66,10.74,4.72,4.55,9.20,7.29,4.20]
  │   rollout 2 | reward=0.00 | ✓succ noise‖·‖seq=[9.23,5.39,4.45,5.15,5.16,4.76,5.61,4.30,5.54,9.97,4.68,4.39,9.89,4.41,4.90,4.89,9.22,7.66,4.85,4.87,4.71,4.73,10.05,3.72,4.65,7.34,4.77,6.99,4.48,5.52,4.85,9.51,4.86,5.36,5.13,8.69,4.52,9.70,4.78,4.77,9.78,4.43,5.12,4.19,5.85,5.39,9.89,4.49,4.69,8.93,7.17,4.31]
  │   rollout 3 | reward=1.00 | ✓succ noise‖·‖seq=[9.36,6.40,4.84,4.82,5.22,4.60,5.71,4.97,5.58,10.16,4.84,3.95,10.07,4.25,5.01,4.53,9.47,7.33,4.62,4.68,4.77,4.47,9.89,4.39,4.31,6.74,4.75,7.59,4.22,5.33,4.96,10.32,4.90,5.06,5.02,9.05,4.45,10.13,5.05,4.58,9.24,4.70,5.15,4.63,6.01,5.47,10.32,4.37,4.75,9.40,7.16,4.21]
  │   rollout 4 | reward=0.00 | ✓succ noise‖·‖seq=[9.79,5.43,4.23,4.99,5.14,5.08,5.43,4.22,5.50,9.89,4.80,3.85,9.61,4.83,4.91,4.82,9.01,6.59,4.67,4.59,4.36,4.42,10.19,3.68,4.48,7.16,4.73,6.49,4.20,5.47,4.55,9.22,5.58,5.16,4.99,9.80,4.55,10.66,4.65,4.27,9.30,4.43,4.52,4.83,6.23,5.07,10.53,5.05,4.51,8.83,6.64,4.69]
  │   rollout 5 | reward=0.00 | ✓succ noise‖·‖seq=[8.94,5.97,4.38,5.35,4.82,4.35,5.58,4.61,6.57,10.25,4.84,4.19,9.43,4.49,5.17,4.37,8.98,7.13,4.91,5.13,4.97,4.63,10.06,4.06,4.24,7.04,4.44,7.40,4.44,5.20,5.06,9.62,4.81,5.05,4.93,8.90,4.95,9.56,5.06,4.91,8.64,4.36,5.05,4.42,5.68,5.29,9.85,4.57,4.97,9.52,7.07,4.30]
  │   rollout 6 | reward=1.00 | ✓succ noise‖·‖seq=[9.55,6.06,4.45,4.90,5.24,4.89,5.11,4.71,5.90,10.34,4.49,4.13,10.59,4.37,4.99,4.75,9.28,7.62,4.86,5.39,5.07,4.69,10.32,3.80,4.41,7.17,4.46,7.21,4.34,5.57,5.04,9.82,4.34,5.04,4.75,9.35,4.65,9.89,4.82,4.24,9.02,4.68,5.16,4.55,5.87,5.39,10.21,4.67,4.42,9.23,7.09,4.25]
  │   rollout 7 | reward=0.00 | ✓succ noise‖·‖seq=[8.68,6.16,4.38,5.15,5.06,4.83,5.87,4.74,5.65,11.04,4.80,3.83,9.87,4.30,5.00,4.59,9.89,7.05,4.52,4.96,4.60,4.36,10.43,3.92,4.48,7.02,5.05,7.45,4.55,5.45,4.84,9.21,4.55,5.52,5.23,8.66,4.61,9.65,4.73,4.72,8.93,4.21,4.66,4.87,5.75,5.33,10.13,4.66,4.90,9.01,7.29,4.12]
  └────────────────────────────────────────
  ┌─ Group 4 | task~group4 | SR=8/8=1.00  inject-steps=[4,7,0,2,1,3,7,4,1,8,7,5,8,3,2,4,7,3,7,5,4,8,0,5,9,6,9,8,4,3,4,6,3,6,3,3,2,0,5,1,1,1,2,8,8,7,9,1,0,2,9,2]
  │   rollout 0 | reward=1.00 | ✓succ noise‖·‖seq=[5.59,4.92,9.09,7.21,9.23,5.95,4.39,5.42,10.33,4.65,4.39,5.12,4.71,5.50,7.10,6.01,4.64,6.24,4.60,5.05,5.22,4.15,9.17,4.59,4.10,5.11,3.93,4.35,6.02,5.85,5.60,5.20,6.31,4.75,6.02,5.96,7.21,9.36,5.04,10.45,10.12,9.78,7.11,4.70,4.66,4.23,3.89,10.28,8.40,7.06,4.09,6.95]
  │   rollout 1 | reward=1.00 | ✓succ noise‖·‖seq=[5.45,4.45,10.27,7.26,10.65,5.97,4.57,5.68,8.98,4.57,4.88,5.09,4.35,5.36,6.70,5.66,4.47,5.89,4.74,5.17,5.61,4.80,9.40,4.99,4.17,4.87,3.64,4.33,5.75,5.93,5.37,5.08,6.16,4.94,6.27,5.89,6.86,8.55,5.39,10.18,9.77,10.12,7.01,4.58,4.76,4.85,4.36,10.29,9.16,6.62,4.07,7.28]
  │   rollout 2 | reward=1.00 | ✓succ noise‖·‖seq=[5.28,4.73,9.57,7.07,9.45,5.83,4.85,5.08,9.86,4.47,4.54,5.36,4.31,6.76,7.00,5.39,4.60,6.35,4.86,4.99,5.60,4.47,9.07,4.90,3.84,4.76,3.91,4.48,5.51,6.00,5.43,5.10,6.15,5.02,6.14,6.25,6.85,10.15,5.30,10.30,10.22,10.80,6.50,4.55,4.88,4.87,4.54,9.57,9.07,6.47,3.79,7.19]
  │   rollout 3 | reward=1.00 | ✓succ noise‖·‖seq=[5.87,4.86,9.46,7.28,10.23,6.17,4.59,5.16,10.65,4.73,4.62,4.77,4.20,5.55,7.33,5.42,4.16,5.83,4.69,5.04,5.38,4.42,9.17,4.97,3.91,5.15,4.05,4.76,5.15,6.10,5.67,5.16,6.06,4.87,5.57,6.63,7.78,9.40,5.03,10.19,10.17,10.33,7.46,4.66,4.34,4.63,3.94,10.42,9.71,6.68,3.92,7.39]
  │   rollout 4 | reward=1.00 | ✓succ noise‖·‖seq=[5.46,4.58,8.80,6.85,10.31,6.16,4.52,5.34,9.75,4.74,4.45,5.29,4.63,5.77,7.53,5.37,4.93,6.23,4.87,5.16,5.63,4.29,9.36,4.89,3.67,4.79,3.70,4.48,5.77,6.37,5.50,5.04,5.95,4.63,6.17,6.02,7.09,9.73,5.12,9.78,10.66,10.31,7.37,4.43,4.42,4.88,4.22,10.10,9.95,7.35,4.22,7.34]
  │   rollout 5 | reward=1.00 | ✓succ noise‖·‖seq=[6.11,4.76,9.20,7.28,10.03,6.15,4.55,5.87,10.12,4.43,4.44,4.62,4.17,6.04,7.38,5.39,4.48,5.96,4.32,5.15,5.04,4.46,8.12,5.01,3.86,5.25,3.94,4.29,5.24,5.93,5.97,4.98,5.92,4.76,5.89,6.03,7.39,9.34,5.05,10.22,9.60,10.88,7.80,4.48,4.13,4.55,4.07,10.65,9.67,7.45,3.91,6.89]
  │   rollout 6 | reward=0.00 | ✓succ noise‖·‖seq=[5.40,4.55,8.81,7.90,9.50,5.96,4.67,5.39,10.00,4.21,4.46,4.98,4.51,6.03,7.34,5.57,4.43,6.58,4.78,4.99,5.51,4.52,10.25,4.76,4.29,4.62,4.19,4.32,5.69,5.44,5.33,4.74,5.71,4.91,6.08,6.69,7.38,9.25,5.06,9.69,10.09,9.88,6.84,4.85,4.50,4.73,4.15,10.21,9.01,7.40,4.06,7.03]
  │   rollout 7 | reward=1.00 | ✓succ noise‖·‖seq=[5.25,4.79,10.04,6.92,10.63,6.40,4.34,5.70,10.22,4.45,4.39,5.00,4.41,6.48,7.02,5.47,4.55,5.96,4.71,5.34,5.26,4.24,9.59,5.50,3.89,4.90,3.72,4.18,5.22,6.28,5.65,4.39,5.71,4.65,5.91,6.26,6.95,9.22,5.26,9.30,10.51,8.92,6.50,4.47,4.43,4.64,3.81,10.61,8.97,7.41,4.33,7.38]
  └────────────────────────────────────────
  ┌─ Group 5 | task~group5 | SR=7/8=0.88  inject-steps=[6,6,9,0,1,2,0,7,4,0,0,7,5,9,7,8,6,3,4,7,3,4,6,2,8,1,8,5,5,1,3,7,3,6,3,5,8,9,4,1,8,4,1,2,2,8,6,4,6,4,7,1]
  │   rollout 0 | reward=0.00 | ✗fail noise‖·‖seq=[5.12,4.68,4.03,8.83,10.15,6.55,8.91,4.41,5.67,9.66,8.89,4.37,5.11,4.00,4.88,4.65,4.95,6.05,5.23,4.78,5.64,5.22,4.59,7.50,4.77,10.07,4.52,5.24,4.64,9.14,5.99,4.75,6.08,4.83,6.15,5.04,4.63,3.78,5.34,10.63,4.33,5.46,9.35,6.96,7.42,4.17,4.61,5.46,4.89,5.58,4.77,10.58]
  │   rollout 1 | reward=1.00 | ✓succ noise‖·‖seq=[4.69,4.79,4.28,9.29,10.70,6.82,8.55,5.15,5.31,10.25,9.80,4.81,5.21,3.82,4.69,4.81,4.92,5.42,5.40,4.79,6.01,5.85,5.06,5.95,4.32,10.01,4.44,5.21,5.14,10.67,6.04,4.23,5.78,4.99,6.03,5.31,4.11,3.92,5.33,10.18,4.46,5.67,9.99,7.49,6.90,4.60,4.92,5.18,5.09,5.19,4.73,10.12]
  │   rollout 2 | reward=1.00 | ✓succ noise‖·‖seq=[5.12,4.81,4.38,9.47,10.18,7.18,9.24,4.81,5.81,8.74,9.40,4.85,4.94,4.12,4.62,4.64,4.68,5.86,5.50,4.68,6.00,5.62,4.98,7.38,4.46,9.99,4.21,4.97,4.84,10.41,5.87,4.55,5.68,4.60,6.07,4.93,4.72,3.87,5.70,10.37,4.51,5.73,10.51,6.83,7.09,4.56,4.77,5.30,4.77,5.49,4.60,9.94]
  │   rollout 3 | reward=1.00 | ✓succ noise‖·‖seq=[5.30,5.16,3.92,9.51,9.91,8.15,9.69,4.54,5.69,9.90,9.29,4.74,5.15,4.48,4.35,4.60,4.88,5.91,5.40,4.80,6.01,5.42,4.67,7.27,4.18,9.45,4.46,5.15,4.95,9.38,6.55,5.12,6.85,4.94,6.38,4.89,4.36,4.11,5.41,10.61,4.26,5.47,10.66,7.15,7.38,4.65,4.63,5.62,4.83,5.27,4.70,9.76]
  │   rollout 4 | reward=1.00 | ✓succ noise‖·‖seq=[5.03,4.63,3.96,8.81,9.29,6.94,8.73,4.66,5.65,8.67,9.61,4.49,4.99,4.25,4.33,4.23,5.08,6.15,5.12,4.33,6.54,5.88,4.90,6.42,4.40,10.44,4.07,4.67,5.29,9.91,5.83,4.34,6.26,4.50,6.01,5.18,4.40,4.01,5.28,10.54,4.49,5.71,9.90,6.75,7.24,4.00,4.84,5.09,5.09,5.07,4.83,10.17]
  │   rollout 5 | reward=1.00 | ✓succ noise‖·‖seq=[4.54,4.78,3.97,8.70,9.69,7.14,9.25,4.59,5.57,8.51,9.38,5.07,4.96,4.07,4.37,4.52,5.23,6.36,5.66,4.42,6.15,5.62,4.58,7.23,4.36,9.89,4.82,4.60,5.23,10.13,5.56,4.59,5.96,4.81,6.72,5.06,4.46,3.99,6.13,10.25,4.42,5.34,10.97,6.88,6.67,4.66,4.96,5.72,5.08,5.10,4.72,8.99]
  │   rollout 6 | reward=1.00 | ✓succ noise‖·‖seq=[5.12,4.77,4.00,8.78,9.73,7.44,8.99,4.47,5.19,10.07,9.19,4.38,4.80,3.96,4.52,4.28,5.02,5.74,5.20,4.63,6.24,5.50,4.51,7.96,4.40,9.60,4.43,5.20,5.51,10.11,6.27,5.02,6.36,4.79,5.92,4.97,4.24,4.15,5.79,10.11,4.31,5.69,9.88,7.51,6.95,4.78,5.35,5.35,4.74,5.54,4.47,10.08]
  │   rollout 7 | reward=1.00 | ✓succ noise‖·‖seq=[4.55,4.90,4.26,9.57,9.63,6.74,9.09,4.52,5.12,9.22,9.18,4.72,4.78,4.11,4.72,4.27,4.63,6.35,5.30,4.09,5.76,5.77,4.76,6.75,4.75,10.64,4.39,5.49,4.72,9.70,6.15,4.50,6.59,5.13,5.93,4.98,4.19,3.97,5.11,9.75,4.28,4.99,10.51,7.08,7.36,4.46,4.79,5.43,4.71,5.74,4.62,10.12]
  └────────────────────────────────────────
  ┌─ Group 6 | task~group6 | SR=7/8=0.88  inject-steps=[4,5,2,6,1,8,9,9,2,6,2,9,1,3,8,2,2,8,6,6,8,4,7,3,2,9,8,7,5,0,4,9,7,6,7,3,2,6,2,8,4,3,3,6,6,6,5,7,6,4,3,5]
  │   rollout 0 | reward=1.00 | ✓succ noise‖·‖seq=[5.63,4.88,6.85,5.00,9.55,4.21,3.90,4.02,7.12,4.75,7.77,3.72,9.57,5.81,4.18,6.87,7.08,4.64,4.49,4.98,4.61,5.01,4.61,5.91,6.41,4.55,4.72,4.64,5.01,9.30,5.40,3.96,4.85,4.81,4.74,5.97,6.86,4.78,7.13,4.50,5.77,5.76,5.94,4.86,4.92,4.92,4.73,4.74,4.95,6.02,6.56,4.88]
  │   rollout 1 | reward=0.00 | ✗fail noise‖·‖seq=[4.93,4.75,7.12,4.83,9.71,4.60,3.90,3.80,6.75,4.63,6.97,4.01,9.67,5.73,4.52,7.26,6.99,4.36,5.08,4.73,4.43,5.32,4.50,5.79,7.55,3.75,4.39,4.56,4.76,9.57,5.09,3.80,4.88,5.05,4.70,6.74,6.79,4.81,6.77,4.29,5.21,5.73,5.95,5.08,4.59,4.97,5.33,4.64,5.46,5.54,6.13,4.64]
  │   rollout 2 | reward=1.00 | ✓succ noise‖·‖seq=[4.98,4.69,7.77,4.71,10.43,4.52,3.90,3.74,7.54,4.83,6.82,4.15,9.85,6.12,4.59,6.92,7.09,4.50,4.65,5.26,4.66,5.53,4.63,5.96,6.63,3.98,4.10,4.57,5.10,9.18,5.27,3.56,4.57,4.56,4.84,5.92,8.13,4.58,7.78,4.44,5.24,5.73,5.95,4.88,5.11,4.97,5.31,4.29,5.01,5.54,5.85,5.26]
  │   rollout 3 | reward=0.00 | ✓succ noise‖·‖seq=[5.60,4.88,6.81,4.63,9.44,4.59,3.65,3.93,7.29,5.14,6.57,4.17,9.86,6.34,4.46,7.13,7.59,4.65,5.08,5.37,4.61,5.21,4.39,5.70,7.68,3.96,4.45,4.74,4.93,7.98,5.74,4.03,4.53,5.03,4.74,6.08,7.24,4.85,7.26,4.26,5.34,6.23,5.68,4.76,4.96,4.58,4.85,4.60,4.79,5.92,5.71,4.89]
  │   rollout 4 | reward=1.00 | ✓succ noise‖·‖seq=[5.29,4.78,7.00,4.94,9.64,4.38,4.36,3.88,7.62,5.17,6.74,3.91,10.63,5.88,4.42,7.41,7.14,4.42,4.47,4.59,4.39,5.72,4.50,6.17,6.85,4.01,4.23,4.91,5.19,9.68,5.31,4.01,4.82,4.57,4.37,6.51,6.96,4.85,7.48,4.60,5.58,5.86,5.98,5.02,5.01,4.77,5.06,4.73,4.54,5.65,5.49,5.12]
  │   rollout 5 | reward=1.00 | ✓succ noise‖·‖seq=[5.68,5.19,7.10,4.98,10.34,4.87,3.68,4.04,7.26,5.27,7.23,4.01,10.63,6.19,4.71,6.78,7.44,4.96,4.53,4.91,4.21,5.60,4.75,5.71,7.10,3.76,4.30,4.77,5.01,9.85,5.14,4.19,4.89,4.56,5.11,5.99,7.15,4.47,7.09,4.49,5.34,6.14,5.94,4.73,4.84,4.73,5.45,4.77,4.65,5.37,6.45,5.02]
  │   rollout 6 | reward=1.00 | ✓succ noise‖·‖seq=[5.60,4.82,6.82,4.86,9.88,4.36,3.94,4.10,6.98,4.95,7.43,3.92,10.36,5.68,4.41,6.97,6.99,3.92,4.76,4.69,4.47,5.67,4.65,5.90,7.07,3.89,4.82,4.68,4.71,9.34,5.50,4.27,4.66,4.72,4.63,6.13,7.15,4.54,6.82,4.66,5.84,6.14,6.37,4.62,4.56,4.21,5.02,4.16,4.89,5.37,6.02,4.67]
  │   rollout 7 | reward=1.00 | ✓succ noise‖·‖seq=[5.56,4.77,7.00,4.76,10.18,4.42,4.01,4.09,7.54,4.92,7.37,3.70,9.94,6.55,4.18,7.14,7.14,4.55,4.80,5.00,4.42,5.33,4.58,6.28,6.65,3.86,4.37,4.79,4.88,8.81,5.69,3.97,4.51,4.92,4.52,5.88,7.58,4.57,7.36,4.46,5.84,6.06,6.14,4.65,4.74,4.86,4.91,4.09,4.89,5.33,6.06,4.94]
  └────────────────────────────────────────
  ┌─ Group 7 | task~group7 | SR=7/8=0.88  inject-steps=[9,5,5,2,4,9,1,2,1,4,8,2,6,4,9,7,2,5,8,4,8,9,8,1,0,6,4,5,9,4,9,5,0,3,1,2,1,9,6,6,9,4,5,1,0,6,4,6,7,4,5,6]
  │   rollout 0 | reward=1.00 | ✓succ noise‖·‖seq=[4.17,5.26,5.24,7.05,5.82,4.27,10.41,7.41,8.94,5.63,5.08,7.07,5.23,5.44,4.16,4.54,7.52,5.00,5.09,5.00,4.30,3.97,4.37,10.04,9.21,4.54,5.55,4.90,4.15,5.36,4.18,5.01,9.67,5.85,10.50,7.37,10.02,3.96,4.74,4.90,4.11,5.46,5.11,9.57,9.09,4.73,4.92,5.02,4.34,5.43,5.37,5.44]
  │   rollout 1 | reward=1.00 | ✓succ noise‖·‖seq=[3.70,5.22,5.13,6.51,5.40,3.90,11.00,7.14,9.81,5.13,4.24,6.74,4.99,6.00,4.25,5.00,7.87,5.68,4.39,6.08,4.64,4.22,4.07,10.76,9.00,5.09,5.32,5.03,4.00,5.51,3.79,4.45,9.28,6.28,9.74,6.93,9.75,3.74,4.55,4.81,4.03,5.76,5.31,9.29,9.19,5.49,5.11,4.71,4.93,5.55,4.83,5.11]
  │   rollout 2 | reward=1.00 | ✓succ noise‖·‖seq=[4.07,5.35,5.38,7.38,5.44,3.98,9.50,6.53,9.57,5.51,4.32,6.82,5.07,5.03,4.07,4.30,6.90,4.96,4.39,5.62,4.21,3.97,4.18,10.00,9.40,4.51,4.89,5.27,3.99,5.75,3.95,5.35,9.44,6.18,9.45,7.36,10.11,4.37,5.23,5.24,3.84,5.99,4.83,9.60,10.68,4.81,5.88,5.21,5.01,5.48,5.19,4.95]
  │   rollout 3 | reward=1.00 | ✓succ noise‖·‖seq=[4.23,5.25,5.07,7.10,5.53,3.57,9.45,7.37,9.41,5.36,4.64,6.74,4.76,5.07,4.23,4.83,7.41,5.14,4.51,5.12,4.25,3.93,4.90,10.47,9.51,4.86,5.56,5.69,3.75,5.72,4.08,5.07,9.17,6.10,9.94,6.63,10.01,4.36,5.06,5.00,3.85,5.36,5.18,10.20,8.92,4.73,5.64,4.93,4.50,5.50,4.73,5.04]
  │   rollout 4 | reward=0.00 | ✗fail noise‖·‖seq=[3.69,4.89,5.06,7.17,5.34,3.98,10.22,7.04,9.43,5.83,4.37,7.38,4.92,5.51,4.34,4.37,6.97,4.99,4.18,5.39,4.92,4.23,4.50,9.73,9.37,4.71,5.12,5.06,4.19,5.40,4.16,4.97,9.87,6.27,9.99,7.42,9.61,4.24,5.03,4.85,3.93,5.03,4.59,9.66,9.38,4.86,5.32,4.79,4.86,5.95,5.16,5.05]
  │   rollout 5 | reward=1.00 | ✓succ noise‖·‖seq=[3.97,4.98,4.76,7.11,5.65,4.11,10.68,6.99,10.49,5.23,4.28,7.78,4.37,5.27,3.92,4.52,7.35,5.22,4.48,5.44,4.27,4.18,4.88,10.24,9.03,4.67,5.62,4.82,3.70,5.72,3.95,4.58,9.75,5.98,9.32,6.99,10.52,3.48,4.77,5.02,3.77,5.05,5.17,10.25,9.23,4.42,5.53,4.87,5.17,5.99,5.53,4.90]
  │   rollout 6 | reward=1.00 | ✓succ noise‖·‖seq=[4.13,5.12,5.12,7.18,5.25,4.10,9.79,6.11,9.78,5.70,4.99,7.77,4.79,5.39,4.02,4.41,7.17,5.11,4.70,5.98,4.46,3.91,4.48,9.43,9.41,4.82,5.38,4.91,3.97,5.89,4.09,4.90,9.40,5.92,9.56,7.04,10.26,4.03,4.93,4.95,3.88,5.59,5.30,10.38,8.99,5.10,5.97,5.25,4.37,5.62,4.89,5.10]
  │   rollout 7 | reward=1.00 | ✓succ noise‖·‖seq=[4.09,5.28,4.97,7.50,5.48,3.81,10.16,7.31,10.05,5.60,4.02,7.11,4.78,5.10,3.89,4.76,7.10,5.14,4.44,5.91,4.61,4.17,4.29,9.90,9.64,4.88,5.26,5.29,3.97,5.47,3.87,5.01,9.55,6.38,9.82,7.02,10.00,4.24,5.43,5.23,4.00,5.27,4.79,10.52,9.69,4.93,5.35,4.63,4.30,5.37,5.07,5.12]
  └────────────────────────────────────────

