
╭──────────────────────────────────────────────────────────────────────────────────────────────────────────────────────╮
├──────────────────────────────────────────────────── Metric Table ────────────────────────────────────────────────────┤
│ Global Step:    1/3 │ Progress: █████████████░░░░░░░░░░░░░░░░░░░░░░░░░░░ │  33.3%                                    │
│ Elapsed: 02:52 │ ETA: 05:45 │ Step Time: 172.912s                                                                    │
├──────────────────────────────────────────────────────── Time ────────────────────────────────────────────────────────┤
│                                                                                                                      │
│actor/actor/compute_adv=0.074          │actor/actor/recv_traj=46.040           │actor/actor/sync_model_to_rollout=37.…│
│actor/run_training=74.246              │cal_adv_and_returns=0.078              │env/compute_bootstrap_rewards=7.62e-04│
│env/env/bootstrap_step=20.608          │env/env/send_obs=0.286                 │env/env/send_rollout_trajectories=0.6…│
│env/env_interact_step=10.509           │env/interact=45.634                    │env/recv_rollout_results=14.058       │
│env/run_interact_once=45.633           │generate_rollouts=61.342               │rollout/generate_one_epoch=39.842     │
│rollout/predict=13.173                 │rollout/rollout/generate=61.286        │rollout/rollout/recv_obs=26.878       │
│rollout/rollout/send_traj=0.015        │step=172.9                             │sync_weights=37.223                   │
│                                                                                                                      │
├──────────────────────────────────────────────────── Environment ─────────────────────────────────────────────────────┤
│                                                                                                                      │
│episode_len=120.0                      │num_trajectories=32                    │return=0.1875                         │
│reward=0.0020177076                    │success_once=0.1875                    │                                      │
│                                                                                                                      │
├────────────────────────────────────────────────────── Rollout ───────────────────────────────────────────────────────┤
│                                                                                                                      │
│advantages_max=0.500                   │advantages_mean=-0.085                 │advantages_min=-1.500                 │
│rewards=0.0073                         │                                       │                                      │
│                                                                                                                      │
├─────────────────────────────────────────────────── Training/Actor ───────────────────────────────────────────────────┤
│                                                                                                                      │
│actor/approx_kl=0.144                  │actor/clip_fraction=0.044              │actor/clipped_ratio=0.199             │
│actor/dual_cliped_ratio=0.0000         │actor/entropy_loss=0.0000              │actor/grad_norm=11.545                │
│actor/lr=3.00e-05                      │actor/policy_loss=0.034                │actor/policy_loss_abs=0.181           │
│actor/ratio=0.188                      │actor/ratio_abs=0.089                  │actor/total_loss=0.0043               │
│                                                                                                                      │
╰──────────────────────────────────────────────────────────────────────────────────────────────────────────────────────╯


╭──────────────────────────────────────────────────────────────────────────────────────────────────────────────────────╮
├──────────────────────────────────────────────────── Metric Table ────────────────────────────────────────────────────┤
│ Global Step:    2/3 │ Progress: ██████████████████████████░░░░░░░░░░░░░░ │  66.7%                                    │
│ Elapsed: 05:44 │ ETA: 02:52 │ Step Time: 172.388s                                                                    │
├──────────────────────────────────────────────────────── Time ────────────────────────────────────────────────────────┤
│                                                                                                                      │
│actor/actor/compute_adv=0.057          │actor/actor/recv_traj=42.366           │actor/actor/sync_model_to_rollout=25.…│
│actor/run_training=72.657              │cal_adv_and_returns=0.060              │env/compute_bootstrap_rewards=7.31e-04│
│env/env/bootstrap_step=18.656          │env/env/send_obs=0.203                 │env/env/send_rollout_trajectories=0.4…│
│env/env_interact_step=9.864            │env/interact=42.055                    │env/recv_rollout_results=13.627       │
│env/run_interact_once=42.055           │generate_rollouts=56.973               │rollout/generate_one_epoch=34.053     │
│rollout/predict=13.112                 │rollout/rollout/generate=56.913        │rollout/rollout/recv_obs=21.818       │
│rollout/rollout/send_traj=0.011        │step=171.8                             │sync_weights=42.151                   │
│                                                                                                                      │
├──────────────────────────────────────────────────── Environment ─────────────────────────────────────────────────────┤
│                                                                                                                      │
│episode_len=120.0                      │num_trajectories=32                    │return=0.375                          │
│reward=0.0039247437                    │success_once=0.375                     │                                      │
│                                                                                                                      │
├────────────────────────────────────────────────────── Rollout ───────────────────────────────────────────────────────┤
│                                                                                                                      │
│advantages_max=0.866                   │advantages_mean=-0.081                 │advantages_min=-1.500                 │
│rewards=0.0062                         │                                       │                                      │
│                                                                                                                      │
├─────────────────────────────────────────────────── Training/Actor ───────────────────────────────────────────────────┤
│                                                                                                                      │
│actor/approx_kl=0.030                  │actor/clip_fraction=0.109              │actor/clipped_ratio=0.335             │
│actor/dual_cliped_ratio=0.0000         │actor/entropy_loss=0.0000              │actor/grad_norm=26.759                │
│actor/lr=3.00e-05                      │actor/policy_loss=0.012                │actor/policy_loss_abs=0.303           │
│actor/ratio=0.369                      │actor/ratio_abs=0.131                  │actor/total_loss=0.0015               │
│                                                                                                                      │
╰──────────────────────────────────────────────────────────────────────────────────────────────────────────────────────╯


╭──────────────────────────────────────────────────────────────────────────────────────────────────────────────────────╮
├──────────────────────────────────────────────────── Metric Table ────────────────────────────────────────────────────┤
│ Global Step:    1/3 │ Progress: █████████████░░░░░░░░░░░░░░░░░░░░░░░░░░░ │  33.3%                                    │
│ Elapsed: 02:04 │ ETA: 04:09 │ Step Time: 124.792s                                                                    │
├──────────────────────────────────────────────────────── Time ────────────────────────────────────────────────────────┤
│                                                                                                                      │
│actor/actor/compute_adv=0.062          │actor/actor/recv_traj=43.691           │actor/actor/sync_model_to_rollout=28.…│
│actor/run_training=38.932              │cal_adv_and_returns=0.065              │env/compute_bootstrap_rewards=8.21e-04│
│env/env/bootstrap_step=19.899          │env/env/send_obs=0.720                 │env/env/send_rollout_trajectories=0.6…│
│env/env_interact_step=10.594           │env/interact=43.312                    │env/recv_rollout_results=13.162       │
│env/run_interact_once=43.312           │generate_rollouts=57.247               │rollout/generate_one_epoch=37.985     │
│rollout/predict=12.302                 │rollout/rollout/generate=57.188        │rollout/rollout/recv_obs=25.743       │
│rollout/rollout/send_traj=0.013        │step=124.8                             │sync_weights=28.516                   │
│                                                                                                                      │
├──────────────────────────────────────────────────── Environment ─────────────────────────────────────────────────────┤
│                                                                                                                      │
│episode_len=120.0                      │num_trajectories=32                    │return=0.1875                         │
│reward=0.002032801                     │success_once=0.1875                    │                                      │
│                                                                                                                      │
├────────────────────────────────────────────────────── Rollout ───────────────────────────────────────────────────────┤
│                                                                                                                      │
│advantages_max=0.500                   │advantages_mean=-0.085                 │advantages_min=-1.500                 │
│rewards=0.0073                         │                                       │                                      │
│                                                                                                                      │
├─────────────────────────────────────────────────── Training/Actor ───────────────────────────────────────────────────┤
│                                                                                                                      │
│actor/approx_kl=0.527                  │actor/clip_fraction=0.137              │actor/clipped_ratio=0.408             │
│actor/dual_cliped_ratio=0.0000         │actor/entropy_loss=0.0000              │actor/grad_norm=12.242                │
│actor/lr=3.00e-05                      │actor/policy_loss=0.012                │actor/policy_loss_abs=0.161           │
│actor/ratio=0.370                      │actor/ratio_abs=0.187                  │actor/total_loss=0.0062               │
│                                                                                                                      │
╰──────────────────────────────────────────────────────────────────────────────────────────────────────────────────────╯


╭──────────────────────────────────────────────────────────────────────────────────────────────────────────────────────╮
├──────────────────────────────────────────────────── Metric Table ────────────────────────────────────────────────────┤
│ Global Step:    2/3 │ Progress: ██████████████████████████░░░░░░░░░░░░░░ │  66.7%                                    │
│ Elapsed: 04:19 │ ETA: 02:09 │ Step Time: 129.525s                                                                    │
├──────────────────────────────────────────────────────── Time ────────────────────────────────────────────────────────┤
│                                                                                                                      │
│actor/actor/compute_adv=0.048          │actor/actor/recv_traj=41.627           │actor/actor/sync_model_to_rollout=25.…│
│actor/run_training=37.840              │cal_adv_and_returns=0.052              │env/compute_bootstrap_rewards=8.92e-04│
│env/env/bootstrap_step=18.480          │env/env/send_obs=0.199                 │env/env/send_rollout_trajectories=0.6…│
│env/env_interact_step=10.126           │env/interact=41.318                    │env/recv_rollout_results=13.365       │
│env/run_interact_once=41.318           │generate_rollouts=55.955               │rollout/generate_one_epoch=34.794     │
│rollout/predict=12.824                 │rollout/rollout/generate=55.893        │rollout/rollout/recv_obs=23.197       │
│rollout/rollout/send_traj=0.0096       │step=134.2                             │sync_weights=40.393                   │
│                                                                                                                      │
├──────────────────────────────────────────────────── Environment ─────────────────────────────────────────────────────┤
│                                                                                                                      │
│episode_len=120.0                      │num_trajectories=32                    │return=0.3125                         │
│reward=0.0034220112                    │success_once=0.3125                    │                                      │
│                                                                                                                      │
├────────────────────────────────────────────────────── Rollout ───────────────────────────────────────────────────────┤
│                                                                                                                      │
│advantages_max=1.500                   │advantages_mean=-0.090                 │advantages_min=-0.866                 │
│rewards=0.0038                         │                                       │                                      │
│                                                                                                                      │
├─────────────────────────────────────────────────── Training/Actor ───────────────────────────────────────────────────┤
│                                                                                                                      │
│actor/approx_kl=0.120                  │actor/clip_fraction=0.168              │actor/clipped_ratio=0.461             │
│actor/dual_cliped_ratio=0.0000         │actor/entropy_loss=0.0000              │actor/grad_norm=20.997                │
│actor/lr=3.00e-05                      │actor/policy_loss=0.023                │actor/policy_loss_abs=0.306           │
│actor/ratio=0.452                      │actor/ratio_abs=0.173                  │actor/total_loss=0.011                │
│                                                                                                                      │
╰──────────────────────────────────────────────────────────────────────────────────────────────────────────────────────╯


╭──────────────────────────────────────────────────────────────────────────────────────────────────────────────────────╮
├──────────────────────────────────────────────────── Metric Table ────────────────────────────────────────────────────┤
│ Global Step:    1/50 │ Progress: ░░░░░░░░░░░░░░░░░░░░░░░░░░░░░░░░░░░░░░░░ │   2.0%                                   │
│ Elapsed: 01:59 │ ETA: 01:37:55 │ Step Time: 119.912s                                                                 │
├──────────────────────────────────────────────────────── Time ────────────────────────────────────────────────────────┤
│                                                                                                                      │
│actor/actor/compute_adv=0.063          │actor/actor/recv_traj=43.815           │actor/actor/sync_model_to_rollout=29.…│
│actor/run_training=33.256              │cal_adv_and_returns=0.067              │env/compute_bootstrap_rewards=7.41e-04│
│env/env/bootstrap_step=20.265          │env/env/send_obs=0.421                 │env/env/send_rollout_trajectories=0.5…│
│env/env_interact_step=10.026           │env/interact=43.431                    │env/recv_rollout_results=13.223       │
│env/run_interact_once=43.431           │generate_rollouts=57.507               │rollout/generate_one_epoch=37.115     │
│rollout/predict=12.320                 │rollout/rollout/generate=57.459        │rollout/rollout/recv_obs=25.052       │
│rollout/rollout/send_traj=0.013        │step=119.9                             │sync_weights=29.054                   │
│                                                                                                                      │
├──────────────────────────────────────────────────── Environment ─────────────────────────────────────────────────────┤
│                                                                                                                      │
│episode_len=120.0                      │num_trajectories=32                    │return=0.09375                        │
│reward=0.0010010682                    │success_once=0.09375                   │                                      │
│                                                                                                                      │
├────────────────────────────────────────────────────── Rollout ───────────────────────────────────────────────────────┤
│                                                                                                                      │
│advantages_max=1.500                   │advantages_mean=-0.072                 │advantages_min=-0.866                 │
│rewards=0.0033                         │                                       │                                      │
│                                                                                                                      │
├─────────────────────────────────────────────────── Training/Actor ───────────────────────────────────────────────────┤
│                                                                                                                      │
│actor/approx_kl=0.185                  │actor/clip_fraction=0.141              │actor/clipped_ratio=0.453             │
│actor/dual_cliped_ratio=0.0000         │actor/entropy_loss=0.0000              │actor/grad_norm=14.980                │
│actor/lr=3.00e-05                      │actor/policy_loss=0.028                │actor/policy_loss_abs=0.193           │
│actor/ratio=0.436                      │actor/ratio_abs=0.187                  │actor/total_loss=0.028                │
│                                                                                                                      │
╰──────────────────────────────────────────────────────────────────────────────────────────────────────────────────────╯


╭──────────────────────────────────────────────────────────────────────────────────────────────────────────────────────╮
├──────────────────────────────────────────────────── Metric Table ────────────────────────────────────────────────────┤
│ Global Step:    2/50 │ Progress: █░░░░░░░░░░░░░░░░░░░░░░░░░░░░░░░░░░░░░░░ │   4.0%                                   │
│ Elapsed: 04:06 │ ETA: 01:38:33 │ Step Time: 123.207s                                                                 │
├──────────────────────────────────────────────────────── Time ────────────────────────────────────────────────────────┤
│                                                                                                                      │
│actor/actor/compute_adv=0.045          │actor/actor/recv_traj=41.060           │actor/actor/sync_model_to_rollout=22.…│
│actor/run_training=31.333              │cal_adv_and_returns=0.048              │env/compute_bootstrap_rewards=7.88e-04│
│env/env/bootstrap_step=18.327          │env/env/send_obs=0.189                 │env/env/send_rollout_trajectories=0.5…│
│env/env_interact_step=9.703            │env/interact=40.706                    │env/recv_rollout_results=12.637       │
│env/run_interact_once=40.706           │generate_rollouts=53.865               │rollout/generate_one_epoch=33.327     │
│rollout/predict=12.048                 │rollout/rollout/generate=53.798        │rollout/rollout/recv_obs=21.773       │
│rollout/rollout/send_traj=0.012        │step=126.5                             │sync_weights=41.234                   │
│                                                                                                                      │
├──────────────────────────────────────────────────── Environment ─────────────────────────────────────────────────────┤
│                                                                                                                      │
│episode_len=120.0                      │num_trajectories=32                    │return=0.375                          │
│reward=0.0039602863                    │success_once=0.375                     │                                      │
│                                                                                                                      │
├────────────────────────────────────────────────────── Rollout ───────────────────────────────────────────────────────┤
│                                                                                                                      │
│advantages_max=0.866                   │advantages_mean=-0.081                 │advantages_min=-0.866                 │
│rewards=0.0047                         │                                       │                                      │
│                                                                                                                      │
├─────────────────────────────────────────────────── Training/Actor ───────────────────────────────────────────────────┤
│                                                                                                                      │
│actor/approx_kl=0.283                  │actor/clip_fraction=0.150              │actor/clipped_ratio=0.487             │
│actor/dual_cliped_ratio=0.0000         │actor/entropy_loss=0.0000              │actor/grad_norm=29.784                │
│actor/lr=3.00e-05                      │actor/policy_loss=0.043                │actor/policy_loss_abs=0.318           │
│actor/ratio=0.466                      │actor/ratio_abs=0.212                  │actor/total_loss=0.043                │
│                                                                                                                      │
╰──────────────────────────────────────────────────────────────────────────────────────────────────────────────────────╯


╭──────────────────────────────────────────────────────────────────────────────────────────────────────────────────────╮
├──────────────────────────────────────────────────── Metric Table ────────────────────────────────────────────────────┤
│ Global Step:    3/50 │ Progress: ██░░░░░░░░░░░░░░░░░░░░░░░░░░░░░░░░░░░░░░ │   6.0%                                   │
│ Elapsed: 05:47 │ ETA: 01:30:48 │ Step Time: 115.924s                                                                 │
├──────────────────────────────────────────────────────── Time ────────────────────────────────────────────────────────┤
│                                                                                                                      │
│actor/actor/compute_adv=0.044          │actor/actor/recv_traj=39.425           │actor/actor/sync_model_to_rollout=9.3…│
│actor/run_training=32.225              │cal_adv_and_returns=0.048              │env/compute_bootstrap_rewards=9.10e-04│
│env/env/bootstrap_step=16.708          │env/env/send_obs=0.187                 │env/env/send_rollout_trajectories=0.4…│
│env/env_interact_step=9.696            │env/interact=39.044                    │env/recv_rollout_results=12.943       │
│env/run_interact_once=39.044           │generate_rollouts=52.877               │rollout/generate_one_epoch=34.134     │
│rollout/predict=12.348                 │rollout/rollout/generate=52.839        │rollout/rollout/recv_obs=22.744       │
│rollout/rollout/send_traj=0.013        │step=101.3                             │sync_weights=16.181                   │
│                                                                                                                      │
├──────────────────────────────────────────────────── Environment ─────────────────────────────────────────────────────┤
│                                                                                                                      │
│episode_len=120.0                      │num_trajectories=32                    │return=0.625                          │
│reward=0.006648289                     │success_once=0.625                     │                                      │
│                                                                                                                      │
├────────────────────────────────────────────────────── Rollout ───────────────────────────────────────────────────────┤
│                                                                                                                      │
│advantages_max=1.500                   │advantages_mean=-0.046                 │advantages_min=-1.500                 │
│rewards=0.0051                         │                                       │                                      │
│                                                                                                                      │
├─────────────────────────────────────────────────── Training/Actor ───────────────────────────────────────────────────┤
│                                                                                                                      │
│actor/approx_kl=0.187                  │actor/clip_fraction=0.199              │actor/clipped_ratio=0.695             │
│actor/dual_cliped_ratio=0.0000         │actor/entropy_loss=0.0000              │actor/grad_norm=43.570                │
│actor/lr=3.00e-05                      │actor/policy_loss=0.034                │actor/policy_loss_abs=0.398           │
│actor/ratio=0.707                      │actor/ratio_abs=0.284                  │actor/total_loss=0.034                │
│                                                                                                                      │
╰──────────────────────────────────────────────────────────────────────────────────────────────────────────────────────╯


╭──────────────────────────────────────────────────────────────────────────────────────────────────────────────────────╮
├──────────────────────────────────────────────────── Metric Table ────────────────────────────────────────────────────┤
│ Global Step:    4/50 │ Progress: ███░░░░░░░░░░░░░░░░░░░░░░░░░░░░░░░░░░░░░ │   8.0%                                   │
│ Elapsed: 07:22 │ ETA: 01:24:47 │ Step Time: 110.592s                                                                 │
├──────────────────────────────────────────────────────── Time ────────────────────────────────────────────────────────┤
│                                                                                                                      │
│actor/actor/compute_adv=0.042          │actor/actor/recv_traj=38.801           │actor/actor/sync_model_to_rollout=6.8…│
│actor/run_training=30.845              │cal_adv_and_returns=0.045              │env/compute_bootstrap_rewards=7.74e-04│
│env/env/bootstrap_step=16.412          │env/env/send_obs=0.241                 │env/env/send_rollout_trajectories=0.4…│
│env/env_interact_step=9.775            │env/interact=38.236                    │env/recv_rollout_results=12.446       │
│env/run_interact_once=38.236           │generate_rollouts=51.265               │rollout/generate_one_epoch=31.648     │
│rollout/predict=11.915                 │rollout/rollout/generate=51.183        │rollout/rollout/recv_obs=20.315       │
│rollout/rollout/send_traj=0.011        │step=94.571                            │sync_weights=12.413                   │
│                                                                                                                      │
├──────────────────────────────────────────────────── Environment ─────────────────────────────────────────────────────┤
│                                                                                                                      │
│episode_len=120.0                      │num_trajectories=32                    │return=0.28125                        │
│reward=0.0030033542                    │success_once=0.28125                   │                                      │
│                                                                                                                      │
├────────────────────────────────────────────────────── Rollout ───────────────────────────────────────────────────────┤
│                                                                                                                      │
│advantages_max=1.500                   │advantages_mean=-0.057                 │advantages_min=-1.500                 │
│rewards=0.0051                         │                                       │                                      │
│                                                                                                                      │
├─────────────────────────────────────────────────── Training/Actor ───────────────────────────────────────────────────┤
│                                                                                                                      │
│actor/approx_kl=0.136                  │actor/clip_fraction=0.288              │actor/clipped_ratio=0.950             │
│actor/dual_cliped_ratio=0.0000         │actor/entropy_loss=0.0000              │actor/grad_norm=26.551                │
│actor/lr=3.00e-05                      │actor/policy_loss=0.028                │actor/policy_loss_abs=0.380           │
│actor/ratio=0.941                      │actor/ratio_abs=0.281                  │actor/total_loss=0.028                │
│                                                                                                                      │
╰──────────────────────────────────────────────────────────────────────────────────────────────────────────────────────╯


╭──────────────────────────────────────────────────────────────────────────────────────────────────────────────────────╮
├──────────────────────────────────────────────────── Metric Table ────────────────────────────────────────────────────┤
│ Global Step:    5/50 │ Progress: ████░░░░░░░░░░░░░░░░░░░░░░░░░░░░░░░░░░░░ │  10.0%                                   │
│ Elapsed: 08:59 │ ETA: 01:20:55 │ Step Time: 107.889s                                                                 │
├──────────────────────────────────────────────────────── Time ────────────────────────────────────────────────────────┤
│                                                                                                                      │
│actor/actor/compute_adv=0.030          │actor/actor/recv_traj=42.730           │actor/actor/sync_model_to_rollout=7.7…│
│actor/run_training=31.566              │cal_adv_and_returns=0.033              │env/compute_bootstrap_rewards=9.03e-04│
│env/env/bootstrap_step=18.842          │env/env/send_obs=0.228                 │env/env/send_rollout_trajectories=0.9…│
│env/env_interact_step=10.006           │env/interact=42.405                    │env/recv_rollout_results=12.775       │
│env/run_interact_once=42.405           │generate_rollouts=53.515               │rollout/generate_one_epoch=34.154     │
│rollout/predict=12.259                 │rollout/rollout/generate=53.454        │rollout/rollout/recv_obs=22.644       │
│rollout/rollout/send_traj=0.0098       │step=97.056                            │sync_weights=11.940                   │
│                                                                                                                      │
├──────────────────────────────────────────────────── Environment ─────────────────────────────────────────────────────┤
│                                                                                                                      │
│episode_len=120.0                      │num_trajectories=32                    │return=0.40625                        │
│reward=0.004304808                     │success_once=0.40625                   │                                      │
│                                                                                                                      │
├────────────────────────────────────────────────────── Rollout ───────────────────────────────────────────────────────┤
│                                                                                                                      │
│advantages_max=nan                     │advantages_mean=nan                    │advantages_min=nan                    │
│rewards=nan                            │                                       │                                      │
│                                                                                                                      │
├─────────────────────────────────────────────────── Training/Actor ───────────────────────────────────────────────────┤
│                                                                                                                      │
│actor/approx_kl=0.0000                 │actor/clip_fraction=0.0000             │actor/clipped_ratio=0.0000            │
│actor/dual_cliped_ratio=0.0000         │actor/entropy_loss=0.0000              │actor/grad_norm=0.0000                │
│actor/lr=3.00e-05                      │actor/policy_loss=0.0000               │actor/policy_loss_abs=0.0000          │
│actor/ratio=0.0000                     │actor/ratio_abs=0.0000                 │actor/total_loss=0.0000               │
│                                                                                                                      │
╰──────────────────────────────────────────────────────────────────────────────────────────────────────────────────────╯


╭──────────────────────────────────────────────────────────────────────────────────────────────────────────────────────╮
├──────────────────────────────────────────────────── Metric Table ────────────────────────────────────────────────────┤
│ Global Step:    6/50 │ Progress: ████░░░░░░░░░░░░░░░░░░░░░░░░░░░░░░░░░░░░ │  12.0%                                   │
│ Elapsed: 10:31 │ ETA: 01:17:08 │ Step Time: 105.195s                                                                 │
├──────────────────────────────────────────────────────── Time ────────────────────────────────────────────────────────┤
│                                                                                                                      │
│actor/actor/compute_adv=0.041          │actor/actor/recv_traj=40.085           │actor/actor/sync_model_to_rollout=6.8…│
│actor/run_training=31.655              │cal_adv_and_returns=0.045              │env/compute_bootstrap_rewards=9.32e-04│
│env/env/bootstrap_step=17.078          │env/env/send_obs=0.192                 │env/env/send_rollout_trajectories=0.6…│
│env/env_interact_step=9.707            │env/interact=39.776                    │env/recv_rollout_results=13.193       │
│env/run_interact_once=39.776           │generate_rollouts=52.179               │rollout/generate_one_epoch=33.876     │
│rollout/predict=12.642                 │rollout/rollout/generate=52.129        │rollout/rollout/recv_obs=22.209       │
│rollout/rollout/send_traj=0.010        │step=91.699                            │sync_weights=7.817                    │
│                                                                                                                      │
├──────────────────────────────────────────────────── Environment ─────────────────────────────────────────────────────┤
│                                                                                                                      │
│episode_len=120.0                      │num_trajectories=32                    │return=0.21875                        │
│reward=0.002016557                     │success_once=0.21875                   │                                      │
│                                                                                                                      │
├────────────────────────────────────────────────────── Rollout ───────────────────────────────────────────────────────┤
│                                                                                                                      │
│advantages_max=0.866                   │advantages_mean=-0.027                 │advantages_min=-1.500                 │
│rewards=0.0055                         │                                       │                                      │
│                                                                                                                      │
├─────────────────────────────────────────────────── Training/Actor ───────────────────────────────────────────────────┤
│                                                                                                                      │
│actor/approx_kl=0.033                  │actor/clip_fraction=0.165              │actor/clipped_ratio=0.482             │
│actor/dual_cliped_ratio=0.0000         │actor/entropy_loss=0.0000              │actor/grad_norm=18.709                │
│actor/lr=3.00e-05                      │actor/policy_loss=0.0088               │actor/policy_loss_abs=0.207           │
│actor/ratio=0.507                      │actor/ratio_abs=0.163                  │actor/total_loss=0.0088               │
│                                                                                                                      │
╰──────────────────────────────────────────────────────────────────────────────────────────────────────────────────────╯


╭──────────────────────────────────────────────────────────────────────────────────────────────────────────────────────╮
├──────────────────────────────────────────────────── Metric Table ────────────────────────────────────────────────────┤
│ Global Step:    7/50 │ Progress: █████░░░░░░░░░░░░░░░░░░░░░░░░░░░░░░░░░░░ │  14.0%                                   │
│ Elapsed: 12:08 │ ETA: 01:14:33 │ Step Time: 104.036s                                                                 │
├──────────────────────────────────────────────────────── Time ────────────────────────────────────────────────────────┤
│                                                                                                                      │
│actor/actor/compute_adv=0.043          │actor/actor/recv_traj=41.093           │actor/actor/sync_model_to_rollout=6.3…│
│actor/run_training=32.772              │cal_adv_and_returns=0.046              │env/compute_bootstrap_rewards=8.49e-04│
│env/env/bootstrap_step=18.245          │env/env/send_obs=0.190                 │env/env/send_rollout_trajectories=0.7…│
│env/env_interact_step=9.405            │env/interact=40.676                    │env/recv_rollout_results=12.663       │
│env/run_interact_once=40.675           │generate_rollouts=53.561               │rollout/generate_one_epoch=35.568     │
│rollout/predict=12.097                 │rollout/rollout/generate=53.508        │rollout/rollout/recv_obs=24.082       │
│rollout/rollout/send_traj=0.010        │step=97.051                            │sync_weights=10.667                   │
│                                                                                                                      │
├──────────────────────────────────────────────────── Environment ─────────────────────────────────────────────────────┤
│                                                                                                                      │
│episode_len=120.0                      │num_trajectories=32                    │return=0.34375                        │
│reward=0.0031682118                    │success_once=0.34375                   │                                      │
│                                                                                                                      │
├────────────────────────────────────────────────────── Rollout ───────────────────────────────────────────────────────┤
│                                                                                                                      │
│advantages_max=0.866                   │advantages_mean=-0.017                 │advantages_min=-1.500                 │
│rewards=0.0050                         │                                       │                                      │
│                                                                                                                      │
├─────────────────────────────────────────────────── Training/Actor ───────────────────────────────────────────────────┤
│                                                                                                                      │
│actor/approx_kl=0.078                  │actor/clip_fraction=0.240              │actor/clipped_ratio=0.739             │
│actor/dual_cliped_ratio=0.0000         │actor/entropy_loss=0.0000              │actor/grad_norm=43.112                │
│actor/lr=3.00e-05                      │actor/policy_loss=0.022                │actor/policy_loss_abs=0.323           │
│actor/ratio=0.786                      │actor/ratio_abs=0.276                  │actor/total_loss=0.022                │
│                                                                                                                      │
╰──────────────────────────────────────────────────────────────────────────────────────────────────────────────────────╯


╭──────────────────────────────────────────────────────────────────────────────────────────────────────────────────────╮
├──────────────────────────────────────────────────── Metric Table ────────────────────────────────────────────────────┤
│ Global Step:    8/50 │ Progress: ██████░░░░░░░░░░░░░░░░░░░░░░░░░░░░░░░░░░ │  16.0%                                   │
│ Elapsed: 13:44 │ ETA: 01:12:08 │ Step Time: 103.054s                                                                 │
├──────────────────────────────────────────────────────── Time ────────────────────────────────────────────────────────┤
│                                                                                                                      │
│actor/actor/compute_adv=0.046          │actor/actor/recv_traj=40.057           │actor/actor/sync_model_to_rollout=6.3…│
│actor/run_training=32.004              │cal_adv_and_returns=0.049              │env/compute_bootstrap_rewards=9.00e-04│
│env/env/bootstrap_step=16.827          │env/env/send_obs=0.200                 │env/env/send_rollout_trajectories=0.6…│
│env/env_interact_step=9.923            │env/interact=39.741                    │env/recv_rollout_results=12.960       │
│env/run_interact_once=39.741           │generate_rollouts=52.439               │rollout/generate_one_epoch=34.857     │
│rollout/predict=12.426                 │rollout/rollout/generate=52.382        │rollout/rollout/recv_obs=22.805       │
│rollout/rollout/send_traj=0.012        │step=96.165                            │sync_weights=11.669                   │
│                                                                                                                      │
├──────────────────────────────────────────────────── Environment ─────────────────────────────────────────────────────┤
│                                                                                                                      │
│episode_len=120.0                      │num_trajectories=32                    │return=0.21875                        │
│reward=0.002016601                     │success_once=0.21875                   │                                      │
│                                                                                                                      │
├────────────────────────────────────────────────────── Rollout ───────────────────────────────────────────────────────┤
│                                                                                                                      │
│advantages_max=0.866                   │advantages_mean=-0.017                 │advantages_min=-1.500                 │
│rewards=0.0050                         │                                       │                                      │
│                                                                                                                      │
├─────────────────────────────────────────────────── Training/Actor ───────────────────────────────────────────────────┤
│                                                                                                                      │
│actor/approx_kl=0.182                  │actor/clip_fraction=0.102              │actor/clipped_ratio=0.484             │
│actor/dual_cliped_ratio=0.0000         │actor/entropy_loss=0.0000              │actor/grad_norm=17.985                │
│actor/lr=3.00e-05                      │actor/policy_loss=0.028                │actor/policy_loss_abs=0.304           │
│actor/ratio=0.473                      │actor/ratio_abs=0.156                  │actor/total_loss=0.028                │
│                                                                                                                      │
╰──────────────────────────────────────────────────────────────────────────────────────────────────────────────────────╯


╭──────────────────────────────────────────────────────────────────────────────────────────────────────────────────────╮
├──────────────────────────────────────────────────── Metric Table ────────────────────────────────────────────────────┤
│ Global Step:    9/50 │ Progress: ███████░░░░░░░░░░░░░░░░░░░░░░░░░░░░░░░░░ │  18.0%                                   │
│ Elapsed: 15:21 │ ETA: 01:10:00 │ Step Time: 102.444s                                                                 │
├──────────────────────────────────────────────────────── Time ────────────────────────────────────────────────────────┤
│                                                                                                                      │
│actor/actor/compute_adv=0.047          │actor/actor/recv_traj=42.253           │actor/actor/sync_model_to_rollout=7.6…│
│actor/run_training=32.485              │cal_adv_and_returns=0.051              │env/compute_bootstrap_rewards=9.06e-04│
│env/env/bootstrap_step=18.488          │env/env/send_obs=0.174                 │env/env/send_rollout_trajectories=0.7…│
│env/env_interact_step=9.723            │env/interact=41.947                    │env/recv_rollout_results=13.086       │
│env/run_interact_once=41.947           │generate_rollouts=53.351               │rollout/generate_one_epoch=36.595     │
│rollout/predict=12.558                 │rollout/rollout/generate=53.289        │rollout/rollout/recv_obs=24.665       │
│rollout/rollout/send_traj=0.012        │step=97.541                            │sync_weights=11.649                   │
│                                                                                                                      │
├──────────────────────────────────────────────────── Environment ─────────────────────────────────────────────────────┤
│                                                                                                                      │
│episode_len=120.0                      │num_trajectories=32                    │return=0.28125                        │
│reward=0.0033254593                    │success_once=0.28125                   │                                      │
│                                                                                                                      │
├────────────────────────────────────────────────────── Rollout ───────────────────────────────────────────────────────┤
│                                                                                                                      │
│advantages_max=1.500                   │advantages_mean=-0.127                 │advantages_min=-1.500                 │
│rewards=0.0048                         │                                       │                                      │
│                                                                                                                      │
├─────────────────────────────────────────────────── Training/Actor ───────────────────────────────────────────────────┤
│                                                                                                                      │
│actor/approx_kl=0.085                  │actor/clip_fraction=0.220              │actor/clipped_ratio=0.981             │
│actor/dual_cliped_ratio=0.0000         │actor/entropy_loss=0.0000              │actor/grad_norm=32.360                │
│actor/lr=3.00e-05                      │actor/policy_loss=0.0011               │actor/policy_loss_abs=0.410           │
│actor/ratio=1.007                      │actor/ratio_abs=0.255                  │actor/total_loss=0.0011               │
│                                                                                                                      │
╰──────────────────────────────────────────────────────────────────────────────────────────────────────────────────────╯


╭──────────────────────────────────────────────────────────────────────────────────────────────────────────────────────╮
├──────────────────────────────────────────────────── Metric Table ────────────────────────────────────────────────────┤
│ Global Step:   10/50 │ Progress: ████████░░░░░░░░░░░░░░░░░░░░░░░░░░░░░░░░ │  20.0%                                   │
│ Elapsed: 16:59 │ ETA: 01:07:57 │ Step Time: 101.939s                                                                 │
├──────────────────────────────────────────────────────── Time ────────────────────────────────────────────────────────┤
│                                                                                                                      │
│actor/actor/compute_adv=0.041          │actor/actor/recv_traj=42.932           │actor/actor/sync_model_to_rollout=6.9…│
│actor/run_training=32.197              │cal_adv_and_returns=0.043              │env/compute_bootstrap_rewards=7.77e-04│
│env/env/bootstrap_step=19.171          │env/env/send_obs=0.191                 │env/env/send_rollout_trajectories=0.6…│
│env/env_interact_step=9.951            │env/interact=42.612                    │env/recv_rollout_results=13.094       │
│env/run_interact_once=42.612           │generate_rollouts=53.997               │rollout/generate_one_epoch=34.700     │
│rollout/predict=12.609                 │rollout/rollout/generate=53.947        │rollout/rollout/recv_obs=22.862       │
│rollout/rollout/send_traj=0.012        │step=97.366                            │sync_weights=11.125                   │
│                                                                                                                      │
├──────────────────────────────────────────────────── Environment ─────────────────────────────────────────────────────┤
│                                                                                                                      │
│episode_len=120.0                      │num_trajectories=32                    │return=0.28125                        │
│reward=0.0027887966                    │success_once=0.28125                   │                                      │
│                                                                                                                      │
├────────────────────────────────────────────────────── Rollout ───────────────────────────────────────────────────────┤
│                                                                                                                      │
│advantages_max=1.500                   │advantages_mean=-0.031                 │advantages_min=-1.500                 │
│rewards=0.0045                         │                                       │                                      │
│                                                                                                                      │
├─────────────────────────────────────────────────── Training/Actor ───────────────────────────────────────────────────┤
│                                                                                                                      │
│actor/approx_kl=0.054                  │actor/clip_fraction=0.179              │actor/clipped_ratio=0.745             │
│actor/dual_cliped_ratio=0.0000         │actor/entropy_loss=0.0000              │actor/grad_norm=36.467                │
│actor/lr=3.00e-05                      │actor/policy_loss=0.030                │actor/policy_loss_abs=0.392           │
│actor/ratio=0.782                      │actor/ratio_abs=0.230                  │actor/total_loss=0.030                │
│                                                                                                                      │
╰──────────────────────────────────────────────────────────────────────────────────────────────────────────────────────╯


╭──────────────────────────────────────────────────────────────────────────────────────────────────────────────────────╮
├──────────────────────────────────────────────────── Metric Table ────────────────────────────────────────────────────┤
│ Global Step:   11/50 │ Progress: ████████░░░░░░░░░░░░░░░░░░░░░░░░░░░░░░░░ │  22.0%                                   │
│ Elapsed: 18:36 │ ETA: 01:05:59 │ Step Time: 101.524s                                                                 │
├──────────────────────────────────────────────────────── Time ────────────────────────────────────────────────────────┤
│                                                                                                                      │
│actor/actor/compute_adv=0.045          │actor/actor/recv_traj=39.947           │actor/actor/sync_model_to_rollout=7.4…│
│actor/run_training=34.364              │cal_adv_and_returns=0.049              │env/compute_bootstrap_rewards=8.34e-04│
│env/env/bootstrap_step=16.853          │env/env/send_obs=0.175                 │env/env/send_rollout_trajectories=0.5…│
│env/env_interact_step=9.809            │env/interact=39.615                    │env/recv_rollout_results=12.771       │
│env/run_interact_once=39.615           │generate_rollouts=51.741               │rollout/generate_one_epoch=34.394     │
│rollout/predict=12.139                 │rollout/rollout/generate=51.674        │rollout/rollout/recv_obs=22.485       │
│rollout/rollout/send_traj=0.011        │step=97.358                            │sync_weights=11.199                   │
│                                                                                                                      │
├──────────────────────────────────────────────────── Environment ─────────────────────────────────────────────────────┤
│                                                                                                                      │
│episode_len=120.0                      │num_trajectories=32                    │return=0.375                          │
│reward=0.0037362357                    │success_once=0.375                     │                                      │
│                                                                                                                      │
├────────────────────────────────────────────────────── Rollout ───────────────────────────────────────────────────────┤
│                                                                                                                      │
│advantages_max=1.500                   │advantages_mean=-0.054                 │advantages_min=-1.500                 │
│rewards=0.0054                         │                                       │                                      │
│                                                                                                                      │
├─────────────────────────────────────────────────── Training/Actor ───────────────────────────────────────────────────┤
│                                                                                                                      │
│actor/approx_kl=0.175                  │actor/clip_fraction=0.322              │actor/clipped_ratio=0.957             │
│actor/dual_cliped_ratio=0.0000         │actor/entropy_loss=0.0000              │actor/grad_norm=35.479                │
│actor/lr=3.00e-05                      │actor/policy_loss=0.021                │actor/policy_loss_abs=0.487           │
│actor/ratio=0.957                      │actor/ratio_abs=0.328                  │actor/total_loss=0.021                │
│                                                                                                                      │
╰──────────────────────────────────────────────────────────────────────────────────────────────────────────────────────╯


╭──────────────────────────────────────────────────────────────────────────────────────────────────────────────────────╮
├──────────────────────────────────────────────────── Metric Table ────────────────────────────────────────────────────┤
│ Global Step:   12/50 │ Progress: █████████░░░░░░░░░░░░░░░░░░░░░░░░░░░░░░░ │  24.0%                                   │
│ Elapsed: 20:14 │ ETA: 01:04:05 │ Step Time: 101.193s                                                                 │
├──────────────────────────────────────────────────────── Time ────────────────────────────────────────────────────────┤
│                                                                                                                      │
│actor/actor/compute_adv=0.044          │actor/actor/recv_traj=42.322           │actor/actor/sync_model_to_rollout=6.5…│
│actor/run_training=32.427              │cal_adv_and_returns=0.048              │env/compute_bootstrap_rewards=8.40e-04│
│env/env/bootstrap_step=19.449          │env/env/send_obs=0.206                 │env/env/send_rollout_trajectories=0.5…│
│env/env_interact_step=9.942            │env/interact=41.978                    │env/recv_rollout_results=12.769       │
│env/run_interact_once=41.978           │generate_rollouts=54.034               │rollout/generate_one_epoch=36.316     │
│rollout/predict=12.213                 │rollout/rollout/generate=53.954        │rollout/rollout/recv_obs=24.524       │
│rollout/rollout/send_traj=0.010        │step=97.531                            │sync_weights=11.018                   │
│                                                                                                                      │
├──────────────────────────────────────────────────── Environment ─────────────────────────────────────────────────────┤
│                                                                                                                      │
│episode_len=120.0                      │num_trajectories=32                    │return=0.21875                        │
│reward=0.0023961202                    │success_once=0.21875                   │                                      │
│                                                                                                                      │
├────────────────────────────────────────────────────── Rollout ───────────────────────────────────────────────────────┤
│                                                                                                                      │
│advantages_max=0.500                   │advantages_mean=-0.045                 │advantages_min=-1.500                 │
│rewards=0.0068                         │                                       │                                      │
│                                                                                                                      │
├─────────────────────────────────────────────────── Training/Actor ───────────────────────────────────────────────────┤
│                                                                                                                      │
│actor/approx_kl=0.040                  │actor/clip_fraction=0.057              │actor/clipped_ratio=0.244             │
│actor/dual_cliped_ratio=0.0000         │actor/entropy_loss=0.0000              │actor/grad_norm=10.663                │
│actor/lr=3.00e-05                      │actor/policy_loss=0.0069               │actor/policy_loss_abs=0.097           │
│actor/ratio=0.236                      │actor/ratio_abs=0.072                  │actor/total_loss=0.0069               │
│                                                                                                                      │
╰──────────────────────────────────────────────────────────────────────────────────────────────────────────────────────╯


╭──────────────────────────────────────────────────────────────────────────────────────────────────────────────────────╮
├──────────────────────────────────────────────────── Metric Table ────────────────────────────────────────────────────┤
│ Global Step:   13/50 │ Progress: ██████████░░░░░░░░░░░░░░░░░░░░░░░░░░░░░░ │  26.0%                                   │
│ Elapsed: 21:50 │ ETA: 01:02:09 │ Step Time: 100.790s                                                                 │
├──────────────────────────────────────────────────────── Time ────────────────────────────────────────────────────────┤
│                                                                                                                      │
│actor/actor/compute_adv=0.044          │actor/actor/recv_traj=43.375           │actor/actor/sync_model_to_rollout=6.7…│
│actor/run_training=32.100              │cal_adv_and_returns=0.048              │env/compute_bootstrap_rewards=8.53e-04│
│env/env/bootstrap_step=19.783          │env/env/send_obs=0.233                 │env/env/send_rollout_trajectories=0.6…│
│env/env_interact_step=9.821            │env/interact=43.049                    │env/recv_rollout_results=12.817       │
│env/run_interact_once=43.049           │generate_rollouts=55.025               │rollout/generate_one_epoch=37.710     │
│rollout/predict=12.326                 │rollout/rollout/generate=54.981        │rollout/rollout/recv_obs=25.865       │
│rollout/rollout/send_traj=0.013        │step=95.925                            │sync_weights=8.750                    │
│                                                                                                                      │
├──────────────────────────────────────────────────── Environment ─────────────────────────────────────────────────────┤
│                                                                                                                      │
│episode_len=120.0                      │num_trajectories=32                    │return=0.46875                        │
│reward=0.0045433277                    │success_once=0.46875                   │                                      │
│                                                                                                                      │
├────────────────────────────────────────────────────── Rollout ───────────────────────────────────────────────────────┤
│                                                                                                                      │
│advantages_max=0.500                   │advantages_mean=-0.011                 │advantages_min=-1.500                 │
│rewards=0.0064                         │                                       │                                      │
│                                                                                                                      │
├─────────────────────────────────────────────────── Training/Actor ───────────────────────────────────────────────────┤
│                                                                                                                      │
│actor/approx_kl=0.033                  │actor/clip_fraction=0.066              │actor/clipped_ratio=0.245             │
│actor/dual_cliped_ratio=0.0000         │actor/entropy_loss=0.0000              │actor/grad_norm=12.405                │
│actor/lr=3.00e-05                      │actor/policy_loss=0.0042               │actor/policy_loss_abs=0.094           │
│actor/ratio=0.242                      │actor/ratio_abs=0.079                  │actor/total_loss=0.0042               │
│                                                                                                                      │
╰──────────────────────────────────────────────────────────────────────────────────────────────────────────────────────╯


╭──────────────────────────────────────────────────────────────────────────────────────────────────────────────────────╮
├──────────────────────────────────────────────────── Metric Table ────────────────────────────────────────────────────┤
│ Global Step:    1/50 │ Progress: ░░░░░░░░░░░░░░░░░░░░░░░░░░░░░░░░░░░░░░░░ │   2.0%                                   │
│ Elapsed: 02:40 │ ETA: 02:10:51 │ Step Time: 160.229s                                                                 │
├──────────────────────────────────────────────────────── Time ────────────────────────────────────────────────────────┤
│                                                                                                                      │
│actor/actor/compute_adv=0.073          │actor/actor/recv_traj=77.364           │actor/actor/sync_model_to_rollout=29.…│
│actor/run_training=40.752              │cal_adv_and_returns=0.078              │env/compute_bootstrap_rewards=9.49e-04│
│env/env/bootstrap_step=34.715          │env/env/send_obs=0.958                 │env/env/send_rollout_trajectories=0.7…│
│env/env_interact_step=15.181           │env/interact=76.686                    │env/recv_rollout_results=26.927       │
│env/run_interact_once=76.686           │generate_rollouts=90.137               │rollout/generate_one_epoch=69.592     │
│rollout/predict=25.825                 │rollout/rollout/generate=90.053        │rollout/rollout/recv_obs=45.884       │
│rollout/rollout/send_traj=0.015        │step=160.2                             │sync_weights=29.239                   │
│                                                                                                                      │
├──────────────────────────────────────────────────── Environment ─────────────────────────────────────────────────────┤
│                                                                                                                      │
│episode_len=120.0                      │num_trajectories=64                    │return=0.171875                       │
│reward=0.0017606658                    │success_once=0.171875                  │                                      │
│                                                                                                                      │
├────────────────────────────────────────────────────── Rollout ───────────────────────────────────────────────────────┤
│                                                                                                                      │
│advantages_max=2.475                   │advantages_mean=-0.050                 │advantages_min=-0.725                 │
│rewards=0.0022                         │                                       │                                      │
│                                                                                                                      │
├─────────────────────────────────────────────────── Training/Actor ───────────────────────────────────────────────────┤
│                                                                                                                      │
│actor/approx_kl=0.545                  │actor/clip_fraction=0.409              │actor/clipped_ratio=0.936             │
│actor/dual_cliped_ratio=0.0000         │actor/entropy_loss=0.0000              │actor/grad_norm=24.380                │
│actor/lr=3.00e-05                      │actor/policy_loss=0.068                │actor/policy_loss_abs=0.456           │
│actor/ratio=0.938                      │actor/ratio_abs=0.447                  │actor/total_loss=0.034                │
│                                                                                                                      │
╰──────────────────────────────────────────────────────────────────────────────────────────────────────────────────────╯


╭──────────────────────────────────────────────────────────────────────────────────────────────────────────────────────╮
├──────────────────────────────────────────────────── Metric Table ────────────────────────────────────────────────────┤
│ Global Step:    2/50 │ Progress: █░░░░░░░░░░░░░░░░░░░░░░░░░░░░░░░░░░░░░░░ │   4.0%                                   │
│ Elapsed: 05:31 │ ETA: 02:12:26 │ Step Time: 165.548s                                                                 │
├──────────────────────────────────────────────────────── Time ────────────────────────────────────────────────────────┤
│                                                                                                                      │
│actor/actor/compute_adv=0.041          │actor/actor/recv_traj=78.414           │actor/actor/sync_model_to_rollout=24.…│
│actor/run_training=39.656              │cal_adv_and_returns=0.044              │env/compute_bootstrap_rewards=0.0010  │
│env/env/bootstrap_step=37.071          │env/env/send_obs=0.313                 │env/env/send_rollout_trajectories=0.7…│
│env/env_interact_step=15.231           │env/interact=77.796                    │env/recv_rollout_results=26.967       │
│env/run_interact_once=77.796           │generate_rollouts=90.723               │rollout/generate_one_epoch=70.294     │
│rollout/predict=25.906                 │rollout/rollout/generate=90.666        │rollout/rollout/recv_obs=46.658       │
│rollout/rollout/send_traj=0.011        │step=170.8                             │sync_weights=40.416                   │
│                                                                                                                      │
├──────────────────────────────────────────────────── Environment ─────────────────────────────────────────────────────┤
│                                                                                                                      │
│episode_len=120.0                      │num_trajectories=64                    │return=0.421875                       │
│reward=0.004564431                     │success_once=0.421875                  │                                      │
│                                                                                                                      │
├────────────────────────────────────────────────────── Rollout ───────────────────────────────────────────────────────┤
│                                                                                                                      │
│advantages_max=1.620                   │advantages_mean=-0.085                 │advantages_min=-2.475                 │
│rewards=0.0052                         │                                       │                                      │
│                                                                                                                      │
├─────────────────────────────────────────────────── Training/Actor ───────────────────────────────────────────────────┤
│                                                                                                                      │
│actor/approx_kl=0.215                  │actor/clip_fraction=0.240              │actor/clipped_ratio=0.959             │
│actor/dual_cliped_ratio=0.0000         │actor/entropy_loss=0.0000              │actor/grad_norm=44.815                │
│actor/lr=3.00e-05                      │actor/policy_loss=0.063                │actor/policy_loss_abs=0.607           │
│actor/ratio=0.994                      │actor/ratio_abs=0.364                  │actor/total_loss=0.032                │
│                                                                                                                      │
╰──────────────────────────────────────────────────────────────────────────────────────────────────────────────────────╯


╭──────────────────────────────────────────────────────────────────────────────────────────────────────────────────────╮
├──────────────────────────────────────────────────── Metric Table ────────────────────────────────────────────────────┤
│ Global Step:    3/50 │ Progress: ██░░░░░░░░░░░░░░░░░░░░░░░░░░░░░░░░░░░░░░ │   6.0%                                   │
│ Elapsed: 07:59 │ ETA: 02:05:07 │ Step Time: 159.734s                                                                 │
├──────────────────────────────────────────────────────── Time ────────────────────────────────────────────────────────┤
│                                                                                                                      │
│actor/actor/compute_adv=0.043          │actor/actor/recv_traj=78.807           │actor/actor/sync_model_to_rollout=10.…│
│actor/run_training=40.730              │cal_adv_and_returns=0.046              │env/compute_bootstrap_rewards=8.27e-04│
│env/env/bootstrap_step=37.367          │env/env/send_obs=0.260                 │env/env/send_rollout_trajectories=0.8…│
│env/env_interact_step=15.648           │env/interact=78.212                    │env/recv_rollout_results=26.666       │
│env/run_interact_once=78.212           │generate_rollouts=90.771               │rollout/generate_one_epoch=73.332     │
│rollout/predict=25.716                 │rollout/rollout/generate=90.715        │rollout/rollout/recv_obs=49.240       │
│rollout/rollout/send_traj=0.012        │step=148.1                             │sync_weights=16.527                   │
│                                                                                                                      │
├──────────────────────────────────────────────────── Environment ─────────────────────────────────────────────────────┤
│                                                                                                                      │
│episode_len=120.0                      │num_trajectories=64                    │return=0.203125                       │
│reward=0.0022419891                    │success_once=0.203125                  │                                      │
│                                                                                                                      │
├────────────────────────────────────────────────────── Rollout ───────────────────────────────────────────────────────┤
│                                                                                                                      │
│advantages_max=2.475                   │advantages_mean=-0.024                 │advantages_min=-0.540                 │
│rewards=0.0014                         │                                       │                                      │
│                                                                                                                      │
├─────────────────────────────────────────────────── Training/Actor ───────────────────────────────────────────────────┤
│                                                                                                                      │
│actor/approx_kl=0.094                  │actor/clip_fraction=0.209              │actor/clipped_ratio=0.733             │
│actor/dual_cliped_ratio=0.0000         │actor/entropy_loss=0.0000              │actor/grad_norm=19.023                │
│actor/lr=3.00e-05                      │actor/policy_loss=0.024                │actor/policy_loss_abs=0.252           │
│actor/ratio=0.750                      │actor/ratio_abs=0.233                  │actor/total_loss=0.012                │
│                                                                                                                      │
╰──────────────────────────────────────────────────────────────────────────────────────────────────────────────────────╯


╭──────────────────────────────────────────────────────────────────────────────────────────────────────────────────────╮
├──────────────────────────────────────────────────── Metric Table ────────────────────────────────────────────────────┤
│ Global Step:    4/50 │ Progress: ███░░░░░░░░░░░░░░░░░░░░░░░░░░░░░░░░░░░░░ │   8.0%                                   │
│ Elapsed: 10:19 │ ETA: 01:58:48 │ Step Time: 154.966s                                                                 │
├──────────────────────────────────────────────────────── Time ────────────────────────────────────────────────────────┤
│                                                                                                                      │
│actor/actor/compute_adv=0.045          │actor/actor/recv_traj=76.045           │actor/actor/sync_model_to_rollout=7.3…│
│actor/run_training=40.041              │cal_adv_and_returns=0.049              │env/compute_bootstrap_rewards=7.97e-04│
│env/env/bootstrap_step=34.780          │env/env/send_obs=0.273                 │env/env/send_rollout_trajectories=0.5…│
│env/env_interact_step=15.303           │env/interact=75.427                    │env/recv_rollout_results=27.355       │
│env/run_interact_once=75.427           │generate_rollouts=89.031               │rollout/generate_one_epoch=67.952     │
│rollout/predict=26.430                 │rollout/rollout/generate=88.979        │rollout/rollout/recv_obs=43.777       │
│rollout/rollout/send_traj=0.012        │step=140.6                             │sync_weights=11.501                   │
│                                                                                                                      │
├──────────────────────────────────────────────────── Environment ─────────────────────────────────────────────────────┤
│                                                                                                                      │
│episode_len=120.0                      │num_trajectories=64                    │return=0.234375                       │
│reward=0.0023024818                    │success_once=0.234375                  │                                      │
│                                                                                                                      │
├────────────────────────────────────────────────────── Rollout ───────────────────────────────────────────────────────┤
│                                                                                                                      │
│advantages_max=2.475                   │advantages_mean=-0.038                 │advantages_min=-1.620                 │
│rewards=0.0025                         │                                       │                                      │
│                                                                                                                      │
├─────────────────────────────────────────────────── Training/Actor ───────────────────────────────────────────────────┤
│                                                                                                                      │
│actor/approx_kl=0.117                  │actor/clip_fraction=0.280              │actor/clipped_ratio=0.973             │
│actor/dual_cliped_ratio=0.0000         │actor/entropy_loss=0.0000              │actor/grad_norm=46.408                │
│actor/lr=3.00e-05                      │actor/policy_loss=0.048                │actor/policy_loss_abs=0.570           │
│actor/ratio=1.005                      │actor/ratio_abs=0.325                  │actor/total_loss=0.024                │
│                                                                                                                      │
╰──────────────────────────────────────────────────────────────────────────────────────────────────────────────────────╯


╭──────────────────────────────────────────────────────────────────────────────────────────────────────────────────────╮
├──────────────────────────────────────────────────── Metric Table ────────────────────────────────────────────────────┤
│ Global Step:    5/50 │ Progress: ████░░░░░░░░░░░░░░░░░░░░░░░░░░░░░░░░░░░░ │  10.0%                                   │
│ Elapsed: 12:40 │ ETA: 01:54:03 │ Step Time: 152.068s                                                                 │
├──────────────────────────────────────────────────────── Time ────────────────────────────────────────────────────────┤
│                                                                                                                      │
│actor/actor/compute_adv=0.040          │actor/actor/recv_traj=76.083           │actor/actor/sync_model_to_rollout=6.7…│
│actor/run_training=40.751              │cal_adv_and_returns=0.044              │env/compute_bootstrap_rewards=7.49e-04│
│env/env/bootstrap_step=34.707          │env/env/send_obs=0.297                 │env/env/send_rollout_trajectories=0.6…│
│env/env_interact_step=15.830           │env/interact=75.501                    │env/recv_rollout_results=25.097       │
│env/run_interact_once=75.501           │generate_rollouts=87.799               │rollout/generate_one_epoch=68.972     │
│rollout/predict=24.184                 │rollout/rollout/generate=87.725        │rollout/rollout/recv_obs=45.880       │
│rollout/rollout/send_traj=0.0100       │step=140.5                             │sync_weights=11.857                   │
│                                                                                                                      │
├──────────────────────────────────────────────────── Environment ─────────────────────────────────────────────────────┤
│                                                                                                                      │
│episode_len=120.0                      │num_trajectories=64                    │return=0.3125                         │
│reward=0.0031496803                    │success_once=0.3125                    │                                      │
│                                                                                                                      │
├────────────────────────────────────────────────────── Rollout ───────────────────────────────────────────────────────┤
│                                                                                                                      │
│advantages_max=1.620                   │advantages_mean=-0.041                 │advantages_min=-1.208                 │
│rewards=0.0045                         │                                       │                                      │
│                                                                                                                      │
├─────────────────────────────────────────────────── Training/Actor ───────────────────────────────────────────────────┤
│                                                                                                                      │
│actor/approx_kl=0.203                  │actor/clip_fraction=0.327              │actor/clipped_ratio=0.959             │
│actor/dual_cliped_ratio=0.0000         │actor/entropy_loss=0.0000              │actor/grad_norm=31.825                │
│actor/lr=3.00e-05                      │actor/policy_loss=0.031                │actor/policy_loss_abs=0.451           │
│actor/ratio=0.964                      │actor/ratio_abs=0.348                  │actor/total_loss=0.016                │
│                                                                                                                      │
╰──────────────────────────────────────────────────────────────────────────────────────────────────────────────────────╯


╭──────────────────────────────────────────────────────────────────────────────────────────────────────────────────────╮
├──────────────────────────────────────────────────── Metric Table ────────────────────────────────────────────────────┤
│ Global Step:    6/50 │ Progress: ████░░░░░░░░░░░░░░░░░░░░░░░░░░░░░░░░░░░░ │  12.0%                                   │
│ Elapsed: 14:59 │ ETA: 01:49:53 │ Step Time: 149.848s                                                                 │
├──────────────────────────────────────────────────────── Time ────────────────────────────────────────────────────────┤
│                                                                                                                      │
│actor/actor/compute_adv=0.044          │actor/actor/recv_traj=76.081           │actor/actor/sync_model_to_rollout=5.8…│
│actor/run_training=39.860              │cal_adv_and_returns=0.048              │env/compute_bootstrap_rewards=8.30e-04│
│env/env/bootstrap_step=35.294          │env/env/send_obs=0.259                 │env/env/send_rollout_trajectories=0.8…│
│env/env_interact_step=15.241           │env/interact=75.511                    │env/recv_rollout_results=26.740       │
│env/run_interact_once=75.511           │generate_rollouts=88.141               │rollout/generate_one_epoch=68.781     │
│rollout/predict=25.661                 │rollout/rollout/generate=88.085        │rollout/rollout/recv_obs=44.931       │
│rollout/rollout/send_traj=0.016        │step=138.7                             │sync_weights=10.666                   │
│                                                                                                                      │
├──────────────────────────────────────────────────── Environment ─────────────────────────────────────────────────────┤
│                                                                                                                      │
│episode_len=120.0                      │num_trajectories=64                    │return=0.359375                       │
│reward=0.0036456839                    │success_once=0.359375                  │                                      │
│                                                                                                                      │
├────────────────────────────────────────────────────── Rollout ───────────────────────────────────────────────────────┤
│                                                                                                                      │
│advantages_max=1.620                   │advantages_mean=-0.037                 │advantages_min=-1.620                 │
│rewards=0.0049                         │                                       │                                      │
│                                                                                                                      │
├─────────────────────────────────────────────────── Training/Actor ───────────────────────────────────────────────────┤
│                                                                                                                      │
│actor/approx_kl=0.120                  │actor/clip_fraction=0.228              │actor/clipped_ratio=0.731             │
│actor/dual_cliped_ratio=0.0000         │actor/entropy_loss=0.0000              │actor/grad_norm=59.553                │
│actor/lr=3.00e-05                      │actor/policy_loss=0.048                │actor/policy_loss_abs=0.451           │
│actor/ratio=0.755                      │actor/ratio_abs=0.253                  │actor/total_loss=0.024                │
│                                                                                                                      │
╰──────────────────────────────────────────────────────────────────────────────────────────────────────────────────────╯


╭──────────────────────────────────────────────────────────────────────────────────────────────────────────────────────╮
├──────────────────────────────────────────────────── Metric Table ────────────────────────────────────────────────────┤
│ Global Step:    7/50 │ Progress: █████░░░░░░░░░░░░░░░░░░░░░░░░░░░░░░░░░░░ │  14.0%                                   │
│ Elapsed: 17:19 │ ETA: 01:46:25 │ Step Time: 148.511s                                                                 │
├──────────────────────────────────────────────────────── Time ────────────────────────────────────────────────────────┤
│                                                                                                                      │
│actor/actor/compute_adv=0.047          │actor/actor/recv_traj=77.750           │actor/actor/sync_model_to_rollout=6.3…│
│actor/run_training=40.234              │cal_adv_and_returns=0.050              │env/compute_bootstrap_rewards=8.51e-04│
│env/env/bootstrap_step=36.204          │env/env/send_obs=0.285                 │env/env/send_rollout_trajectories=0.7…│
│env/env_interact_step=15.406           │env/interact=77.110                    │env/recv_rollout_results=27.901       │
│env/run_interact_once=77.110           │generate_rollouts=88.939               │rollout/generate_one_epoch=70.176     │
│rollout/predict=26.786                 │rollout/rollout/generate=88.890        │rollout/rollout/recv_obs=46.123       │
│rollout/rollout/send_traj=0.018        │step=140.5                             │sync_weights=11.233                   │
│                                                                                                                      │
├──────────────────────────────────────────────────── Environment ─────────────────────────────────────────────────────┤
│                                                                                                                      │
│episode_len=120.0                      │num_trajectories=64                    │return=0.6875                         │
│reward=0.00719884                      │success_once=0.6875                    │                                      │
│                                                                                                                      │
├────────────────────────────────────────────────────── Rollout ───────────────────────────────────────────────────────┤
│                                                                                                                      │
│advantages_max=0.935                   │advantages_mean=-0.054                 │advantages_min=-2.475                 │
│rewards=0.0064                         │                                       │                                      │
│                                                                                                                      │
├─────────────────────────────────────────────────── Training/Actor ───────────────────────────────────────────────────┤
│                                                                                                                      │
│actor/approx_kl=0.165                  │actor/clip_fraction=0.274              │actor/clipped_ratio=0.952             │
│actor/dual_cliped_ratio=0.0000         │actor/entropy_loss=0.0000              │actor/grad_norm=41.764                │
│actor/lr=3.00e-05                      │actor/policy_loss=0.040                │actor/policy_loss_abs=0.600           │
│actor/ratio=0.968                      │actor/ratio_abs=0.342                  │actor/total_loss=0.020                │
│                                                                                                                      │
╰──────────────────────────────────────────────────────────────────────────────────────────────────────────────────────╯


╭──────────────────────────────────────────────────────────────────────────────────────────────────────────────────────╮
├──────────────────────────────────────────────────── Metric Table ────────────────────────────────────────────────────┤
│ Global Step:    8/50 │ Progress: ██████░░░░░░░░░░░░░░░░░░░░░░░░░░░░░░░░░░ │  16.0%                                   │
│ Elapsed: 19:38 │ ETA: 01:43:07 │ Step Time: 147.329s                                                                 │
├──────────────────────────────────────────────────────── Time ────────────────────────────────────────────────────────┤
│                                                                                                                      │
│actor/actor/compute_adv=0.039          │actor/actor/recv_traj=74.940           │actor/actor/sync_model_to_rollout=6.5…│
│actor/run_training=39.846              │cal_adv_and_returns=0.041              │env/compute_bootstrap_rewards=8.50e-04│
│env/env/bootstrap_step=34.178          │env/env/send_obs=0.282                 │env/env/send_rollout_trajectories=0.7…│
│env/env_interact_step=15.326           │env/interact=74.273                    │env/recv_rollout_results=27.854       │
│env/run_interact_once=74.273           │generate_rollouts=87.293               │rollout/generate_one_epoch=68.856     │
│rollout/predict=26.837                 │rollout/rollout/generate=87.248        │rollout/rollout/recv_obs=45.733       │
│rollout/rollout/send_traj=0.012        │step=139.0                             │sync_weights=11.847                   │
│                                                                                                                      │
├──────────────────────────────────────────────────── Environment ─────────────────────────────────────────────────────┤
│                                                                                                                      │
│episode_len=120.0                      │num_trajectories=64                    │return=0.21875                        │
│reward=0.0021060992                    │success_once=0.21875                   │                                      │
│                                                                                                                      │
├────────────────────────────────────────────────────── Rollout ───────────────────────────────────────────────────────┤
│                                                                                                                      │
│advantages_max=2.475                   │advantages_mean=-0.034                 │advantages_min=-1.208                 │
│rewards=0.0026                         │                                       │                                      │
│                                                                                                                      │
├─────────────────────────────────────────────────── Training/Actor ───────────────────────────────────────────────────┤
│                                                                                                                      │
│actor/approx_kl=0.097                  │actor/clip_fraction=0.216              │actor/clipped_ratio=0.723             │
│actor/dual_cliped_ratio=0.0000         │actor/entropy_loss=0.0000              │actor/grad_norm=35.791                │
│actor/lr=3.00e-05                      │actor/policy_loss=0.020                │actor/policy_loss_abs=0.489           │
│actor/ratio=0.724                      │actor/ratio_abs=0.214                  │actor/total_loss=0.010                │
│                                                                                                                      │
╰──────────────────────────────────────────────────────────────────────────────────────────────────────────────────────╯


╭──────────────────────────────────────────────────────────────────────────────────────────────────────────────────────╮
├──────────────────────────────────────────────────── Metric Table ────────────────────────────────────────────────────┤
│ Global Step:    9/50 │ Progress: ███████░░░░░░░░░░░░░░░░░░░░░░░░░░░░░░░░░ │  18.0%                                   │
│ Elapsed: 22:01 │ ETA: 01:40:19 │ Step Time: 146.808s                                                                 │
├──────────────────────────────────────────────────────── Time ────────────────────────────────────────────────────────┤
│                                                                                                                      │
│actor/actor/compute_adv=0.043          │actor/actor/recv_traj=77.295           │actor/actor/sync_model_to_rollout=6.2…│
│actor/run_training=40.978              │cal_adv_and_returns=0.045              │env/compute_bootstrap_rewards=8.18e-04│
│env/env/bootstrap_step=35.855          │env/env/send_obs=0.281                 │env/env/send_rollout_trajectories=0.8…│
│env/env_interact_step=15.301           │env/interact=76.689                    │env/recv_rollout_results=26.303       │
│env/run_interact_once=76.689           │generate_rollouts=90.900               │rollout/generate_one_epoch=69.989     │
│rollout/predict=25.383                 │rollout/rollout/generate=90.857        │rollout/rollout/recv_obs=46.180       │
│rollout/rollout/send_traj=0.011        │step=142.6                             │sync_weights=10.691                   │
│                                                                                                                      │
├──────────────────────────────────────────────────── Environment ─────────────────────────────────────────────────────┤
│                                                                                                                      │
│episode_len=120.0                      │num_trajectories=64                    │return=0.3125                         │
│reward=0.0033119218                    │success_once=0.3125                    │                                      │
│                                                                                                                      │
├────────────────────────────────────────────────────── Rollout ───────────────────────────────────────────────────────┤
│                                                                                                                      │
│advantages_max=2.475                   │advantages_mean=-0.032                 │advantages_min=-1.620                 │
│rewards=0.0030                         │                                       │                                      │
│                                                                                                                      │
├─────────────────────────────────────────────────── Training/Actor ───────────────────────────────────────────────────┤
│                                                                                                                      │
│actor/approx_kl=0.059                  │actor/clip_fraction=0.195              │actor/clipped_ratio=0.726             │
│actor/dual_cliped_ratio=0.0000         │actor/entropy_loss=0.0000              │actor/grad_norm=31.370                │
│actor/lr=3.00e-05                      │actor/policy_loss=0.027                │actor/policy_loss_abs=0.371           │
│actor/ratio=0.746                      │actor/ratio_abs=0.213                  │actor/total_loss=0.013                │
│                                                                                                                      │
╰──────────────────────────────────────────────────────────────────────────────────────────────────────────────────────╯


╭──────────────────────────────────────────────────────────────────────────────────────────────────────────────────────╮
├──────────────────────────────────────────────────── Metric Table ────────────────────────────────────────────────────┤
│ Global Step:   10/50 │ Progress: ████████░░░░░░░░░░░░░░░░░░░░░░░░░░░░░░░░ │  20.0%                                   │
│ Elapsed: 24:20 │ ETA: 01:37:20 │ Step Time: 146.007s                                                                 │
├──────────────────────────────────────────────────────── Time ────────────────────────────────────────────────────────┤
│                                                                                                                      │
│actor/actor/compute_adv=0.047          │actor/actor/recv_traj=76.922           │actor/actor/sync_model_to_rollout=6.0…│
│actor/run_training=40.141              │cal_adv_and_returns=0.051              │env/compute_bootstrap_rewards=8.35e-04│
│env/env/bootstrap_step=35.623          │env/env/send_obs=0.287                 │env/env/send_rollout_trajectories=0.7…│
│env/env_interact_step=15.770           │env/interact=76.069                    │env/recv_rollout_results=27.032       │
│env/run_interact_once=76.069           │generate_rollouts=88.674               │rollout/generate_one_epoch=69.769     │
│rollout/predict=26.123                 │rollout/rollout/generate=88.625        │rollout/rollout/recv_obs=46.037       │
│rollout/rollout/send_traj=0.011        │step=138.8                             │sync_weights=9.904                    │
│                                                                                                                      │
├──────────────────────────────────────────────────── Environment ─────────────────────────────────────────────────────┤
│                                                                                                                      │
│episode_len=120.0                      │num_trajectories=64                    │return=0.171875                       │
│reward=0.0016715098                    │success_once=0.171875                  │                                      │
│                                                                                                                      │
├────────────────────────────────────────────────────── Rollout ───────────────────────────────────────────────────────┤
│                                                                                                                      │
│advantages_max=2.475                   │advantages_mean=-0.033                 │advantages_min=-0.935                 │
│rewards=0.0021                         │                                       │                                      │
│                                                                                                                      │
├─────────────────────────────────────────────────── Training/Actor ───────────────────────────────────────────────────┤
│                                                                                                                      │
│actor/approx_kl=0.088                  │actor/clip_fraction=0.273              │actor/clipped_ratio=0.973             │
│actor/dual_cliped_ratio=0.0000         │actor/entropy_loss=0.0000              │actor/grad_norm=35.962                │
│actor/lr=3.00e-05                      │actor/policy_loss=0.025                │actor/policy_loss_abs=0.463           │
│actor/ratio=0.982                      │actor/ratio_abs=0.266                  │actor/total_loss=0.013                │
│                                                                                                                      │
╰──────────────────────────────────────────────────────────────────────────────────────────────────────────────────────╯


╭──────────────────────────────────────────────────────────────────────────────────────────────────────────────────────╮
├──────────────────────────────────────────────────── Metric Table ────────────────────────────────────────────────────┤
│ Global Step:   11/50 │ Progress: ████████░░░░░░░░░░░░░░░░░░░░░░░░░░░░░░░░ │  22.0%                                   │
│ Elapsed: 26:40 │ ETA: 01:34:33 │ Step Time: 145.482s                                                                 │
├──────────────────────────────────────────────────────── Time ────────────────────────────────────────────────────────┤
│                                                                                                                      │
│actor/actor/compute_adv=0.074          │actor/actor/recv_traj=75.970           │actor/actor/sync_model_to_rollout=6.2…│
│actor/run_training=40.383              │cal_adv_and_returns=0.076              │env/compute_bootstrap_rewards=8.36e-04│
│env/env/bootstrap_step=35.509          │env/env/send_obs=0.275                 │env/env/send_rollout_trajectories=0.7…│
│env/env_interact_step=15.076           │env/interact=75.348                    │env/recv_rollout_results=26.696       │
│env/run_interact_once=75.348           │generate_rollouts=88.639               │rollout/generate_one_epoch=70.322     │
│rollout/predict=25.718                 │rollout/rollout/generate=88.566        │rollout/rollout/recv_obs=46.467       │
│rollout/rollout/send_traj=0.012        │step=140.2                             │sync_weights=11.111                   │
│                                                                                                                      │
├──────────────────────────────────────────────────── Environment ─────────────────────────────────────────────────────┤
│                                                                                                                      │
│episode_len=120.0                      │num_trajectories=64                    │return=0.234375                       │
│reward=0.0023391724                    │success_once=0.234375                  │                                      │
│                                                                                                                      │
├────────────────────────────────────────────────────── Rollout ───────────────────────────────────────────────────────┤
│                                                                                                                      │
│advantages_max=2.475                   │advantages_mean=-0.050                 │advantages_min=-1.208                 │
│rewards=0.0033                         │                                       │                                      │
│                                                                                                                      │
├─────────────────────────────────────────────────── Training/Actor ───────────────────────────────────────────────────┤
│                                                                                                                      │
│actor/approx_kl=0.092                  │actor/clip_fraction=0.222              │actor/clipped_ratio=0.729             │
│actor/dual_cliped_ratio=0.0000         │actor/entropy_loss=0.0000              │actor/grad_norm=34.719                │
│actor/lr=3.00e-05                      │actor/policy_loss=0.024                │actor/policy_loss_abs=0.505           │
│actor/ratio=0.721                      │actor/ratio_abs=0.216                  │actor/total_loss=0.012                │
│                                                                                                                      │
╰──────────────────────────────────────────────────────────────────────────────────────────────────────────────────────╯


╭──────────────────────────────────────────────────────────────────────────────────────────────────────────────────────╮
├──────────────────────────────────────────────────── Metric Table ────────────────────────────────────────────────────┤
│ Global Step:   12/50 │ Progress: █████████░░░░░░░░░░░░░░░░░░░░░░░░░░░░░░░ │  24.0%                                   │
│ Elapsed: 29:00 │ ETA: 01:31:50 │ Step Time: 145.018s                                                                 │
├──────────────────────────────────────────────────────── Time ────────────────────────────────────────────────────────┤
│                                                                                                                      │
│actor/actor/compute_adv=0.047          │actor/actor/recv_traj=76.238           │actor/actor/sync_model_to_rollout=7.1…│
│actor/run_training=39.953              │cal_adv_and_returns=0.050              │env/compute_bootstrap_rewards=8.34e-04│
│env/env/bootstrap_step=34.948          │env/env/send_obs=0.240                 │env/env/send_rollout_trajectories=0.8…│
│env/env_interact_step=15.219           │env/interact=75.423                    │env/recv_rollout_results=27.745       │
│env/run_interact_once=75.423           │generate_rollouts=88.321               │rollout/generate_one_epoch=69.818     │
│rollout/predict=26.902                 │rollout/rollout/generate=88.265        │rollout/rollout/recv_obs=46.787       │
│rollout/rollout/send_traj=0.010        │step=139.9                             │sync_weights=11.556                   │
│                                                                                                                      │
├──────────────────────────────────────────────────── Environment ─────────────────────────────────────────────────────┤
│                                                                                                                      │
│episode_len=120.0                      │num_trajectories=64                    │return=0.359375                       │
│reward=0.0035064565                    │success_once=0.359375                  │                                      │
│                                                                                                                      │
├────────────────────────────────────────────────────── Rollout ───────────────────────────────────────────────────────┤
│                                                                                                                      │
│advantages_max=1.620                   │advantages_mean=-0.049                 │advantages_min=-1.620                 │
│rewards=0.0051                         │                                       │                                      │
│                                                                                                                      │
├─────────────────────────────────────────────────── Training/Actor ───────────────────────────────────────────────────┤
│                                                                                                                      │
│actor/approx_kl=0.132                  │actor/clip_fraction=0.263              │actor/clipped_ratio=0.978             │
│actor/dual_cliped_ratio=0.0000         │actor/entropy_loss=0.0000              │actor/grad_norm=117.2                 │
│actor/lr=3.00e-05                      │actor/policy_loss=0.077                │actor/policy_loss_abs=0.591           │
│actor/ratio=1.033                      │actor/ratio_abs=0.350                  │actor/total_loss=0.039                │
│                                                                                                                      │
╰──────────────────────────────────────────────────────────────────────────────────────────────────────────────────────╯


╭──────────────────────────────────────────────────────────────────────────────────────────────────────────────────────╮
├──────────────────────────────────────────────────── Metric Table ────────────────────────────────────────────────────┤
│ Global Step:   13/50 │ Progress: ██████████░░░░░░░░░░░░░░░░░░░░░░░░░░░░░░ │  26.0%                                   │
│ Elapsed: 31:19 │ ETA: 01:29:09 │ Step Time: 144.568s                                                                 │
├──────────────────────────────────────────────────────── Time ────────────────────────────────────────────────────────┤
│                                                                                                                      │
│actor/actor/compute_adv=0.041          │actor/actor/recv_traj=75.799           │actor/actor/sync_model_to_rollout=6.5…│
│actor/run_training=39.170              │cal_adv_and_returns=0.045              │env/compute_bootstrap_rewards=9.41e-04│
│env/env/bootstrap_step=34.060          │env/env/send_obs=0.236                 │env/env/send_rollout_trajectories=0.6…│
│env/env_interact_step=15.283           │env/interact=75.180                    │env/recv_rollout_results=27.407       │
│env/run_interact_once=75.180           │generate_rollouts=87.604               │rollout/generate_one_epoch=68.847     │
│rollout/predict=26.336                 │rollout/rollout/generate=87.571        │rollout/rollout/recv_obs=44.838       │
│rollout/rollout/send_traj=0.011        │step=139.1                             │sync_weights=12.316                   │
│                                                                                                                      │
├──────────────────────────────────────────────────── Environment ─────────────────────────────────────────────────────┤
│                                                                                                                      │
│episode_len=120.0                      │num_trajectories=64                    │return=0.390625                       │
│reward=0.0040768804                    │success_once=0.390625                  │                                      │
│                                                                                                                      │
├────────────────────────────────────────────────────── Rollout ───────────────────────────────────────────────────────┤
│                                                                                                                      │
│advantages_max=2.475                   │advantages_mean=-0.041                 │advantages_min=-2.475                 │
│rewards=0.0045                         │                                       │                                      │
│                                                                                                                      │
├─────────────────────────────────────────────────── Training/Actor ───────────────────────────────────────────────────┤
│                                                                                                                      │
│actor/approx_kl=0.381                  │actor/clip_fraction=0.295              │actor/clipped_ratio=0.953             │
│actor/dual_cliped_ratio=0.0000         │actor/entropy_loss=0.0000              │actor/grad_norm=29.048                │
│actor/lr=3.00e-05                      │actor/policy_loss=0.058                │actor/policy_loss_abs=0.563           │
│actor/ratio=0.992                      │actor/ratio_abs=0.426                  │actor/total_loss=0.029                │
│                                                                                                                      │
╰──────────────────────────────────────────────────────────────────────────────────────────────────────────────────────╯


╭──────────────────────────────────────────────────────────────────────────────────────────────────────────────────────╮
├──────────────────────────────────────────────────── Metric Table ────────────────────────────────────────────────────┤
│ Global Step:   14/50 │ Progress: ███████████░░░░░░░░░░░░░░░░░░░░░░░░░░░░░ │  28.0%                                   │
│ Elapsed: 33:41 │ ETA: 01:26:37 │ Step Time: 144.366s                                                                 │
├──────────────────────────────────────────────────────── Time ────────────────────────────────────────────────────────┤
│                                                                                                                      │
│actor/actor/compute_adv=0.044          │actor/actor/recv_traj=78.258           │actor/actor/sync_model_to_rollout=6.3…│
│actor/run_training=40.156              │cal_adv_and_returns=0.047              │env/compute_bootstrap_rewards=0.0011  │
│env/env/bootstrap_step=37.753          │env/env/send_obs=0.286                 │env/env/send_rollout_trajectories=0.8…│
│env/env_interact_step=15.613           │env/interact=77.654                    │env/recv_rollout_results=26.886       │
│env/run_interact_once=77.654           │generate_rollouts=90.161               │rollout/generate_one_epoch=72.471     │
│rollout/predict=25.877                 │rollout/rollout/generate=90.101        │rollout/rollout/recv_obs=48.951       │
│rollout/rollout/send_traj=0.0100       │step=141.7                             │sync_weights=11.357                   │
│                                                                                                                      │
├──────────────────────────────────────────────────── Environment ─────────────────────────────────────────────────────┤
│                                                                                                                      │
│episode_len=120.0                      │num_trajectories=64                    │return=0.21875                        │
│reward=0.0023929102                    │success_once=0.21875                   │                                      │
│                                                                                                                      │
├────────────────────────────────────────────────────── Rollout ───────────────────────────────────────────────────────┤
│                                                                                                                      │
│advantages_max=2.475                   │advantages_mean=-0.042                 │advantages_min=-1.620                 │
│rewards=0.0051                         │                                       │                                      │
│                                                                                                                      │
├─────────────────────────────────────────────────── Training/Actor ───────────────────────────────────────────────────┤
│                                                                                                                      │
│actor/approx_kl=0.054                  │actor/clip_fraction=0.205              │actor/clipped_ratio=0.720             │
│actor/dual_cliped_ratio=0.0000         │actor/entropy_loss=0.0000              │actor/grad_norm=23.485                │
│actor/lr=3.00e-05                      │actor/policy_loss=0.016                │actor/policy_loss_abs=0.284           │
│actor/ratio=0.752                      │actor/ratio_abs=0.227                  │actor/total_loss=0.0082               │
│                                                                                                                      │
╰──────────────────────────────────────────────────────────────────────────────────────────────────────────────────────╯


╭──────────────────────────────────────────────────────────────────────────────────────────────────────────────────────╮
├──────────────────────────────────────────────────── Metric Table ────────────────────────────────────────────────────┤
│ Global Step:   15/50 │ Progress: ████████████░░░░░░░░░░░░░░░░░░░░░░░░░░░░ │  30.0%                                   │
│ Elapsed: 36:00 │ ETA: 01:24:01 │ Step Time: 144.031s                                                                 │
├──────────────────────────────────────────────────────── Time ────────────────────────────────────────────────────────┤
│                                                                                                                      │
│actor/actor/compute_adv=0.046          │actor/actor/recv_traj=78.052           │actor/actor/sync_model_to_rollout=7.3…│
│actor/run_training=41.046              │cal_adv_and_returns=0.050              │env/compute_bootstrap_rewards=8.65e-04│
│env/env/bootstrap_step=37.117          │env/env/send_obs=0.347                 │env/env/send_rollout_trajectories=0.6…│
│env/env_interact_step=15.300           │env/interact=77.441                    │env/recv_rollout_results=26.934       │
│env/run_interact_once=77.441           │generate_rollouts=89.535               │rollout/generate_one_epoch=69.847     │
│rollout/predict=26.066                 │rollout/rollout/generate=89.480        │rollout/rollout/recv_obs=46.649       │
│rollout/rollout/send_traj=0.014        │step=139.3                             │sync_weights=8.685                    │
│                                                                                                                      │
├──────────────────────────────────────────────────── Environment ─────────────────────────────────────────────────────┤
│                                                                                                                      │
│episode_len=120.0                      │num_trajectories=64                    │return=0.203125                       │
│reward=0.0023070492                    │success_once=0.203125                  │                                      │
│                                                                                                                      │
├────────────────────────────────────────────────────── Rollout ───────────────────────────────────────────────────────┤
│                                                                                                                      │
│advantages_max=2.475                   │advantages_mean=-0.028                 │advantages_min=-0.540                 │
│rewards=0.0016                         │                                       │                                      │
│                                                                                                                      │
├─────────────────────────────────────────────────── Training/Actor ───────────────────────────────────────────────────┤
│                                                                                                                      │
│actor/approx_kl=0.0053                 │actor/clip_fraction=0.118              │actor/clipped_ratio=0.496             │
│actor/dual_cliped_ratio=0.0000         │actor/entropy_loss=0.0000              │actor/grad_norm=22.581                │
│actor/lr=3.00e-05                      │actor/policy_loss=0.012                │actor/policy_loss_abs=0.189           │
│actor/ratio=0.535                      │actor/ratio_abs=0.142                  │actor/total_loss=0.0059               │
│                                                                                                                      │
╰──────────────────────────────────────────────────────────────────────────────────────────────────────────────────────╯


╭──────────────────────────────────────────────────────────────────────────────────────────────────────────────────────╮
├──────────────────────────────────────────────────── Metric Table ────────────────────────────────────────────────────┤
│ Global Step:   16/50 │ Progress: ████████████░░░░░░░░░░░░░░░░░░░░░░░░░░░░ │  32.0%                                   │
│ Elapsed: 38:15 │ ETA: 01:21:17 │ Step Time: 143.442s                                                                 │
├──────────────────────────────────────────────────────── Time ────────────────────────────────────────────────────────┤
│                                                                                                                      │
│actor/actor/compute_adv=0.052          │actor/actor/recv_traj=74.219           │actor/actor/sync_model_to_rollout=5.9…│
│actor/run_training=39.086              │cal_adv_and_returns=0.056              │env/compute_bootstrap_rewards=7.87e-04│
│env/env/bootstrap_step=32.379          │env/env/send_obs=0.285                 │env/env/send_rollout_trajectories=0.8…│
│env/env_interact_step=15.348           │env/interact=73.618                    │env/recv_rollout_results=26.066       │
│env/run_interact_once=73.618           │generate_rollouts=87.468               │rollout/generate_one_epoch=67.577     │
│rollout/predict=25.117                 │rollout/rollout/generate=87.390        │rollout/rollout/recv_obs=43.636       │
│rollout/rollout/send_traj=0.012        │step=134.6                             │sync_weights=7.977                    │
│                                                                                                                      │
├──────────────────────────────────────────────────── Environment ─────────────────────────────────────────────────────┤
│                                                                                                                      │
│episode_len=120.0                      │num_trajectories=64                    │return=0.421875                       │
│reward=0.004649083                     │success_once=0.421875                  │                                      │
│                                                                                                                      │
├────────────────────────────────────────────────────── Rollout ───────────────────────────────────────────────────────┤
│                                                                                                                      │
│advantages_max=1.208                   │advantages_mean=-0.082                 │advantages_min=-2.475                 │
│rewards=0.0061                         │                                       │                                      │
│                                                                                                                      │
├─────────────────────────────────────────────────── Training/Actor ───────────────────────────────────────────────────┤
│                                                                                                                      │
│actor/approx_kl=0.126                  │actor/clip_fraction=0.251              │actor/clipped_ratio=0.963             │
│actor/dual_cliped_ratio=0.0000         │actor/entropy_loss=0.0000              │actor/grad_norm=36.826                │
│actor/lr=3.00e-05                      │actor/policy_loss=0.026                │actor/policy_loss_abs=0.499           │
│actor/ratio=0.972                      │actor/ratio_abs=0.311                  │actor/total_loss=0.013                │
│                                                                                                                      │
╰──────────────────────────────────────────────────────────────────────────────────────────────────────────────────────╯


╭──────────────────────────────────────────────────────────────────────────────────────────────────────────────────────╮
├──────────────────────────────────────────────────── Metric Table ────────────────────────────────────────────────────┤
│ Global Step:   17/50 │ Progress: █████████████░░░░░░░░░░░░░░░░░░░░░░░░░░░ │  34.0%                                   │
│ Elapsed: 40:33 │ ETA: 01:18:42 │ Step Time: 143.120s                                                                 │
├──────────────────────────────────────────────────────── Time ────────────────────────────────────────────────────────┤
│                                                                                                                      │
│actor/actor/compute_adv=0.040          │actor/actor/recv_traj=77.239           │actor/actor/sync_model_to_rollout=6.7…│
│actor/run_training=39.518              │cal_adv_and_returns=0.044              │env/compute_bootstrap_rewards=8.21e-04│
│env/env/bootstrap_step=36.770          │env/env/send_obs=0.255                 │env/env/send_rollout_trajectories=0.6…│
│env/env_interact_step=15.581           │env/interact=76.656                    │env/recv_rollout_results=27.426       │
│env/run_interact_once=76.656           │generate_rollouts=88.809               │rollout/generate_one_epoch=70.011     │
│rollout/predict=26.645                 │rollout/rollout/generate=88.763        │rollout/rollout/recv_obs=47.252       │
│rollout/rollout/send_traj=0.014        │step=137.9                             │sync_weights=9.574                    │
│                                                                                                                      │
├──────────────────────────────────────────────────── Environment ─────────────────────────────────────────────────────┤
│                                                                                                                      │
│episode_len=120.0                      │num_trajectories=64                    │return=0.328125                       │
│reward=0.0036063048                    │success_once=0.328125                  │                                      │
│                                                                                                                      │
├────────────────────────────────────────────────────── Rollout ───────────────────────────────────────────────────────┤
│                                                                                                                      │
│advantages_max=2.475                   │advantages_mean=-0.038                 │advantages_min=-2.475                 │
│rewards=0.0036                         │                                       │                                      │
│                                                                                                                      │
├─────────────────────────────────────────────────── Training/Actor ───────────────────────────────────────────────────┤
│                                                                                                                      │
│actor/approx_kl=0.065                  │actor/clip_fraction=0.252              │actor/clipped_ratio=0.969             │
│actor/dual_cliped_ratio=0.0000         │actor/entropy_loss=0.0000              │actor/grad_norm=31.939                │
│actor/lr=3.00e-05                      │actor/policy_loss=0.036                │actor/policy_loss_abs=0.341           │
│actor/ratio=1.002                      │actor/ratio_abs=0.289                  │actor/total_loss=0.018                │
│                                                                                                                      │
╰──────────────────────────────────────────────────────────────────────────────────────────────────────────────────────╯


╭──────────────────────────────────────────────────────────────────────────────────────────────────────────────────────╮
├──────────────────────────────────────────────────── Metric Table ────────────────────────────────────────────────────┤
│ Global Step:   18/50 │ Progress: ██████████████░░░░░░░░░░░░░░░░░░░░░░░░░░ │  36.0%                                   │
│ Elapsed: 42:53 │ ETA: 01:16:15 │ Step Time: 142.972s                                                                 │
├──────────────────────────────────────────────────────── Time ────────────────────────────────────────────────────────┤
│                                                                                                                      │
│actor/actor/compute_adv=0.043          │actor/actor/recv_traj=78.068           │actor/actor/sync_model_to_rollout=5.9…│
│actor/run_training=39.087              │cal_adv_and_returns=0.047              │env/compute_bootstrap_rewards=7.85e-04│
│env/env/bootstrap_step=36.725          │env/env/send_obs=0.281                 │env/env/send_rollout_trajectories=0.6…│
│env/env_interact_step=15.606           │env/interact=77.441                    │env/recv_rollout_results=26.883       │
│env/run_interact_once=77.441           │generate_rollouts=91.455               │rollout/generate_one_epoch=72.391     │
│rollout/predict=25.964                 │rollout/rollout/generate=91.408        │rollout/rollout/recv_obs=49.265       │
│rollout/rollout/send_traj=0.011        │step=140.4                             │sync_weights=9.836                    │
│                                                                                                                      │
├──────────────────────────────────────────────────── Environment ─────────────────────────────────────────────────────┤
│                                                                                                                      │
│episode_len=120.0                      │num_trajectories=64                    │return=0.578125                       │
│reward=0.0060506267                    │success_once=0.578125                  │                                      │
│                                                                                                                      │
├────────────────────────────────────────────────────── Rollout ───────────────────────────────────────────────────────┤
│                                                                                                                      │
│advantages_max=2.475                   │advantages_mean=-0.051                 │advantages_min=-2.475                 │
│rewards=0.0050                         │                                       │                                      │
│                                                                                                                      │
├─────────────────────────────────────────────────── Training/Actor ───────────────────────────────────────────────────┤
│                                                                                                                      │
│actor/approx_kl=0.098                  │actor/clip_fraction=0.306              │actor/clipped_ratio=0.969             │
│actor/dual_cliped_ratio=0.0000         │actor/entropy_loss=0.0000              │actor/grad_norm=32.796                │
│actor/lr=3.00e-05                      │actor/policy_loss=0.035                │actor/policy_loss_abs=0.775           │
│actor/ratio=0.991                      │actor/ratio_abs=0.306                  │actor/total_loss=0.018                │
│                                                                                                                      │
╰──────────────────────────────────────────────────────────────────────────────────────────────────────────────────────╯


╭──────────────────────────────────────────────────────────────────────────────────────────────────────────────────────╮
├──────────────────────────────────────────────────── Metric Table ────────────────────────────────────────────────────┤
│ Global Step:   19/50 │ Progress: ███████████████░░░░░░░░░░░░░░░░░░░░░░░░░ │  38.0%                                   │
│ Elapsed: 45:15 │ ETA: 01:13:51 │ Step Time: 142.946s                                                                 │
├──────────────────────────────────────────────────────── Time ────────────────────────────────────────────────────────┤
│                                                                                                                      │
│actor/actor/compute_adv=0.042          │actor/actor/recv_traj=79.859           │actor/actor/sync_model_to_rollout=6.5…│
│actor/run_training=40.480              │cal_adv_and_returns=0.045              │env/compute_bootstrap_rewards=8.72e-04│
│env/env/bootstrap_step=37.642          │env/env/send_obs=0.276                 │env/env/send_rollout_trajectories=0.6…│
│env/env_interact_step=16.804           │env/interact=79.187                    │env/recv_rollout_results=26.324       │
│env/run_interact_once=79.187           │generate_rollouts=91.445               │rollout/generate_one_epoch=71.805     │
│rollout/predict=25.380                 │rollout/rollout/generate=91.405        │rollout/rollout/recv_obs=48.354       │
│rollout/rollout/send_traj=0.011        │step=142.5                             │sync_weights=10.499                   │
│                                                                                                                      │
├──────────────────────────────────────────────────── Environment ─────────────────────────────────────────────────────┤
│                                                                                                                      │
│episode_len=120.0                      │num_trajectories=64                    │return=0.15625                        │
│reward=0.0016626753                    │success_once=0.15625                   │                                      │
│                                                                                                                      │
├────────────────────────────────────────────────────── Rollout ───────────────────────────────────────────────────────┤
│                                                                                                                      │
│advantages_max=2.475                   │advantages_mean=-0.062                 │advantages_min=-0.935                 │
│rewards=0.0025                         │                                       │                                      │
│                                                                                                                      │
├─────────────────────────────────────────────────── Training/Actor ───────────────────────────────────────────────────┤
│                                                                                                                      │
│actor/approx_kl=0.082                  │actor/clip_fraction=0.141              │actor/clipped_ratio=0.482             │
│actor/dual_cliped_ratio=0.0000         │actor/entropy_loss=0.0000              │actor/grad_norm=30.177                │
│actor/lr=3.00e-05                      │actor/policy_loss=0.030                │actor/policy_loss_abs=0.384           │
│actor/ratio=0.476                      │actor/ratio_abs=0.151                  │actor/total_loss=0.015                │
│                                                                                                                      │
╰──────────────────────────────────────────────────────────────────────────────────────────────────────────────────────╯


╭──────────────────────────────────────────────────────────────────────────────────────────────────────────────────────╮
├──────────────────────────────────────────────────── Metric Table ────────────────────────────────────────────────────┤
│ Global Step:   20/50 │ Progress: ████████████████░░░░░░░░░░░░░░░░░░░░░░░░ │  40.0%                                   │
│ Elapsed: 47:38 │ ETA: 01:11:27 │ Step Time: 142.920s                                                                 │
├──────────────────────────────────────────────────────── Time ────────────────────────────────────────────────────────┤
│                                                                                                                      │
│actor/actor/compute_adv=0.047          │actor/actor/recv_traj=78.285           │actor/actor/sync_model_to_rollout=6.1…│
│actor/run_training=40.629              │cal_adv_and_returns=0.050              │env/compute_bootstrap_rewards=9.84e-04│
│env/env/bootstrap_step=36.424          │env/env/send_obs=0.248                 │env/env/send_rollout_trajectories=0.7…│
│env/env_interact_step=15.668           │env/interact=77.673                    │env/recv_rollout_results=27.121       │
│env/run_interact_once=77.673           │generate_rollouts=91.250               │rollout/generate_one_epoch=69.106     │
│rollout/predict=26.207                 │rollout/rollout/generate=91.191        │rollout/rollout/recv_obs=45.307       │
│rollout/rollout/send_traj=0.013        │step=142.4                             │sync_weights=10.456                   │
│                                                                                                                      │
├──────────────────────────────────────────────────── Environment ─────────────────────────────────────────────────────┤
│                                                                                                                      │
│episode_len=120.0                      │num_trajectories=64                    │return=0.546875                       │
│reward=0.0053519034                    │success_once=0.546875                  │                                      │
│                                                                                                                      │
├────────────────────────────────────────────────────── Rollout ───────────────────────────────────────────────────────┤
│                                                                                                                      │
│advantages_max=2.475                   │advantages_mean=-0.028                 │advantages_min=-2.475                 │
│rewards=0.0043                         │                                       │                                      │
│                                                                                                                      │
├─────────────────────────────────────────────────── Training/Actor ───────────────────────────────────────────────────┤
│                                                                                                                      │
│actor/approx_kl=0.279                  │actor/clip_fraction=0.275              │actor/clipped_ratio=0.973             │
│actor/dual_cliped_ratio=0.0000         │actor/entropy_loss=0.0000              │actor/grad_norm=61.657                │
│actor/lr=3.00e-05                      │actor/policy_loss=0.057                │actor/policy_loss_abs=0.773           │
│actor/ratio=1.008                      │actor/ratio_abs=0.353                  │actor/total_loss=0.029                │
│                                                                                                                      │
╰──────────────────────────────────────────────────────────────────────────────────────────────────────────────────────╯


╭──────────────────────────────────────────────────────────────────────────────────────────────────────────────────────╮
├──────────────────────────────────────────────────── Metric Table ────────────────────────────────────────────────────┤
│ Global Step:   21/50 │ Progress: ████████████████░░░░░░░░░░░░░░░░░░░░░░░░ │  42.0%                                   │
│ Elapsed: 50:03 │ ETA: 01:09:08 │ Step Time: 143.037s                                                                 │
├──────────────────────────────────────────────────────── Time ────────────────────────────────────────────────────────┤
│                                                                                                                      │
│actor/actor/compute_adv=0.045          │actor/actor/recv_traj=79.479           │actor/actor/sync_model_to_rollout=6.5…│
│actor/run_training=40.131              │cal_adv_and_returns=0.048              │env/compute_bootstrap_rewards=9.44e-04│
│env/env/bootstrap_step=38.012          │env/env/send_obs=0.296                 │env/env/send_rollout_trajectories=0.7…│
│env/env_interact_step=15.340           │env/interact=78.869                    │env/recv_rollout_results=27.881       │
│env/run_interact_once=78.869           │generate_rollouts=92.904               │rollout/generate_one_epoch=73.662     │
│rollout/predict=26.981                 │rollout/rollout/generate=92.844        │rollout/rollout/recv_obs=49.733       │
│rollout/rollout/send_traj=0.014        │step=145.4                             │sync_weights=12.289                   │
│                                                                                                                      │
├──────────────────────────────────────────────────── Environment ─────────────────────────────────────────────────────┤
│                                                                                                                      │
│episode_len=120.0                      │num_trajectories=64                    │return=0.65625                        │
│reward=0.0069393255                    │success_once=0.65625                   │                                      │
│                                                                                                                      │
├────────────────────────────────────────────────────── Rollout ───────────────────────────────────────────────────────┤
│                                                                                                                      │
│advantages_max=0.935                   │advantages_mean=-0.070                 │advantages_min=-2.475                 │
│rewards=0.0066                         │                                       │                                      │
│                                                                                                                      │
├─────────────────────────────────────────────────── Training/Actor ───────────────────────────────────────────────────┤
│                                                                                                                      │
│actor/approx_kl=0.117                  │actor/clip_fraction=0.249              │actor/clipped_ratio=0.977             │
│actor/dual_cliped_ratio=0.0000         │actor/entropy_loss=0.0000              │actor/grad_norm=43.730                │
│actor/lr=3.00e-05                      │actor/policy_loss=0.064                │actor/policy_loss_abs=0.724           │
│actor/ratio=0.990                      │actor/ratio_abs=0.304                  │actor/total_loss=0.032                │
│                                                                                                                      │
╰──────────────────────────────────────────────────────────────────────────────────────────────────────────────────────╯


╭──────────────────────────────────────────────────────────────────────────────────────────────────────────────────────╮
├──────────────────────────────────────────────────── Metric Table ────────────────────────────────────────────────────┤
│ Global Step:   22/50 │ Progress: █████████████████░░░░░░░░░░░░░░░░░░░░░░░ │  44.0%                                   │
│ Elapsed: 52:23 │ ETA: 01:06:40 │ Step Time: 142.870s                                                                 │
├──────────────────────────────────────────────────────── Time ────────────────────────────────────────────────────────┤
│                                                                                                                      │
│actor/actor/compute_adv=0.045          │actor/actor/recv_traj=75.670           │actor/actor/sync_model_to_rollout=6.2…│
│actor/run_training=39.164              │cal_adv_and_returns=0.048              │env/compute_bootstrap_rewards=7.55e-04│
│env/env/bootstrap_step=35.282          │env/env/send_obs=0.268                 │env/env/send_rollout_trajectories=0.7…│
│env/env_interact_step=15.307           │env/interact=75.086                    │env/recv_rollout_results=26.519       │
│env/run_interact_once=75.086           │generate_rollouts=87.441               │rollout/generate_one_epoch=70.139     │
│rollout/predict=25.631                 │rollout/rollout/generate=87.390        │rollout/rollout/recv_obs=46.757       │
│rollout/rollout/send_traj=0.010        │step=139.3                             │sync_weights=12.678                   │
│                                                                                                                      │
├──────────────────────────────────────────────────── Environment ─────────────────────────────────────────────────────┤
│                                                                                                                      │
│episode_len=120.0                      │num_trajectories=64                    │return=0.4375                         │
│reward=0.00445074                      │success_once=0.4375                    │                                      │
│                                                                                                                      │
├────────────────────────────────────────────────────── Rollout ───────────────────────────────────────────────────────┤
│                                                                                                                      │
│advantages_max=2.475                   │advantages_mean=-0.027                 │advantages_min=-2.475                 │
│rewards=0.0041                         │                                       │                                      │
│                                                                                                                      │
├─────────────────────────────────────────────────── Training/Actor ───────────────────────────────────────────────────┤
│                                                                                                                      │
│actor/approx_kl=0.166                  │actor/clip_fraction=0.276              │actor/clipped_ratio=0.960             │
│actor/dual_cliped_ratio=0.0000         │actor/entropy_loss=0.0000              │actor/grad_norm=49.393                │
│actor/lr=3.00e-05                      │actor/policy_loss=0.049                │actor/policy_loss_abs=0.674           │
│actor/ratio=0.957                      │actor/ratio_abs=0.316                  │actor/total_loss=0.024                │
│                                                                                                                      │
╰──────────────────────────────────────────────────────────────────────────────────────────────────────────────────────╯


╭──────────────────────────────────────────────────────────────────────────────────────────────────────────────────────╮
├──────────────────────────────────────────────────── Metric Table ────────────────────────────────────────────────────┤
│ Global Step:   23/50 │ Progress: ██████████████████░░░░░░░░░░░░░░░░░░░░░░ │  46.0%                                   │
│ Elapsed: 54:43 │ ETA: 01:04:15 │ Step Time: 142.781s                                                                 │
├──────────────────────────────────────────────────────── Time ────────────────────────────────────────────────────────┤
│                                                                                                                      │
│actor/actor/compute_adv=0.044          │actor/actor/recv_traj=78.497           │actor/actor/sync_model_to_rollout=6.1…│
│actor/run_training=39.560              │cal_adv_and_returns=0.048              │env/compute_bootstrap_rewards=8.88e-04│
│env/env/bootstrap_step=37.120          │env/env/send_obs=0.261                 │env/env/send_rollout_trajectories=0.8…│
│env/env_interact_step=15.788           │env/interact=77.896                    │env/recv_rollout_results=26.366       │
│env/run_interact_once=77.896           │generate_rollouts=90.353               │rollout/generate_one_epoch=71.208     │
│rollout/predict=25.402                 │rollout/rollout/generate=90.308        │rollout/rollout/recv_obs=46.982       │
│rollout/rollout/send_traj=0.0100       │step=140.8                             │sync_weights=10.826                   │
│                                                                                                                      │
├──────────────────────────────────────────────────── Environment ─────────────────────────────────────────────────────┤
│                                                                                                                      │
│episode_len=120.0                      │num_trajectories=64                    │return=0.328125                       │
│reward=0.0034704593                    │success_once=0.328125                  │                                      │
│                                                                                                                      │
├────────────────────────────────────────────────────── Rollout ───────────────────────────────────────────────────────┤
│                                                                                                                      │
│advantages_max=0.935                   │advantages_mean=-0.058                 │advantages_min=-1.620                 │
│rewards=0.0058                         │                                       │                                      │
│                                                                                                                      │
├─────────────────────────────────────────────────── Training/Actor ───────────────────────────────────────────────────┤
│                                                                                                                      │
│actor/approx_kl=0.049                  │actor/clip_fraction=0.214              │actor/clipped_ratio=0.747             │
│actor/dual_cliped_ratio=0.0000         │actor/entropy_loss=0.0000              │actor/grad_norm=35.351                │
│actor/lr=3.00e-05                      │actor/policy_loss=0.022                │actor/policy_loss_abs=0.452           │
│actor/ratio=0.765                      │actor/ratio_abs=0.222                  │actor/total_loss=0.011                │
│                                                                                                                      │
╰──────────────────────────────────────────────────────────────────────────────────────────────────────────────────────╯


╭──────────────────────────────────────────────────────────────────────────────────────────────────────────────────────╮
├──────────────────────────────────────────────────── Metric Table ────────────────────────────────────────────────────┤
│ Global Step:   24/50 │ Progress: ███████████████████░░░░░░░░░░░░░░░░░░░░░ │  48.0%                                   │
│ Elapsed: 57:03 │ ETA: 01:01:48 │ Step Time: 142.640s                                                                 │
├──────────────────────────────────────────────────────── Time ────────────────────────────────────────────────────────┤
│                                                                                                                      │
│actor/actor/compute_adv=0.041          │actor/actor/recv_traj=78.262           │actor/actor/sync_model_to_rollout=6.4…│
│actor/run_training=39.892              │cal_adv_and_returns=0.044              │env/compute_bootstrap_rewards=7.79e-04│
│env/env/bootstrap_step=36.056          │env/env/send_obs=0.256                 │env/env/send_rollout_trajectories=0.7…│
│env/env_interact_step=15.799           │env/interact=77.675                    │env/recv_rollout_results=27.213       │
│env/run_interact_once=77.675           │generate_rollouts=89.094               │rollout/generate_one_epoch=72.559     │
│rollout/predict=26.202                 │rollout/rollout/generate=89.036        │rollout/rollout/recv_obs=48.769       │
│rollout/rollout/send_traj=0.015        │step=139.4                             │sync_weights=10.337                   │
│                                                                                                                      │
├──────────────────────────────────────────────────── Environment ─────────────────────────────────────────────────────┤
│                                                                                                                      │
│episode_len=120.0                      │num_trajectories=64                    │return=0.34375                        │
│reward=0.003605845                     │success_once=0.34375                   │                                      │
│                                                                                                                      │
├────────────────────────────────────────────────────── Rollout ───────────────────────────────────────────────────────┤
│                                                                                                                      │
│advantages_max=2.475                   │advantages_mean=-0.033                 │advantages_min=-1.208                 │
│rewards=0.0032                         │                                       │                                      │
│                                                                                                                      │
├─────────────────────────────────────────────────── Training/Actor ───────────────────────────────────────────────────┤
│                                                                                                                      │
│actor/approx_kl=0.076                  │actor/clip_fraction=0.166              │actor/clipped_ratio=0.727             │
│actor/dual_cliped_ratio=0.0000         │actor/entropy_loss=0.0000              │actor/grad_norm=33.413                │
│actor/lr=3.00e-05                      │actor/policy_loss=0.026                │actor/policy_loss_abs=0.414           │
│actor/ratio=0.737                      │actor/ratio_abs=0.201                  │actor/total_loss=0.013                │
│                                                                                                                      │
╰──────────────────────────────────────────────────────────────────────────────────────────────────────────────────────╯


╭──────────────────────────────────────────────────────────────────────────────────────────────────────────────────────╮
├──────────────────────────────────────────────────── Metric Table ────────────────────────────────────────────────────┤
│ Global Step:   25/50 │ Progress: ████████████████████░░░░░░░░░░░░░░░░░░░░ │  50.0%                                   │
│ Elapsed: 59:23 │ ETA: 59:23 │ Step Time: 142.556s                                                                    │
├──────────────────────────────────────────────────────── Time ────────────────────────────────────────────────────────┤
│                                                                                                                      │
│actor/actor/compute_adv=0.045          │actor/actor/recv_traj=78.491           │actor/actor/sync_model_to_rollout=6.2…│
│actor/run_training=40.558              │cal_adv_and_returns=0.048              │env/compute_bootstrap_rewards=8.34e-04│
│env/env/bootstrap_step=38.041          │env/env/send_obs=0.246                 │env/env/send_rollout_trajectories=0.6…│
│env/env_interact_step=15.129           │env/interact=77.858                    │env/recv_rollout_results=27.068       │
│env/run_interact_once=77.858           │generate_rollouts=89.671               │rollout/generate_one_epoch=72.633     │
│rollout/predict=26.249                 │rollout/rollout/generate=89.602        │rollout/rollout/recv_obs=49.571       │
│rollout/rollout/send_traj=0.011        │step=140.5                             │sync_weights=10.246                   │
│                                                                                                                      │
├──────────────────────────────────────────────────── Environment ─────────────────────────────────────────────────────┤
│                                                                                                                      │
│episode_len=120.0                      │num_trajectories=64                    │return=0.234375                       │
│reward=0.0023095636                    │success_once=0.234375                  │                                      │
│                                                                                                                      │
├────────────────────────────────────────────────────── Rollout ───────────────────────────────────────────────────────┤
│                                                                                                                      │
│advantages_max=2.475                   │advantages_mean=-0.047                 │advantages_min=-1.208                 │
│rewards=0.0038                         │                                       │                                      │
│                                                                                                                      │
├─────────────────────────────────────────────────── Training/Actor ───────────────────────────────────────────────────┤
│                                                                                                                      │
│actor/approx_kl=0.098                  │actor/clip_fraction=0.193              │actor/clipped_ratio=0.724             │
│actor/dual_cliped_ratio=0.0000         │actor/entropy_loss=0.0000              │actor/grad_norm=21.438                │
│actor/lr=3.00e-05                      │actor/policy_loss=0.031                │actor/policy_loss_abs=0.409           │
│actor/ratio=0.725                      │actor/ratio_abs=0.212                  │actor/total_loss=0.016                │
│                                                                                                                      │
╰──────────────────────────────────────────────────────────────────────────────────────────────────────────────────────╯


╭──────────────────────────────────────────────────────────────────────────────────────────────────────────────────────╮
├──────────────────────────────────────────────────── Metric Table ────────────────────────────────────────────────────┤
│ Global Step:   26/50 │ Progress: ████████████████████░░░░░░░░░░░░░░░░░░░░ │  52.0%                                   │
│ Elapsed: 01:01:43 │ ETA: 56:58 │ Step Time: 142.435s                                                                 │
├──────────────────────────────────────────────────────── Time ────────────────────────────────────────────────────────┤
│                                                                                                                      │
│actor/actor/compute_adv=0.046          │actor/actor/recv_traj=76.093           │actor/actor/sync_model_to_rollout=6.2…│
│actor/run_training=41.212              │cal_adv_and_returns=0.049              │env/compute_bootstrap_rewards=8.81e-04│
│env/env/bootstrap_step=34.298          │env/env/send_obs=0.325                 │env/env/send_rollout_trajectories=0.6…│
│env/env_interact_step=15.311           │env/interact=75.458                    │env/recv_rollout_results=27.323       │
│env/run_interact_once=75.458           │generate_rollouts=88.979               │rollout/generate_one_epoch=70.232     │
│rollout/predict=26.464                 │rollout/rollout/generate=88.917        │rollout/rollout/recv_obs=46.271       │
│rollout/rollout/send_traj=0.011        │step=139.4                             │sync_weights=9.152                    │
│                                                                                                                      │
├──────────────────────────────────────────────────── Environment ─────────────────────────────────────────────────────┤
│                                                                                                                      │
│episode_len=120.0                      │num_trajectories=64                    │return=0.40625                        │
│reward=0.0038136798                    │success_once=0.40625                   │                                      │
│                                                                                                                      │
├────────────────────────────────────────────────────── Rollout ───────────────────────────────────────────────────────┤
│                                                                                                                      │
│advantages_max=1.208                   │advantages_mean=-0.027                 │advantages_min=-2.475                 │
│rewards=0.0050                         │                                       │                                      │
│                                                                                                                      │
├─────────────────────────────────────────────────── Training/Actor ───────────────────────────────────────────────────┤
│                                                                                                                      │
│actor/approx_kl=0.133                  │actor/clip_fraction=0.246              │actor/clipped_ratio=0.963             │
│actor/dual_cliped_ratio=0.0000         │actor/entropy_loss=0.0000              │actor/grad_norm=34.525                │
│actor/lr=3.00e-05                      │actor/policy_loss=0.025                │actor/policy_loss_abs=0.510           │
│actor/ratio=0.969                      │actor/ratio_abs=0.291                  │actor/total_loss=0.013                │
│                                                                                                                      │
╰──────────────────────────────────────────────────────────────────────────────────────────────────────────────────────╯


╭──────────────────────────────────────────────────────────────────────────────────────────────────────────────────────╮
├──────────────────────────────────────────────────── Metric Table ────────────────────────────────────────────────────┤
│ Global Step:   27/50 │ Progress: █████████████████████░░░░░░░░░░░░░░░░░░░ │  54.0%                                   │
│ Elapsed: 01:04:04 │ ETA: 54:35 │ Step Time: 142.393s                                                                 │
├──────────────────────────────────────────────────────── Time ────────────────────────────────────────────────────────┤
│                                                                                                                      │
│actor/actor/compute_adv=0.044          │actor/actor/recv_traj=78.254           │actor/actor/sync_model_to_rollout=6.3…│
│actor/run_training=39.116              │cal_adv_and_returns=0.047              │env/compute_bootstrap_rewards=8.19e-04│
│env/env/bootstrap_step=36.683          │env/env/send_obs=0.241                 │env/env/send_rollout_trajectories=0.6…│
│env/env_interact_step=15.519           │env/interact=77.693                    │env/recv_rollout_results=27.395       │
│env/run_interact_once=77.693           │generate_rollouts=90.474               │rollout/generate_one_epoch=71.280     │
│rollout/predict=26.617                 │rollout/rollout/generate=90.395        │rollout/rollout/recv_obs=47.846       │
│rollout/rollout/send_traj=0.010        │step=141.3                             │sync_weights=11.640                   │
│                                                                                                                      │
├──────────────────────────────────────────────────── Environment ─────────────────────────────────────────────────────┤
│                                                                                                                      │
│episode_len=120.0                      │num_trajectories=64                    │return=0.59375                        │
│reward=0.0058278353                    │success_once=0.59375                   │                                      │
│                                                                                                                      │
├────────────────────────────────────────────────────── Rollout ───────────────────────────────────────────────────────┤
│                                                                                                                      │
│advantages_max=1.620                   │advantages_mean=-0.044                 │advantages_min=-2.475                 │
│rewards=0.0058                         │                                       │                                      │
│                                                                                                                      │
├─────────────────────────────────────────────────── Training/Actor ───────────────────────────────────────────────────┤
│                                                                                                                      │
│actor/approx_kl=0.491                  │actor/clip_fraction=0.268              │actor/clipped_ratio=0.964             │
│actor/dual_cliped_ratio=0.0000         │actor/entropy_loss=0.0000              │actor/grad_norm=41.476                │
│actor/lr=3.00e-05                      │actor/policy_loss=0.064                │actor/policy_loss_abs=0.719           │
│actor/ratio=0.954                      │actor/ratio_abs=0.336                  │actor/total_loss=0.032                │
│                                                                                                                      │
╰──────────────────────────────────────────────────────────────────────────────────────────────────────────────────────╯


╭──────────────────────────────────────────────────────────────────────────────────────────────────────────────────────╮
├──────────────────────────────────────────────────── Metric Table ────────────────────────────────────────────────────┤
│ Global Step:   28/50 │ Progress: ██████████████████████░░░░░░░░░░░░░░░░░░ │  56.0%                                   │
│ Elapsed: 01:06:34 │ ETA: 52:18 │ Step Time: 142.661s                                                                 │
├──────────────────────────────────────────────────────── Time ────────────────────────────────────────────────────────┤
│                                                                                                                      │
│actor/actor/compute_adv=0.047          │actor/actor/recv_traj=83.733           │actor/actor/sync_model_to_rollout=6.8…│
│actor/run_training=39.033              │cal_adv_and_returns=0.051              │env/compute_bootstrap_rewards=8.15e-04│
│env/env/bootstrap_step=42.336          │env/env/send_obs=0.229                 │env/env/send_rollout_trajectories=0.6…│
│env/env_interact_step=15.069           │env/interact=83.117                    │env/recv_rollout_results=26.668       │
│env/run_interact_once=83.117           │generate_rollouts=98.030               │rollout/generate_one_epoch=77.720     │
│rollout/predict=25.854                 │rollout/rollout/generate=97.953        │rollout/rollout/recv_obs=53.758       │
│rollout/rollout/send_traj=0.010        │step=149.9                             │sync_weights=12.757                   │
│                                                                                                                      │
├──────────────────────────────────────────────────── Environment ─────────────────────────────────────────────────────┤
│                                                                                                                      │
│episode_len=120.0                      │num_trajectories=64                    │return=0.5                            │
│reward=0.005274473                     │success_once=0.5                       │                                      │
│                                                                                                                      │
├────────────────────────────────────────────────────── Rollout ───────────────────────────────────────────────────────┤
│                                                                                                                      │
│advantages_max=2.475                   │advantages_mean=-0.042                 │advantages_min=-2.475                 │
│rewards=0.0050                         │                                       │                                      │
│                                                                                                                      │
├─────────────────────────────────────────────────── Training/Actor ───────────────────────────────────────────────────┤
│                                                                                                                      │
│actor/approx_kl=0.180                  │actor/clip_fraction=0.310              │actor/clipped_ratio=0.976             │
│actor/dual_cliped_ratio=0.0000         │actor/entropy_loss=0.0000              │actor/grad_norm=43.573                │
│actor/lr=3.00e-05                      │actor/policy_loss=0.049                │actor/policy_loss_abs=0.496           │
│actor/ratio=1.028                      │actor/ratio_abs=0.373                  │actor/total_loss=0.024                │
│                                                                                                                      │
╰──────────────────────────────────────────────────────────────────────────────────────────────────────────────────────╯


╭──────────────────────────────────────────────────────────────────────────────────────────────────────────────────────╮
├──────────────────────────────────────────────────── Metric Table ────────────────────────────────────────────────────┤
│ Global Step:   29/50 │ Progress: ███████████████████████░░░░░░░░░░░░░░░░░ │  58.0%                                   │
│ Elapsed: 01:08:57 │ ETA: 49:56 │ Step Time: 142.677s                                                                 │
├──────────────────────────────────────────────────────── Time ────────────────────────────────────────────────────────┤
│                                                                                                                      │
│actor/actor/compute_adv=0.047          │actor/actor/recv_traj=82.285           │actor/actor/sync_model_to_rollout=6.4…│
│actor/run_training=38.804              │cal_adv_and_returns=0.050              │env/compute_bootstrap_rewards=9.19e-04│
│env/env/bootstrap_step=41.683          │env/env/send_obs=0.242                 │env/env/send_rollout_trajectories=0.5…│
│env/env_interact_step=15.337           │env/interact=81.674                    │env/recv_rollout_results=26.146       │
│env/run_interact_once=81.674           │generate_rollouts=93.572               │rollout/generate_one_epoch=76.525     │
│rollout/predict=25.262                 │rollout/rollout/generate=93.499        │rollout/rollout/recv_obs=53.016       │
│rollout/rollout/send_traj=0.012        │step=143.1                             │sync_weights=10.686                   │
│                                                                                                                      │
├──────────────────────────────────────────────────── Environment ─────────────────────────────────────────────────────┤
│                                                                                                                      │
│episode_len=120.0                      │num_trajectories=64                    │return=0.40625                        │
│reward=0.0038043596                    │success_once=0.40625                   │                                      │
│                                                                                                                      │
├────────────────────────────────────────────────────── Rollout ───────────────────────────────────────────────────────┤
│                                                                                                                      │
│advantages_max=1.620                   │advantages_mean=-0.023                 │advantages_min=-1.620                 │
│rewards=0.0045                         │                                       │                                      │
│                                                                                                                      │
├─────────────────────────────────────────────────── Training/Actor ───────────────────────────────────────────────────┤
│                                                                                                                      │
│actor/approx_kl=0.191                  │actor/clip_fraction=0.283              │actor/clipped_ratio=0.955             │
│actor/dual_cliped_ratio=0.0000         │actor/entropy_loss=0.0000              │actor/grad_norm=36.526                │
│actor/lr=3.00e-05                      │actor/policy_loss=0.040                │actor/policy_loss_abs=0.633           │
│actor/ratio=1.007                      │actor/ratio_abs=0.367                  │actor/total_loss=0.020                │
│                                                                                                                      │
╰──────────────────────────────────────────────────────────────────────────────────────────────────────────────────────╯


╭──────────────────────────────────────────────────────────────────────────────────────────────────────────────────────╮
├──────────────────────────────────────────────────── Metric Table ────────────────────────────────────────────────────┤
│ Global Step:   30/50 │ Progress: ████████████████████████░░░░░░░░░░░░░░░░ │  60.0%                                   │
│ Elapsed: 01:11:18 │ ETA: 47:32 │ Step Time: 142.606s                                                                 │
├──────────────────────────────────────────────────────── Time ────────────────────────────────────────────────────────┤
│                                                                                                                      │
│actor/actor/compute_adv=0.042          │actor/actor/recv_traj=77.667           │actor/actor/sync_model_to_rollout=6.3…│
│actor/run_training=39.207              │cal_adv_and_returns=0.046              │env/compute_bootstrap_rewards=8.38e-04│
│env/env/bootstrap_step=35.712          │env/env/send_obs=0.246                 │env/env/send_rollout_trajectories=0.5…│
│env/env_interact_step=15.419           │env/interact=76.976                    │env/recv_rollout_results=25.302       │
│env/run_interact_once=76.976           │generate_rollouts=88.975               │rollout/generate_one_epoch=69.130     │
│rollout/predict=24.372                 │rollout/rollout/generate=88.942        │rollout/rollout/recv_obs=44.679       │
│rollout/rollout/send_traj=0.013        │step=140.5                             │sync_weights=12.262                   │
│                                                                                                                      │
├──────────────────────────────────────────────────── Environment ─────────────────────────────────────────────────────┤
│                                                                                                                      │
│episode_len=120.0                      │num_trajectories=64                    │return=0.359375                       │
│reward=0.0038238503                    │success_once=0.359375                  │                                      │
│                                                                                                                      │
├────────────────────────────────────────────────────── Rollout ───────────────────────────────────────────────────────┤
│                                                                                                                      │
│advantages_max=1.620                   │advantages_mean=-0.073                 │advantages_min=-1.208                 │
│rewards=0.0043                         │                                       │                                      │
│                                                                                                                      │
├─────────────────────────────────────────────────── Training/Actor ───────────────────────────────────────────────────┤
│                                                                                                                      │
│actor/approx_kl=0.127                  │actor/clip_fraction=0.211              │actor/clipped_ratio=0.728             │
│actor/dual_cliped_ratio=0.0000         │actor/entropy_loss=0.0000              │actor/grad_norm=43.485                │
│actor/lr=3.00e-05                      │actor/policy_loss=0.055                │actor/policy_loss_abs=0.686           │
│actor/ratio=0.790                      │actor/ratio_abs=0.297                  │actor/total_loss=0.027                │
│                                                                                                                      │
╰──────────────────────────────────────────────────────────────────────────────────────────────────────────────────────╯


╭──────────────────────────────────────────────────────────────────────────────────────────────────────────────────────╮
├──────────────────────────────────────────────────── Metric Table ────────────────────────────────────────────────────┤
│ Global Step:   31/50 │ Progress: ████████████████████████░░░░░░░░░░░░░░░░ │  62.0%                                   │
│ Elapsed: 01:13:38 │ ETA: 45:08 │ Step Time: 142.547s                                                                 │
├──────────────────────────────────────────────────────── Time ────────────────────────────────────────────────────────┤
│                                                                                                                      │
│actor/actor/compute_adv=0.038          │actor/actor/recv_traj=77.982           │actor/actor/sync_model_to_rollout=6.3…│
│actor/run_training=39.514              │cal_adv_and_returns=0.043              │env/compute_bootstrap_rewards=7.73e-04│
│env/env/bootstrap_step=36.940          │env/env/send_obs=0.224                 │env/env/send_rollout_trajectories=0.6…│
│env/env_interact_step=15.184           │env/interact=77.376                    │env/recv_rollout_results=27.600       │
│env/run_interact_once=77.376           │generate_rollouts=89.886               │rollout/generate_one_epoch=71.090     │
│rollout/predict=26.701                 │rollout/rollout/generate=89.835        │rollout/rollout/recv_obs=46.960       │
│rollout/rollout/send_traj=0.011        │step=140.8                             │sync_weights=11.307                   │
│                                                                                                                      │
├──────────────────────────────────────────────────── Environment ─────────────────────────────────────────────────────┤
│                                                                                                                      │
│episode_len=120.0                      │num_trajectories=64                    │return=0.109375                       │
│reward=0.001023161                     │success_once=0.109375                  │                                      │
│                                                                                                                      │
├────────────────────────────────────────────────────── Rollout ───────────────────────────────────────────────────────┤
│                                                                                                                      │
│advantages_max=2.475                   │advantages_mean=-0.019                 │advantages_min=-0.725                 │
│rewards=0.0018                         │                                       │                                      │
│                                                                                                                      │
├─────────────────────────────────────────────────── Training/Actor ───────────────────────────────────────────────────┤
│                                                                                                                      │
│actor/approx_kl=0.037                  │actor/clip_fraction=0.149              │actor/clipped_ratio=0.489             │
│actor/dual_cliped_ratio=0.0000         │actor/entropy_loss=0.0000              │actor/grad_norm=20.881                │
│actor/lr=3.00e-05                      │actor/policy_loss=0.015                │actor/policy_loss_abs=0.272           │
│actor/ratio=0.508                      │actor/ratio_abs=0.151                  │actor/total_loss=0.0077               │
│                                                                                                                      │
╰──────────────────────────────────────────────────────────────────────────────────────────────────────────────────────╯


╭──────────────────────────────────────────────────────────────────────────────────────────────────────────────────────╮
├──────────────────────────────────────────────────── Metric Table ────────────────────────────────────────────────────┤
│ Global Step:   32/50 │ Progress: █████████████████████████░░░░░░░░░░░░░░░ │  64.0%                                   │
│ Elapsed: 01:16:01 │ ETA: 42:45 │ Step Time: 142.533s                                                                 │
├──────────────────────────────────────────────────────── Time ────────────────────────────────────────────────────────┤
│                                                                                                                      │
│actor/actor/compute_adv=0.044          │actor/actor/recv_traj=79.089           │actor/actor/sync_model_to_rollout=6.1…│
│actor/run_training=39.967              │cal_adv_and_returns=0.048              │env/compute_bootstrap_rewards=9.06e-04│
│env/env/bootstrap_step=39.195          │env/env/send_obs=0.214                 │env/env/send_rollout_trajectories=0.6…│
│env/env_interact_step=15.017           │env/interact=78.481                    │env/recv_rollout_results=27.640       │
│env/run_interact_once=78.480           │generate_rollouts=92.954               │rollout/generate_one_epoch=73.193     │
│rollout/predict=26.775                 │rollout/rollout/generate=92.901        │rollout/rollout/recv_obs=50.586       │
│rollout/rollout/send_traj=0.012        │step=142.1                             │sync_weights=9.109                    │
│                                                                                                                      │
├──────────────────────────────────────────────────── Environment ─────────────────────────────────────────────────────┤
│                                                                                                                      │
│episode_len=120.0                      │num_trajectories=64                    │return=0.546875                       │
│reward=0.0057851137                    │success_once=0.546875                  │                                      │
│                                                                                                                      │
├────────────────────────────────────────────────────── Rollout ───────────────────────────────────────────────────────┤
│                                                                                                                      │
│advantages_max=1.208                   │advantages_mean=-0.058                 │advantages_min=-2.475                 │
│rewards=0.0054                         │                                       │                                      │
│                                                                                                                      │
├─────────────────────────────────────────────────── Training/Actor ───────────────────────────────────────────────────┤
│                                                                                                                      │
│actor/approx_kl=0.220                  │actor/clip_fraction=0.272              │actor/clipped_ratio=0.969             │
│actor/dual_cliped_ratio=0.0000         │actor/entropy_loss=0.0000              │actor/grad_norm=38.892                │
│actor/lr=3.00e-05                      │actor/policy_loss=0.065                │actor/policy_loss_abs=0.713           │
│actor/ratio=1.012                      │actor/ratio_abs=0.384                  │actor/total_loss=0.033                │
│                                                                                                                      │
╰──────────────────────────────────────────────────────────────────────────────────────────────────────────────────────╯


╭──────────────────────────────────────────────────────────────────────────────────────────────────────────────────────╮
├──────────────────────────────────────────────────── Metric Table ────────────────────────────────────────────────────┤
│ Global Step:   33/50 │ Progress: ██████████████████████████░░░░░░░░░░░░░░ │  66.0%                                   │
│ Elapsed: 01:18:29 │ ETA: 40:26 │ Step Time: 142.713s                                                                 │
├──────────────────────────────────────────────────────── Time ────────────────────────────────────────────────────────┤
│                                                                                                                      │
│actor/actor/compute_adv=0.048          │actor/actor/recv_traj=79.125           │actor/actor/sync_model_to_rollout=6.2…│
│actor/run_training=42.429              │cal_adv_and_returns=0.052              │env/compute_bootstrap_rewards=7.74e-04│
│env/env/bootstrap_step=37.725          │env/env/send_obs=0.211                 │env/env/send_rollout_trajectories=0.5…│
│env/env_interact_step=15.589           │env/interact=78.485                    │env/recv_rollout_results=27.587       │
│env/run_interact_once=78.485           │generate_rollouts=94.376               │rollout/generate_one_epoch=70.838     │
│rollout/predict=26.724                 │rollout/rollout/generate=94.330        │rollout/rollout/recv_obs=47.449       │
│rollout/rollout/send_traj=0.011        │step=148.5                             │sync_weights=11.596                   │
│                                                                                                                      │
├──────────────────────────────────────────────────── Environment ─────────────────────────────────────────────────────┤
│                                                                                                                      │
│episode_len=120.0                      │num_trajectories=64                    │return=0.640625                       │
│reward=0.0068199644                    │success_once=0.640625                  │                                      │
│                                                                                                                      │
├────────────────────────────────────────────────────── Rollout ───────────────────────────────────────────────────────┤
│                                                                                                                      │
│advantages_max=2.475                   │advantages_mean=-0.073                 │advantages_min=-2.475                 │
│rewards=0.0060                         │                                       │                                      │
│                                                                                                                      │
├─────────────────────────────────────────────────── Training/Actor ───────────────────────────────────────────────────┤
│                                                                                                                      │
│actor/approx_kl=0.149                  │actor/clip_fraction=0.289              │actor/clipped_ratio=0.974             │
│actor/dual_cliped_ratio=0.0000         │actor/entropy_loss=0.0000              │actor/grad_norm=38.983                │
│actor/lr=3.00e-05                      │actor/policy_loss=0.035                │actor/policy_loss_abs=0.785           │
│actor/ratio=0.984                      │actor/ratio_abs=0.325                  │actor/total_loss=0.018                │
│                                                                                                                      │
╰──────────────────────────────────────────────────────────────────────────────────────────────────────────────────────╯


╭──────────────────────────────────────────────────────────────────────────────────────────────────────────────────────╮
├──────────────────────────────────────────────────── Metric Table ────────────────────────────────────────────────────┤
│ Global Step:   34/50 │ Progress: ███████████████████████████░░░░░░░░░░░░░ │  68.0%                                   │
│ Elapsed: 01:20:49 │ ETA: 38:02 │ Step Time: 142.634s                                                                 │
├──────────────────────────────────────────────────────── Time ────────────────────────────────────────────────────────┤
│                                                                                                                      │
│actor/actor/compute_adv=0.047          │actor/actor/recv_traj=76.948           │actor/actor/sync_model_to_rollout=6.6…│
│actor/run_training=39.623              │cal_adv_and_returns=0.050              │env/compute_bootstrap_rewards=8.34e-04│
│env/env/bootstrap_step=35.245          │env/env/send_obs=0.215                 │env/env/send_rollout_trajectories=0.7…│
│env/env_interact_step=15.318           │env/interact=76.290                    │env/recv_rollout_results=25.961       │
│env/run_interact_once=76.290           │generate_rollouts=88.532               │rollout/generate_one_epoch=70.902     │
│rollout/predict=25.040                 │rollout/rollout/generate=88.472        │rollout/rollout/recv_obs=47.111       │
│rollout/rollout/send_traj=0.011        │step=140.0                             │sync_weights=11.795                   │
│                                                                                                                      │
├──────────────────────────────────────────────────── Environment ─────────────────────────────────────────────────────┤
│                                                                                                                      │
│episode_len=120.0                      │num_trajectories=64                    │return=0.390625                       │
│reward=0.0038770437                    │success_once=0.390625                  │                                      │
│                                                                                                                      │
├────────────────────────────────────────────────────── Rollout ───────────────────────────────────────────────────────┤
│                                                                                                                      │
│advantages_max=1.208                   │advantages_mean=-0.046                 │advantages_min=-2.475                 │
│rewards=0.0044                         │                                       │                                      │
│                                                                                                                      │
├─────────────────────────────────────────────────── Training/Actor ───────────────────────────────────────────────────┤
│                                                                                                                      │
│actor/approx_kl=0.123                  │actor/clip_fraction=0.270              │actor/clipped_ratio=0.976             │
│actor/dual_cliped_ratio=0.0000         │actor/entropy_loss=0.0000              │actor/grad_norm=42.923                │
│actor/lr=3.00e-05                      │actor/policy_loss=0.045                │actor/policy_loss_abs=0.653           │
│actor/ratio=0.997                      │actor/ratio_abs=0.313                  │actor/total_loss=0.023                │
│                                                                                                                      │
╰──────────────────────────────────────────────────────────────────────────────────────────────────────────────────────╯


╭──────────────────────────────────────────────────────────────────────────────────────────────────────────────────────╮
├──────────────────────────────────────────────────── Metric Table ────────────────────────────────────────────────────┤
│ Global Step:   35/50 │ Progress: ████████████████████████████░░░░░░░░░░░░ │  70.0%                                   │
│ Elapsed: 01:23:13 │ ETA: 35:39 │ Step Time: 142.661s                                                                 │
├──────────────────────────────────────────────────────── Time ────────────────────────────────────────────────────────┤
│                                                                                                                      │
│actor/actor/compute_adv=0.039          │actor/actor/recv_traj=77.591           │actor/actor/sync_model_to_rollout=8.4…│
│actor/run_training=38.871              │cal_adv_and_returns=0.042              │env/compute_bootstrap_rewards=8.68e-04│
│env/env/bootstrap_step=36.502          │env/env/send_obs=0.234                 │env/env/send_rollout_trajectories=0.5…│
│env/env_interact_step=15.287           │env/interact=76.903                    │env/recv_rollout_results=27.928       │
│env/run_interact_once=76.903           │generate_rollouts=91.649               │rollout/generate_one_epoch=71.099     │
│rollout/predict=27.107                 │rollout/rollout/generate=91.582        │rollout/rollout/recv_obs=47.610       │
│rollout/rollout/send_traj=0.010        │step=143.6                             │sync_weights=12.989                   │
│                                                                                                                      │
├──────────────────────────────────────────────────── Environment ─────────────────────────────────────────────────────┤
│                                                                                                                      │
│episode_len=120.0                      │num_trajectories=64                    │return=0.21875                        │
│reward=0.0022444364                    │success_once=0.21875                   │                                      │
│                                                                                                                      │
├────────────────────────────────────────────────────── Rollout ───────────────────────────────────────────────────────┤
│                                                                                                                      │
│advantages_max=2.475                   │advantages_mean=-0.029                 │advantages_min=-1.208                 │
│rewards=0.0032                         │                                       │                                      │
│                                                                                                                      │
├─────────────────────────────────────────────────── Training/Actor ───────────────────────────────────────────────────┤
│                                                                                                                      │
│actor/approx_kl=0.161                  │actor/clip_fraction=0.179              │actor/clipped_ratio=0.476             │
│actor/dual_cliped_ratio=0.0000         │actor/entropy_loss=0.0000              │actor/grad_norm=16.474                │
│actor/lr=3.00e-05                      │actor/policy_loss=0.017                │actor/policy_loss_abs=0.182           │
│actor/ratio=0.461                      │actor/ratio_abs=0.191                  │actor/total_loss=0.0084               │
│                                                                                                                      │
╰──────────────────────────────────────────────────────────────────────────────────────────────────────────────────────╯


╭──────────────────────────────────────────────────────────────────────────────────────────────────────────────────────╮
├──────────────────────────────────────────────────── Metric Table ────────────────────────────────────────────────────┤
│ Global Step:   36/50 │ Progress: ████████████████████████████░░░░░░░░░░░░ │  72.0%                                   │
│ Elapsed: 01:25:35 │ ETA: 33:17 │ Step Time: 142.648s                                                                 │
├──────────────────────────────────────────────────────── Time ────────────────────────────────────────────────────────┤
│                                                                                                                      │
│actor/actor/compute_adv=0.047          │actor/actor/recv_traj=78.746           │actor/actor/sync_model_to_rollout=6.1…│
│actor/run_training=39.970              │cal_adv_and_returns=0.050              │env/compute_bootstrap_rewards=9.63e-04│
│env/env/bootstrap_step=37.633          │env/env/send_obs=0.209                 │env/env/send_rollout_trajectories=0.8…│
│env/env_interact_step=15.928           │env/interact=78.130                    │env/recv_rollout_results=27.877       │
│env/run_interact_once=78.130           │generate_rollouts=92.529               │rollout/generate_one_epoch=72.505     │
│rollout/predict=26.928                 │rollout/rollout/generate=92.463        │rollout/rollout/recv_obs=49.291       │
│rollout/rollout/send_traj=0.013        │step=142.2                             │sync_weights=9.628                    │
│                                                                                                                      │
├──────────────────────────────────────────────────── Environment ─────────────────────────────────────────────────────┤
│                                                                                                                      │
│episode_len=120.0                      │num_trajectories=64                    │return=0.265625                       │
│reward=0.0026273935                    │success_once=0.265625                  │                                      │
│                                                                                                                      │
├────────────────────────────────────────────────────── Rollout ───────────────────────────────────────────────────────┤
│                                                                                                                      │
│advantages_max=1.208                   │advantages_mean=-0.016                 │advantages_min=-1.620                 │
│rewards=0.0048                         │                                       │                                      │
│                                                                                                                      │
├─────────────────────────────────────────────────── Training/Actor ───────────────────────────────────────────────────┤
│                                                                                                                      │
│actor/approx_kl=0.025                  │actor/clip_fraction=0.167              │actor/clipped_ratio=0.493             │
│actor/dual_cliped_ratio=0.0000         │actor/entropy_loss=0.0000              │actor/grad_norm=17.564                │
│actor/lr=3.00e-05                      │actor/policy_loss=0.014                │actor/policy_loss_abs=0.224           │
│actor/ratio=0.527                      │actor/ratio_abs=0.174                  │actor/total_loss=0.0069               │
│                                                                                                                      │
╰──────────────────────────────────────────────────────────────────────────────────────────────────────────────────────╯


╭──────────────────────────────────────────────────────────────────────────────────────────────────────────────────────╮
├──────────────────────────────────────────────────── Metric Table ────────────────────────────────────────────────────┤
│ Global Step:   37/50 │ Progress: █████████████████████████████░░░░░░░░░░░ │  74.0%                                   │
│ Elapsed: 01:27:53 │ ETA: 30:52 │ Step Time: 142.520s                                                                 │
├──────────────────────────────────────────────────────── Time ────────────────────────────────────────────────────────┤
│                                                                                                                      │
│actor/actor/compute_adv=0.040          │actor/actor/recv_traj=77.176           │actor/actor/sync_model_to_rollout=5.9…│
│actor/run_training=40.394              │cal_adv_and_returns=0.042              │env/compute_bootstrap_rewards=8.66e-04│
│env/env/bootstrap_step=35.941          │env/env/send_obs=0.267                 │env/env/send_rollout_trajectories=0.6…│
│env/env_interact_step=15.717           │env/interact=76.588                    │env/recv_rollout_results=25.593       │
│env/run_interact_once=76.588           │generate_rollouts=88.861               │rollout/generate_one_epoch=70.507     │
│rollout/predict=24.706                 │rollout/rollout/generate=88.812        │rollout/rollout/recv_obs=47.909       │
│rollout/rollout/send_traj=0.012        │step=137.9                             │sync_weights=8.600                    │
│                                                                                                                      │
├──────────────────────────────────────────────────── Environment ─────────────────────────────────────────────────────┤
│                                                                                                                      │
│episode_len=120.0                      │num_trajectories=64                    │return=0.296875                       │
│reward=0.0027843532                    │success_once=0.296875                  │                                      │
│                                                                                                                      │
├────────────────────────────────────────────────────── Rollout ───────────────────────────────────────────────────────┤
│                                                                                                                      │
│advantages_max=1.208                   │advantages_mean=-0.035                 │advantages_min=-0.935                 │
│rewards=0.0039                         │                                       │                                      │
│                                                                                                                      │
├─────────────────────────────────────────────────── Training/Actor ───────────────────────────────────────────────────┤
│                                                                                                                      │
│actor/approx_kl=0.210                  │actor/clip_fraction=0.276              │actor/clipped_ratio=0.962             │
│actor/dual_cliped_ratio=0.0000         │actor/entropy_loss=0.0000              │actor/grad_norm=38.302                │
│actor/lr=3.00e-05                      │actor/policy_loss=0.044                │actor/policy_loss_abs=0.576           │
│actor/ratio=1.003                      │actor/ratio_abs=0.346                  │actor/total_loss=0.022                │
│                                                                                                                      │
╰──────────────────────────────────────────────────────────────────────────────────────────────────────────────────────╯


╭──────────────────────────────────────────────────────────────────────────────────────────────────────────────────────╮
├──────────────────────────────────────────────────── Metric Table ────────────────────────────────────────────────────┤
│ Global Step:   38/50 │ Progress: ██████████████████████████████░░░░░░░░░░ │  76.0%                                   │
│ Elapsed: 01:30:13 │ ETA: 28:29 │ Step Time: 142.471s                                                                 │
├──────────────────────────────────────────────────────── Time ────────────────────────────────────────────────────────┤
│                                                                                                                      │
│actor/actor/compute_adv=0.046          │actor/actor/recv_traj=74.840           │actor/actor/sync_model_to_rollout=6.4…│
│actor/run_training=42.158              │cal_adv_and_returns=0.049              │env/compute_bootstrap_rewards=9.26e-04│
│env/env/bootstrap_step=33.653          │env/env/send_obs=0.230                 │env/env/send_rollout_trajectories=0.6…│
│env/env_interact_step=15.446           │env/interact=74.256                    │env/recv_rollout_results=27.470       │
│env/run_interact_once=74.256           │generate_rollouts=86.243               │rollout/generate_one_epoch=67.762     │
│rollout/predict=26.604                 │rollout/rollout/generate=86.170        │rollout/rollout/recv_obs=44.440       │
│rollout/rollout/send_traj=0.010        │step=140.6                             │sync_weights=12.194                   │
│                                                                                                                      │
├──────────────────────────────────────────────────── Environment ─────────────────────────────────────────────────────┤
│                                                                                                                      │
│episode_len=120.0                      │num_trajectories=64                    │return=0.296875                       │
│reward=0.0029434576                    │success_once=0.296875                  │                                      │
│                                                                                                                      │
├────────────────────────────────────────────────────── Rollout ───────────────────────────────────────────────────────┤
│                                                                                                                      │
│advantages_max=2.475                   │advantages_mean=-0.039                 │advantages_min=-2.475                 │
│rewards=0.0042                         │                                       │                                      │
│                                                                                                                      │
├─────────────────────────────────────────────────── Training/Actor ───────────────────────────────────────────────────┤
│                                                                                                                      │
│actor/approx_kl=0.152                  │actor/clip_fraction=0.283              │actor/clipped_ratio=0.984             │
│actor/dual_cliped_ratio=0.0000         │actor/entropy_loss=0.0000              │actor/grad_norm=29.289                │
│actor/lr=3.00e-05                      │actor/policy_loss=0.035                │actor/policy_loss_abs=0.463           │
│actor/ratio=0.997                      │actor/ratio_abs=0.335                  │actor/total_loss=0.018                │
│                                                                                                                      │
╰──────────────────────────────────────────────────────────────────────────────────────────────────────────────────────╯


╭──────────────────────────────────────────────────────────────────────────────────────────────────────────────────────╮
├──────────────────────────────────────────────────── Metric Table ────────────────────────────────────────────────────┤
│ Global Step:   39/50 │ Progress: ███████████████████████████████░░░░░░░░░ │  78.0%                                   │
│ Elapsed: 01:32:40 │ ETA: 26:08 │ Step Time: 142.576s                                                                 │
├──────────────────────────────────────────────────────── Time ────────────────────────────────────────────────────────┤
│                                                                                                                      │
│actor/actor/compute_adv=0.046          │actor/actor/recv_traj=80.415           │actor/actor/sync_model_to_rollout=6.2…│
│actor/run_training=39.499              │cal_adv_and_returns=0.050              │env/compute_bootstrap_rewards=7.96e-04│
│env/env/bootstrap_step=39.039          │env/env/send_obs=0.192                 │env/env/send_rollout_trajectories=0.7…│
│env/env_interact_step=15.513           │env/interact=79.790                    │env/recv_rollout_results=27.383       │
│env/run_interact_once=79.790           │generate_rollouts=95.721               │rollout/generate_one_epoch=73.208     │
│rollout/predict=26.644                 │rollout/rollout/generate=95.661        │rollout/rollout/recv_obs=49.388       │
│rollout/rollout/send_traj=0.015        │step=146.5                             │sync_weights=11.274                   │
│                                                                                                                      │
├──────────────────────────────────────────────────── Environment ─────────────────────────────────────────────────────┤
│                                                                                                                      │
│episode_len=120.0                      │num_trajectories=64                    │return=0.546875                       │
│reward=0.0053066756                    │success_once=0.546875                  │                                      │
│                                                                                                                      │
├────────────────────────────────────────────────────── Rollout ───────────────────────────────────────────────────────┤
│                                                                                                                      │
│advantages_max=1.208                   │advantages_mean=-0.033                 │advantages_min=-2.475                 │
│rewards=0.0055                         │                                       │                                      │
│                                                                                                                      │
├─────────────────────────────────────────────────── Training/Actor ───────────────────────────────────────────────────┤
│                                                                                                                      │
│actor/approx_kl=0.133                  │actor/clip_fraction=0.299              │actor/clipped_ratio=0.971             │
│actor/dual_cliped_ratio=0.0000         │actor/entropy_loss=0.0000              │actor/grad_norm=40.400                │
│actor/lr=3.00e-05                      │actor/policy_loss=0.022                │actor/policy_loss_abs=0.674           │
│actor/ratio=0.983                      │actor/ratio_abs=0.317                  │actor/total_loss=0.011                │
│                                                                                                                      │
╰──────────────────────────────────────────────────────────────────────────────────────────────────────────────────────╯


╭──────────────────────────────────────────────────────────────────────────────────────────────────────────────────────╮
├──────────────────────────────────────────────────── Metric Table ────────────────────────────────────────────────────┤
│ Global Step:   40/50 │ Progress: ████████████████████████████████░░░░░░░░ │  80.0%                                   │
│ Elapsed: 01:35:00 │ ETA: 23:45 │ Step Time: 142.504s                                                                 │
├──────────────────────────────────────────────────────── Time ────────────────────────────────────────────────────────┤
│                                                                                                                      │
│actor/actor/compute_adv=0.043          │actor/actor/recv_traj=76.363           │actor/actor/sync_model_to_rollout=6.5…│
│actor/run_training=39.786              │cal_adv_and_returns=0.047              │env/compute_bootstrap_rewards=8.49e-04│
│env/env/bootstrap_step=36.080          │env/env/send_obs=0.218                 │env/env/send_rollout_trajectories=0.7…│
│env/env_interact_step=15.434           │env/interact=75.717                    │env/recv_rollout_results=26.826       │
│env/run_interact_once=75.717           │generate_rollouts=87.556               │rollout/generate_one_epoch=69.967     │
│rollout/predict=25.894                 │rollout/rollout/generate=87.497        │rollout/rollout/recv_obs=47.200       │
│rollout/rollout/send_traj=0.012        │step=139.7                             │sync_weights=12.274                   │
│                                                                                                                      │
├──────────────────────────────────────────────────── Environment ─────────────────────────────────────────────────────┤
│                                                                                                                      │
│episode_len=120.0                      │num_trajectories=64                    │return=0.3125                         │
│reward=0.0034041079                    │success_once=0.3125                    │                                      │
│                                                                                                                      │
├────────────────────────────────────────────────────── Rollout ───────────────────────────────────────────────────────┤
│                                                                                                                      │
│advantages_max=1.620                   │advantages_mean=-0.052                 │advantages_min=-2.475                 │
│rewards=0.0056                         │                                       │                                      │
│                                                                                                                      │
├─────────────────────────────────────────────────── Training/Actor ───────────────────────────────────────────────────┤
│                                                                                                                      │
│actor/approx_kl=0.118                  │actor/clip_fraction=0.227              │actor/clipped_ratio=0.722             │
│actor/dual_cliped_ratio=0.0000         │actor/entropy_loss=0.0000              │actor/grad_norm=28.343                │
│actor/lr=3.00e-05                      │actor/policy_loss=0.022                │actor/policy_loss_abs=0.377           │
│actor/ratio=0.713                      │actor/ratio_abs=0.233                  │actor/total_loss=0.011                │
│                                                                                                                      │
╰──────────────────────────────────────────────────────────────────────────────────────────────────────────────────────╯


╭──────────────────────────────────────────────────────────────────────────────────────────────────────────────────────╮
├──────────────────────────────────────────────────── Metric Table ────────────────────────────────────────────────────┤
│ Global Step:   41/50 │ Progress: ████████████████████████████████░░░░░░░░ │  82.0%                                   │
│ Elapsed: 01:37:20 │ ETA: 21:21 │ Step Time: 142.441s                                                                 │
├──────────────────────────────────────────────────────── Time ────────────────────────────────────────────────────────┤
│                                                                                                                      │
│actor/actor/compute_adv=0.045          │actor/actor/recv_traj=75.340           │actor/actor/sync_model_to_rollout=6.6…│
│actor/run_training=40.811              │cal_adv_and_returns=0.048              │env/compute_bootstrap_rewards=9.09e-04│
│env/env/bootstrap_step=34.824          │env/env/send_obs=0.262                 │env/env/send_rollout_trajectories=0.8…│
│env/env_interact_step=15.014           │env/interact=74.711                    │env/recv_rollout_results=24.733       │
│env/run_interact_once=74.711           │generate_rollouts=88.594               │rollout/generate_one_epoch=69.163     │
│rollout/predict=23.911                 │rollout/rollout/generate=88.545        │rollout/rollout/recv_obs=46.236       │
│rollout/rollout/send_traj=0.012        │step=139.9                             │sync_weights=10.441                   │
│                                                                                                                      │
├──────────────────────────────────────────────────── Environment ─────────────────────────────────────────────────────┤
│                                                                                                                      │
│episode_len=120.0                      │num_trajectories=64                    │return=0.171875                       │
│reward=0.0016387498                    │success_once=0.171875                  │                                      │
│                                                                                                                      │
├────────────────────────────────────────────────────── Rollout ───────────────────────────────────────────────────────┤
│                                                                                                                      │
│advantages_max=1.208                   │advantages_mean=-0.036                 │advantages_min=-1.620                 │
│rewards=0.0050                         │                                       │                                      │
│                                                                                                                      │
├─────────────────────────────────────────────────── Training/Actor ───────────────────────────────────────────────────┤
│                                                                                                                      │
│actor/approx_kl=0.022                  │actor/clip_fraction=0.177              │actor/clipped_ratio=0.492             │
│actor/dual_cliped_ratio=0.0000         │actor/entropy_loss=0.0000              │actor/grad_norm=16.670                │
│actor/lr=3.00e-05                      │actor/policy_loss=0.0067               │actor/policy_loss_abs=0.216           │
│actor/ratio=0.540                      │actor/ratio_abs=0.181                  │actor/total_loss=0.0034               │
│                                                                                                                      │
╰──────────────────────────────────────────────────────────────────────────────────────────────────────────────────────╯


╭──────────────────────────────────────────────────────────────────────────────────────────────────────────────────────╮
├──────────────────────────────────────────────────── Metric Table ────────────────────────────────────────────────────┤
│ Global Step:   42/50 │ Progress: █████████████████████████████████░░░░░░░ │  84.0%                                   │
│ Elapsed: 01:39:43 │ ETA: 18:59 │ Step Time: 142.474s                                                                 │
├──────────────────────────────────────────────────────── Time ────────────────────────────────────────────────────────┤
│                                                                                                                      │
│actor/actor/compute_adv=0.048          │actor/actor/recv_traj=79.505           │actor/actor/sync_model_to_rollout=5.8…│
│actor/run_training=40.266              │cal_adv_and_returns=0.050              │env/compute_bootstrap_rewards=7.56e-04│
│env/env/bootstrap_step=37.974          │env/env/send_obs=0.231                 │env/env/send_rollout_trajectories=0.7…│
│env/env_interact_step=15.607           │env/interact=78.860                    │env/recv_rollout_results=27.571       │
│env/run_interact_once=78.860           │generate_rollouts=94.615               │rollout/generate_one_epoch=71.937     │
│rollout/predict=26.618                 │rollout/rollout/generate=94.566        │rollout/rollout/recv_obs=48.683       │
│rollout/rollout/send_traj=0.012        │step=143.8                             │sync_weights=8.848                    │
│                                                                                                                      │
├──────────────────────────────────────────────────── Environment ─────────────────────────────────────────────────────┤
│                                                                                                                      │
│episode_len=120.0                      │num_trajectories=64                    │return=0.375                          │
│reward=0.003799703                     │success_once=0.375                     │                                      │
│                                                                                                                      │
├────────────────────────────────────────────────────── Rollout ───────────────────────────────────────────────────────┤
│                                                                                                                      │
│advantages_max=1.208                   │advantages_mean=-0.056                 │advantages_min=-2.475                 │
│rewards=0.0052                         │                                       │                                      │
│                                                                                                                      │
├─────────────────────────────────────────────────── Training/Actor ───────────────────────────────────────────────────┤
│                                                                                                                      │
│actor/approx_kl=0.146                  │actor/clip_fraction=0.238              │actor/clipped_ratio=0.960             │
│actor/dual_cliped_ratio=0.0000         │actor/entropy_loss=0.0000              │actor/grad_norm=36.369                │
│actor/lr=3.00e-05                      │actor/policy_loss=0.033                │actor/policy_loss_abs=0.522           │
│actor/ratio=0.968                      │actor/ratio_abs=0.283                  │actor/total_loss=0.016                │
│                                                                                                                      │
╰──────────────────────────────────────────────────────────────────────────────────────────────────────────────────────╯


╭──────────────────────────────────────────────────────────────────────────────────────────────────────────────────────╮
├──────────────────────────────────────────────────── Metric Table ────────────────────────────────────────────────────┤
│ Global Step:   43/50 │ Progress: ██████████████████████████████████░░░░░░ │  86.0%                                   │
│ Elapsed: 01:42:07 │ ETA: 16:37 │ Step Time: 142.510s                                                                 │
├──────────────────────────────────────────────────────── Time ────────────────────────────────────────────────────────┤
│                                                                                                                      │
│actor/actor/compute_adv=0.041          │actor/actor/recv_traj=77.311           │actor/actor/sync_model_to_rollout=6.5…│
│actor/run_training=40.830              │cal_adv_and_returns=0.044              │env/compute_bootstrap_rewards=7.99e-04│
│env/env/bootstrap_step=37.232          │env/env/send_obs=0.232                 │env/env/send_rollout_trajectories=0.8…│
│env/env_interact_step=15.428           │env/interact=76.703                    │env/recv_rollout_results=26.912       │
│env/run_interact_once=76.702           │generate_rollouts=90.842               │rollout/generate_one_epoch=68.720     │
│rollout/predict=25.961                 │rollout/rollout/generate=90.775        │rollout/rollout/recv_obs=46.155       │
│rollout/rollout/send_traj=0.011        │step=144.0                             │sync_weights=12.301                   │
│                                                                                                                      │
├──────────────────────────────────────────────────── Environment ─────────────────────────────────────────────────────┤
│                                                                                                                      │
│episode_len=120.0                      │num_trajectories=64                    │return=0.296875                       │
│reward=0.0031089801                    │success_once=0.296875                  │                                      │
│                                                                                                                      │
├────────────────────────────────────────────────────── Rollout ───────────────────────────────────────────────────────┤
│                                                                                                                      │
│advantages_max=2.475                   │advantages_mean=-0.047                 │advantages_min=-2.475                 │
│rewards=0.0052                         │                                       │                                      │
│                                                                                                                      │
├─────────────────────────────────────────────────── Training/Actor ───────────────────────────────────────────────────┤
│                                                                                                                      │
│actor/approx_kl=0.121                  │actor/clip_fraction=0.210              │actor/clipped_ratio=0.712             │
│actor/dual_cliped_ratio=0.0000         │actor/entropy_loss=0.0000              │actor/grad_norm=26.239                │
│actor/lr=3.00e-05                      │actor/policy_loss=0.028                │actor/policy_loss_abs=0.342           │
│actor/ratio=0.723                      │actor/ratio_abs=0.241                  │actor/total_loss=0.014                │
│                                                                                                                      │
╰──────────────────────────────────────────────────────────────────────────────────────────────────────────────────────╯


╭──────────────────────────────────────────────────────────────────────────────────────────────────────────────────────╮
├──────────────────────────────────────────────────── Metric Table ────────────────────────────────────────────────────┤
│ Global Step:   44/50 │ Progress: ███████████████████████████████████░░░░░ │  88.0%                                   │
│ Elapsed: 01:44:28 │ ETA: 14:14 │ Step Time: 142.465s                                                                 │
├──────────────────────────────────────────────────────── Time ────────────────────────────────────────────────────────┤
│                                                                                                                      │
│actor/actor/compute_adv=0.055          │actor/actor/recv_traj=75.582           │actor/actor/sync_model_to_rollout=6.2…│
│actor/run_training=40.269              │cal_adv_and_returns=0.059              │env/compute_bootstrap_rewards=7.76e-04│
│env/env/bootstrap_step=34.919          │env/env/send_obs=0.262                 │env/env/send_rollout_trajectories=0.7…│
│env/env_interact_step=15.598           │env/interact=74.968                    │env/recv_rollout_results=26.677       │
│env/run_interact_once=74.968           │generate_rollouts=89.648               │rollout/generate_one_epoch=69.417     │
│rollout/predict=25.805                 │rollout/rollout/generate=89.580        │rollout/rollout/recv_obs=46.098       │
│rollout/rollout/send_traj=0.012        │step=140.5                             │sync_weights=10.515                   │
│                                                                                                                      │
├──────────────────────────────────────────────────── Environment ─────────────────────────────────────────────────────┤
│                                                                                                                      │
│episode_len=120.0                      │num_trajectories=64                    │return=0.5                            │
│reward=0.005061197                     │success_once=0.5                       │                                      │
│                                                                                                                      │
├────────────────────────────────────────────────────── Rollout ───────────────────────────────────────────────────────┤
│                                                                                                                      │
│advantages_max=2.475                   │advantages_mean=-0.044                 │advantages_min=-2.475                 │
│rewards=0.0049                         │                                       │                                      │
│                                                                                                                      │
├─────────────────────────────────────────────────── Training/Actor ───────────────────────────────────────────────────┤
│                                                                                                                      │
│actor/approx_kl=0.145                  │actor/clip_fraction=0.267              │actor/clipped_ratio=0.963             │
│actor/dual_cliped_ratio=0.0000         │actor/entropy_loss=0.0000              │actor/grad_norm=44.635                │
│actor/lr=3.00e-05                      │actor/policy_loss=0.068                │actor/policy_loss_abs=0.682           │
│actor/ratio=0.977                      │actor/ratio_abs=0.312                  │actor/total_loss=0.034                │
│                                                                                                                      │
╰──────────────────────────────────────────────────────────────────────────────────────────────────────────────────────╯


╭──────────────────────────────────────────────────────────────────────────────────────────────────────────────────────╮
├──────────────────────────────────────────────────── Metric Table ────────────────────────────────────────────────────┤
│ Global Step:   45/50 │ Progress: ████████████████████████████████████░░░░ │  90.0%                                   │
│ Elapsed: 01:46:52 │ ETA: 11:52 │ Step Time: 142.501s                                                                 │
├──────────────────────────────────────────────────────── Time ────────────────────────────────────────────────────────┤
│                                                                                                                      │
│actor/actor/compute_adv=0.044          │actor/actor/recv_traj=79.671           │actor/actor/sync_model_to_rollout=6.0…│
│actor/run_training=40.759              │cal_adv_and_returns=0.047              │env/compute_bootstrap_rewards=7.34e-04│
│env/env/bootstrap_step=38.962          │env/env/send_obs=0.223                 │env/env/send_rollout_trajectories=0.6…│
│env/env_interact_step=14.993           │env/interact=79.096                    │env/recv_rollout_results=27.312       │
│env/run_interact_once=79.096           │generate_rollouts=91.105               │rollout/generate_one_epoch=70.800     │
│rollout/predict=26.290                 │rollout/rollout/generate=91.045        │rollout/rollout/recv_obs=47.002       │
│rollout/rollout/send_traj=0.011        │step=144.0                             │sync_weights=12.135                   │
│                                                                                                                      │
├──────────────────────────────────────────────────── Environment ─────────────────────────────────────────────────────┤
│                                                                                                                      │
│episode_len=120.0                      │num_trajectories=64                    │return=0.59375                        │
│reward=0.0059313304                    │success_once=0.59375                   │                                      │
│                                                                                                                      │
├────────────────────────────────────────────────────── Rollout ───────────────────────────────────────────────────────┤
│                                                                                                                      │
│advantages_max=2.475                   │advantages_mean=-0.042                 │advantages_min=-1.620                 │
│rewards=0.0048                         │                                       │                                      │
│                                                                                                                      │
├─────────────────────────────────────────────────── Training/Actor ───────────────────────────────────────────────────┤
│                                                                                                                      │
│actor/approx_kl=0.141                  │actor/clip_fraction=0.297              │actor/clipped_ratio=0.969             │
│actor/dual_cliped_ratio=0.0000         │actor/entropy_loss=0.0000              │actor/grad_norm=57.464                │
│actor/lr=3.00e-05                      │actor/policy_loss=0.059                │actor/policy_loss_abs=0.657           │
│actor/ratio=1.005                      │actor/ratio_abs=0.350                  │actor/total_loss=0.030                │
│                                                                                                                      │
╰──────────────────────────────────────────────────────────────────────────────────────────────────────────────────────╯


╭──────────────────────────────────────────────────────────────────────────────────────────────────────────────────────╮
├──────────────────────────────────────────────────── Metric Table ────────────────────────────────────────────────────┤
│ Global Step:   46/50 │ Progress: ████████████████████████████████████░░░░ │  92.0%                                   │
│ Elapsed: 01:49:14 │ ETA: 09:29 │ Step Time: 142.499s                                                                 │
├──────────────────────────────────────────────────────── Time ────────────────────────────────────────────────────────┤
│                                                                                                                      │
│actor/actor/compute_adv=0.048          │actor/actor/recv_traj=75.682           │actor/actor/sync_model_to_rollout=6.3…│
│actor/run_training=39.718              │cal_adv_and_returns=0.051              │env/compute_bootstrap_rewards=8.34e-04│
│env/env/bootstrap_step=34.640          │env/env/send_obs=0.224                 │env/env/send_rollout_trajectories=0.7…│
│env/env_interact_step=15.448           │env/interact=75.109                    │env/recv_rollout_results=27.310       │
│env/run_interact_once=75.109           │generate_rollouts=90.638               │rollout/generate_one_epoch=68.916     │
│rollout/predict=26.325                 │rollout/rollout/generate=90.556        │rollout/rollout/recv_obs=44.860       │
│rollout/rollout/send_traj=0.013        │step=142.4                             │sync_weights=11.995                   │
│                                                                                                                      │
├──────────────────────────────────────────────────── Environment ─────────────────────────────────────────────────────┤
│                                                                                                                      │
│episode_len=120.0                      │num_trajectories=64                    │return=0.234375                       │
│reward=0.0023183112                    │success_once=0.234375                  │                                      │
│                                                                                                                      │
├────────────────────────────────────────────────────── Rollout ───────────────────────────────────────────────────────┤
│                                                                                                                      │
│advantages_max=2.475                   │advantages_mean=-0.028                 │advantages_min=-1.620                 │
│rewards=0.0030                         │                                       │                                      │
│                                                                                                                      │
├─────────────────────────────────────────────────── Training/Actor ───────────────────────────────────────────────────┤
│                                                                                                                      │
│actor/approx_kl=0.096                  │actor/clip_fraction=0.209              │actor/clipped_ratio=0.734             │
│actor/dual_cliped_ratio=0.0000         │actor/entropy_loss=0.0000              │actor/grad_norm=31.252                │
│actor/lr=3.00e-05                      │actor/policy_loss=0.037                │actor/policy_loss_abs=0.500           │
│actor/ratio=0.774                      │actor/ratio_abs=0.282                  │actor/total_loss=0.018                │
│                                                                                                                      │
╰──────────────────────────────────────────────────────────────────────────────────────────────────────────────────────╯


╭──────────────────────────────────────────────────────────────────────────────────────────────────────────────────────╮
├──────────────────────────────────────────────────── Metric Table ────────────────────────────────────────────────────┤
│ Global Step:   47/50 │ Progress: █████████████████████████████████████░░░ │  94.0%                                   │
│ Elapsed: 01:51:36 │ ETA: 07:07 │ Step Time: 142.475s                                                                 │
├──────────────────────────────────────────────────────── Time ────────────────────────────────────────────────────────┤
│                                                                                                                      │
│actor/actor/compute_adv=0.044          │actor/actor/recv_traj=77.612           │actor/actor/sync_model_to_rollout=6.8…│
│actor/run_training=39.643              │cal_adv_and_returns=0.048              │env/compute_bootstrap_rewards=7.88e-04│
│env/env/bootstrap_step=36.166          │env/env/send_obs=0.263                 │env/env/send_rollout_trajectories=0.6…│
│env/env_interact_step=15.262           │env/interact=76.960                    │env/recv_rollout_results=27.654       │
│env/run_interact_once=76.960           │generate_rollouts=90.291               │rollout/generate_one_epoch=71.699     │
│rollout/predict=26.767                 │rollout/rollout/generate=90.218        │rollout/rollout/recv_obs=47.906       │
│rollout/rollout/send_traj=0.011        │step=141.3                             │sync_weights=11.360                   │
│                                                                                                                      │
├──────────────────────────────────────────────────── Environment ─────────────────────────────────────────────────────┤
│                                                                                                                      │
│episode_len=120.0                      │num_trajectories=64                    │return=0.28125                        │
│reward=0.0026654655                    │success_once=0.28125                   │                                      │
│                                                                                                                      │
├────────────────────────────────────────────────────── Rollout ───────────────────────────────────────────────────────┤
│                                                                                                                      │
│advantages_max=2.475                   │advantages_mean=-0.023                 │advantages_min=-1.208                 │
│rewards=0.0027                         │                                       │                                      │
│                                                                                                                      │
├─────────────────────────────────────────────────── Training/Actor ───────────────────────────────────────────────────┤
│                                                                                                                      │
│actor/approx_kl=0.181                  │actor/clip_fraction=0.235              │actor/clipped_ratio=0.726             │
│actor/dual_cliped_ratio=0.0000         │actor/entropy_loss=0.0000              │actor/grad_norm=31.900                │
│actor/lr=3.00e-05                      │actor/policy_loss=0.043                │actor/policy_loss_abs=0.386           │
│actor/ratio=0.722                      │actor/ratio_abs=0.241                  │actor/total_loss=0.021                │
│                                                                                                                      │
╰──────────────────────────────────────────────────────────────────────────────────────────────────────────────────────╯


╭──────────────────────────────────────────────────────────────────────────────────────────────────────────────────────╮
├──────────────────────────────────────────────────── Metric Table ────────────────────────────────────────────────────┤
│ Global Step:   48/50 │ Progress: ██████████████████████████████████████░░ │  96.0%                                   │
│ Elapsed: 01:54:02 │ ETA: 04:45 │ Step Time: 142.559s                                                                 │
├──────────────────────────────────────────────────────── Time ────────────────────────────────────────────────────────┤
│                                                                                                                      │
│actor/actor/compute_adv=0.044          │actor/actor/recv_traj=79.920           │actor/actor/sync_model_to_rollout=6.2…│
│actor/run_training=40.037              │cal_adv_and_returns=0.048              │env/compute_bootstrap_rewards=8.94e-04│
│env/env/bootstrap_step=38.406          │env/env/send_obs=0.215                 │env/env/send_rollout_trajectories=0.6…│
│env/env_interact_step=15.617           │env/interact=79.301                    │env/recv_rollout_results=25.605       │
│env/run_interact_once=79.301           │generate_rollouts=96.391               │rollout/generate_one_epoch=70.602     │
│rollout/predict=24.754                 │rollout/rollout/generate=96.333        │rollout/rollout/recv_obs=45.797       │
│rollout/rollout/send_traj=0.011        │step=146.5                             │sync_weights=9.980                    │
│                                                                                                                      │
├──────────────────────────────────────────────────── Environment ─────────────────────────────────────────────────────┤
│                                                                                                                      │
│episode_len=120.0                      │num_trajectories=64                    │return=0.328125                       │
│reward=0.003250761                     │success_once=0.328125                  │                                      │
│                                                                                                                      │
├────────────────────────────────────────────────────── Rollout ───────────────────────────────────────────────────────┤
│                                                                                                                      │
│advantages_max=1.620                   │advantages_mean=-0.038                 │advantages_min=-1.620                 │
│rewards=0.0042                         │                                       │                                      │
│                                                                                                                      │
├─────────────────────────────────────────────────── Training/Actor ───────────────────────────────────────────────────┤
│                                                                                                                      │
│actor/approx_kl=0.191                  │actor/clip_fraction=0.306              │actor/clipped_ratio=0.959             │
│actor/dual_cliped_ratio=0.0000         │actor/entropy_loss=0.0000              │actor/grad_norm=41.029                │
│actor/lr=3.00e-05                      │actor/policy_loss=0.056                │actor/policy_loss_abs=0.529           │
│actor/ratio=0.956                      │actor/ratio_abs=0.334                  │actor/total_loss=0.028                │
│                                                                                                                      │
╰──────────────────────────────────────────────────────────────────────────────────────────────────────────────────────╯


╭──────────────────────────────────────────────────────────────────────────────────────────────────────────────────────╮
├──────────────────────────────────────────────────── Metric Table ────────────────────────────────────────────────────┤
│ Global Step:   49/50 │ Progress: ███████████████████████████████████████░ │  98.0%                                   │
│ Elapsed: 01:56:22 │ ETA: 02:22 │ Step Time: 142.501s                                                                 │
├──────────────────────────────────────────────────────── Time ────────────────────────────────────────────────────────┤
│                                                                                                                      │
│actor/actor/compute_adv=0.046          │actor/actor/recv_traj=75.874           │actor/actor/sync_model_to_rollout=6.3…│
│actor/run_training=38.526              │cal_adv_and_returns=0.050              │env/compute_bootstrap_rewards=8.62e-04│
│env/env/bootstrap_step=34.908          │env/env/send_obs=0.291                 │env/env/send_rollout_trajectories=0.6…│
│env/env_interact_step=15.253           │env/interact=75.255                    │env/recv_rollout_results=25.026       │
│env/run_interact_once=75.254           │generate_rollouts=89.403               │rollout/generate_one_epoch=67.876     │
│rollout/predict=24.078                 │rollout/rollout/generate=89.365        │rollout/rollout/recv_obs=43.726       │
│rollout/rollout/send_traj=0.011        │step=139.7                             │sync_weights=11.711                   │
│                                                                                                                      │
├──────────────────────────────────────────────────── Environment ─────────────────────────────────────────────────────┤
│                                                                                                                      │
│episode_len=120.0                      │num_trajectories=64                    │return=0.3125                         │
│reward=0.0031362723                    │success_once=0.3125                    │                                      │
│                                                                                                                      │
├────────────────────────────────────────────────────── Rollout ───────────────────────────────────────────────────────┤
│                                                                                                                      │
│advantages_max=2.475                   │advantages_mean=-0.061                 │advantages_min=-1.208                 │
│rewards=0.0033                         │                                       │                                      │
│                                                                                                                      │
├─────────────────────────────────────────────────── Training/Actor ───────────────────────────────────────────────────┤
│                                                                                                                      │
│actor/approx_kl=0.127                  │actor/clip_fraction=0.301              │actor/clipped_ratio=0.950             │
│actor/dual_cliped_ratio=0.0000         │actor/entropy_loss=0.0000              │actor/grad_norm=24.288                │
│actor/lr=3.00e-05                      │actor/policy_loss=0.014                │actor/policy_loss_abs=0.375           │
│actor/ratio=0.944                      │actor/ratio_abs=0.277                  │actor/total_loss=0.0070               │
│                                                                                                                      │
╰──────────────────────────────────────────────────────────────────────────────────────────────────────────────────────╯

