[32mActivated conda/uv virtual environment at [36m/venv/main[0m
/venv/main/lib/python3.12/site-packages/hydra/_internal/defaults_list.py:251: UserWarning: In 'libero_plus_grpo_fastwam': Defaults list is missing `_self_`. See https://hydra.cc/docs/1.2/upgrades/1.0_to_1.1/default_composition_order for more information
  warnings.warn(msg, UserWarning)
/venv/main/lib/python3.12/site-packages/hydra/_internal/hydra.py:119: UserWarning: Future Hydra versions will no longer change working directory at job runtime by default.
See https://hydra.cc/docs/1.2/upgrades/1.1_to_1.2/changes_to_job_working_dir/ for more information.
  ret = run_job(
2026-06-19 03:22:41,981	WARNING utils.py:461 -- Detecting docker specified CPUs. In previous versions of Ray, CPU detection in containers was incorrect. Please ensure that Ray has enough CPUs allocated. As a temporary workaround to revert to the prior behavior, set `RAY_USE_MULTIPROCESSING_CPU_COUNT=1` as an env var before starting Ray. Set the env var: `RAY_DISABLE_DOCKER_CPU_WARNING=1` to mute this warning.
2026-06-19 03:22:41,981	WARNING utils.py:473 -- Ray currently does not support initializing Ray with fractional cpus. Your num_cpus will be truncated from 122.87999 to 122.
2026-06-19 03:22:45,440	INFO worker.py:2003 -- Started a local Ray instance. View the dashboard at [1m[32mhttp://127.0.0.1:8265 [39m[22m
[INFO 03:22:48 RLinf] RLinf is running on a cluster with 1 node and 4 accelerators. The nodes' details are: 
node_labels: []
node_rank: 0
ray_id: 09b47373c917975b6ced52a073d8054d51fcdb1c9a43e0986ea62ff2
node_ip: 172.17.0.5
num_cpus: 122
python_interpreter_path: /venv/main/bin/python
hardware_resources:
- type: Accelerator
  infos:
  - type: Accelerator
    model: NV_GPU:A100-SXM4-80GB
  - type: Accelerator
    model: NV_GPU:A100-SXM4-80GB
  - type: Accelerator
    model: NV_GPU:A100-SXM4-80GB
  - type: Accelerator
    model: NV_GPU:A100-SXM4-80GB
profiler_backends:
- nsight

Node groups' details are: 
label: cluster
nodes: '0'
hardware_type: Accelerator
ignore_hardware: false
env_configs: null

label: node
nodes: '0'
hardware_type: null
ignore_hardware: true
env_configs: null

[INFO 03:22:48 FlexiblePlacementStrategy] 
[INFO 03:22:48 FlexiblePlacementStrategy] Using flexible placement with hardware ranks: [[0], [1], [2], [3]], node groups: ['cluster'].
[INFO 03:22:48 FlexiblePlacementStrategy] 
[INFO 03:22:48 FlexiblePlacementStrategy] Using flexible placement with hardware ranks: [[0], [1], [2], [3]], node groups: ['cluster'].
{
  "env": {
    "train": {
      "env_type": "libero",
      "task_suite_name": "libero_spatial",
      "total_num_envs": 64,
      "auto_reset": false,
      "ignore_terminations": false,
      "max_steps_per_rollout_epoch": 120,
      "max_episode_steps": 120,
      "use_rel_reward": true,
      "use_step_penalty": false,
      "reward_coef": 1.0,
      "reset_gripper_open": true,
      "is_eval": false,
      "seed": 0,
      "group_size": 8,
      "use_fixed_reset_state_ids": true,
      "use_ordered_reset_state_ids": false,
      "specific_reset_id": null,
      "video_cfg": {
        "save_video": true,
        "info_on_video": true,
        "video_base_dir": "/workspace/RLinf/logs/grpo_fastwam/video/train"
      },
      "init_params": {
        "camera_heights": 256,
        "camera_widths": 256
      },
      "rollout_epoch": 1,
      "libero_variant": "plus",
      "perturbation_suffix": "all"
    },
    "eval": {
      "env_type": "libero",
      "task_suite_name": "libero_spatial",
      "total_num_envs": 4,
      "auto_reset": true,
      "ignore_terminations": true,
      "max_steps_per_rollout_epoch": 120,
      "max_episode_steps": 120,
      "use_rel_reward": true,
      "use_step_penalty": false,
      "reward_coef": 1.0,
      "reset_gripper_open": true,
      "is_eval": true,
      "seed": 0,
      "group_size": 1,
      "use_fixed_reset_state_ids": true,
      "use_ordered_reset_state_ids": true,
      "specific_reset_id": null,
      "video_cfg": {
        "save_video": false,
        "info_on_video": true,
        "video_base_dir": "/workspace/RLinf/logs/grpo_fastwam/video/train"
      },
      "init_params": {
        "camera_heights": 256,
        "camera_widths": 256
      },
      "rollout_epoch": 1,
      "libero_variant": "plus",
      "perturbation_suffix": "all"
    },
    "group_name": "EnvGroup"
  },
  "actor": {
    "model": {
      "model_type": "fastwam",
      "precision": "bf16",
      "model_path": "/workspace/checkpoints/fastwam/libero_uncond_2cam224.pt",
      "is_lora": false,
      "checkpoint_path": "/workspace/checkpoints/fastwam/libero_uncond_2cam224.pt",
      "dataset_stats_path": "/workspace/checkpoints/fastwam/libero_uncond_2cam224_dataset_stats.json",
      "action_dim": 7,
      "num_action_chunks": 10,
      "action_horizon": 32,
      "num_inference_steps": 10,
      "binarize_gripper": true,
      "text_cfg_scale": 1.0,
      "negative_prompt": "",
      "sigma_shift": null,
      "seed": null,
      "rand_device": "cpu",
      "tiled": false,
      "add_value_head": false,
      "rl": {
        "enabled": true,
        "noise_level": 0.1,
        "noise_method": "flow_sde",
        "freeze_video_expert": true,
        "train_video_expert": false,
        "batched": true
      },
      "fastwam": {
        "config_dir": null,
        "config_name": "sim_libero",
        "overrides": [
          "model.redirect_common_files=false"
        ]
      }
    },
    "fsdp_config": {
      "strategy": "fsdp2",
      "sharding_strategy": "full_shard",
      "gradient_checkpointing": true,
      "cpu_offload": false,
      "offload_pin_memory": false,
      "reshard_after_forward": true,
      "enable_gradient_accumulation": true,
      "forward_prefetch": false,
      "limit_all_gathers": false,
      "backward_prefetch": null,
      "use_orig_params": true,
      "use_liger_kernel": false,
      "mixed_precision": {
        "param_dtype": "bf16",
        "reduce_dtype": "bf16",
        "buffer_dtype": "bf16"
      },
      "amp_autocast": {
        "enabled": false,
        "precision": "bf16"
      },
      "grad_scaler": {
        "enabled": false,
        "init_scale": null,
        "growth_interval": null
      },
      "gradient_checkpointing_use_reentrant": true,
      "wrap_policy": {
        "no_split_names": [
          "__none__"
        ]
      }
    },
    "group_name": "ActorGroup",
    "training_backend": "fsdp",
    "micro_batch_size": 8,
    "global_batch_size": 64,
    "seed": 1234,
    "enable_offload": true,
    "optim": {
      "lr": 3e-05,
      "adam_beta1": 0.9,
      "adam_beta2": 0.95,
      "adam_eps": 1e-08,
      "weight_decay": 0.01,
      "clip_grad": 100.0,
      "critic_warmup_steps": 0
    }
  },
  "weight_syncer": {
    "type": "patch",
    "patch": {
      "snapshot_device": "cpu",
      "delta_encoding": true,
      "compression": "none",
      "init_sync": {
        "enabled": true,
        "prefixes": null,
        "bucket_size": 134217728
      }
    }
  },
  "cluster": {
    "num_nodes": 1,
    "component_placement": {
      "actor,env,rollout": "all"
    }
  },
  "runner": {
    "task_type": "embodied",
    "logger": {
      "log_path": "/workspace/RLinf/logs/grpo_fastwam",
      "project_name": "rlinf",
      "experiment_name": "libero_plus_grpo_fastwam",
      "logger_backends": [
        "tensorboard"
      ]
    },
    "max_epochs": 50,
    "max_steps": -1,
    "only_eval": false,
    "val_check_interval": -1,
    "save_interval": 100000,
    "resume_dir": null,
    "ckpt_path": null,
    "per_worker_log": false,
    "per_worker_log_path": null,
    "weight_sync_interval": 1,
    "overlap_env_bootstrap": false
  },
  "algorithm": {
    "normalize_advantages": true,
    "kl_penalty": "kl",
    "group_size": 8,
    "reward_coef": 1.0,
    "reward_type": "chunk_level",
    "logprob_type": "chunk_level",
    "entropy_type": "chunk_level",
    "update_epoch": 1,
    "adv_type": "grpo",
    "loss_type": "actor",
    "loss_agg_func": "token-mean",
    "kl_beta": 0.0,
    "entropy_bonus": 0,
    "clip_ratio_high": 0.2,
    "clip_ratio_low": 0.2,
    "clip_ratio_c": 3.0,
    "gamma": 0.99,
    "gae_lambda": 0.95,
    "filter_rewards": true,
    "rewards_lower_bound": 0.1,
    "rewards_upper_bound": 0.9
  },
  "rollout": {
    "group_name": "RolloutGroup",
    "backend": "huggingface",
    "enable_offload": true,
    "pipeline_stage_num": 1,
    "model": {
      "model_path": "/workspace/checkpoints/fastwam/libero_uncond_2cam224.pt",
      "precision": "bf16"
    }
  },
  "reward": {
    "use_reward_model": false
  },
  "critic": {
    "use_critic_model": false
  }
}
[INFO 03:22:48 FlexiblePlacementStrategy] 
[INFO 03:22:48 FlexiblePlacementStrategy] Using flexible placement with hardware ranks: [[0], [1], [2], [3]], node groups: ['cluster'].
[INFO 03:22:48 FlexiblePlacementStrategy] Generated 4 placements: [Placement(rank=0, cluster_node_rank=0, placement_node_rank=0, local_accelerator_rank=0, accelerator_type='NV_GPU', local_rank=0, local_world_size=4, visible_accelerators=['0'], isolate_accelerator=True, local_hardware_ranks=[0], node_group_label='cluster'), Placement(rank=1, cluster_node_rank=0, placement_node_rank=0, local_accelerator_rank=1, accelerator_type='NV_GPU', local_rank=1, local_world_size=4, visible_accelerators=['1'], isolate_accelerator=True, local_hardware_ranks=[1], node_group_label='cluster'), Placement(rank=2, cluster_node_rank=0, placement_node_rank=0, local_accelerator_rank=2, accelerator_type='NV_GPU', local_rank=2, local_world_size=4, visible_accelerators=['2'], isolate_accelerator=True, local_hardware_ranks=[2], node_group_label='cluster'), Placement(rank=3, cluster_node_rank=0, placement_node_rank=0, local_accelerator_rank=3, accelerator_type='NV_GPU', local_rank=3, local_world_size=4, visible_accelerators=['3'], isolate_accelerator=True, local_hardware_ranks=[3], node_group_label='cluster')].
[INFO 03:22:48 FlexiblePlacementStrategy] Generated 4 placements: [Placement(rank=0, cluster_node_rank=0, placement_node_rank=0, local_accelerator_rank=0, accelerator_type='NV_GPU', local_rank=0, local_world_size=4, visible_accelerators=['0'], isolate_accelerator=True, local_hardware_ranks=[0], node_group_label='cluster'), Placement(rank=1, cluster_node_rank=0, placement_node_rank=0, local_accelerator_rank=1, accelerator_type='NV_GPU', local_rank=1, local_world_size=4, visible_accelerators=['1'], isolate_accelerator=True, local_hardware_ranks=[1], node_group_label='cluster'), Placement(rank=2, cluster_node_rank=0, placement_node_rank=0, local_accelerator_rank=2, accelerator_type='NV_GPU', local_rank=2, local_world_size=4, visible_accelerators=['2'], isolate_accelerator=True, local_hardware_ranks=[2], node_group_label='cluster'), Placement(rank=3, cluster_node_rank=0, placement_node_rank=0, local_accelerator_rank=3, accelerator_type='NV_GPU', local_rank=3, local_world_size=4, visible_accelerators=['3'], isolate_accelerator=True, local_hardware_ranks=[3], node_group_label='cluster')].
[INFO 03:22:49 FlexiblePlacementStrategy] Generated 4 placements: [Placement(rank=0, cluster_node_rank=0, placement_node_rank=0, local_accelerator_rank=0, accelerator_type='NV_GPU', local_rank=0, local_world_size=4, visible_accelerators=['0'], isolate_accelerator=True, local_hardware_ranks=[0], node_group_label='cluster'), Placement(rank=1, cluster_node_rank=0, placement_node_rank=0, local_accelerator_rank=1, accelerator_type='NV_GPU', local_rank=1, local_world_size=4, visible_accelerators=['1'], isolate_accelerator=True, local_hardware_ranks=[1], node_group_label='cluster'), Placement(rank=2, cluster_node_rank=0, placement_node_rank=0, local_accelerator_rank=2, accelerator_type='NV_GPU', local_rank=2, local_world_size=4, visible_accelerators=['2'], isolate_accelerator=True, local_hardware_ranks=[2], node_group_label='cluster'), Placement(rank=3, cluster_node_rank=0, placement_node_rank=0, local_accelerator_rank=3, accelerator_type='NV_GPU', local_rank=3, local_world_size=4, visible_accelerators=['3'], isolate_accelerator=True, local_hardware_ranks=[3], node_group_label='cluster')].
[INFO 03:22:49 NodePlacementStrategy] 
[INFO 03:22:49 NodePlacementStrategy] Using node placement with node ranks: [0], node groups: ['node'].
[INFO 03:22:49 NodePlacementStrategy] Generated 1 placements: [Placement(rank=0, cluster_node_rank=0, placement_node_rank=0, local_accelerator_rank='0', accelerator_type='NV_GPU', local_rank=0, local_world_size=1, visible_accelerators=['0', '1', '2', '3'], isolate_accelerator=True, local_hardware_ranks=[], node_group_label='cluster')].
[INFO 03:22:49 NodePlacementStrategy] 
[INFO 03:22:49 NodePlacementStrategy] Using node placement with node ranks: [0], node groups: ['node'].
[INFO 03:22:49 NodePlacementStrategy] Generated 1 placements: [Placement(rank=0, cluster_node_rank=0, placement_node_rank=0, local_accelerator_rank='0', accelerator_type='NV_GPU', local_rank=0, local_world_size=1, visible_accelerators=['0', '1', '2', '3'], isolate_accelerator=True, local_hardware_ranks=[], node_group_label='cluster')].
[INFO 03:22:49 NodePlacementStrategy] 
[INFO 03:22:49 NodePlacementStrategy] Using node placement with node ranks: [0], node groups: ['node'].
[INFO 03:22:49 NodePlacementStrategy] Generated 1 placements: [Placement(rank=0, cluster_node_rank=0, placement_node_rank=0, local_accelerator_rank='0', accelerator_type='NV_GPU', local_rank=0, local_world_size=1, visible_accelerators=['0', '1', '2', '3'], isolate_accelerator=True, local_hardware_ranks=[], node_group_label='cluster')].
[36m(EmbodiedFSDPActor pid=189384)[0m [INFO 03:22:54 ActorGroup-Rank-1][fsdp_model_manager.py:115] [FSDP] AMP is disabled.
[36m(EmbodiedFSDPActor pid=189384)[0m [INFO 03:22:54 FlexiblePlacementStrategy] 
[36m(EmbodiedFSDPActor pid=189384)[0m [INFO 03:22:54 FlexiblePlacementStrategy] Using flexible placement with hardware ranks: [[0], [1], [2], [3]], node groups: ['cluster'].
[36m(MultiStepRolloutWorker pid=189388)[0m [INFO 03:22:54 FlexiblePlacementStrategy] 
[36m(MultiStepRolloutWorker pid=189388)[0m [INFO 03:22:54 FlexiblePlacementStrategy] Using flexible placement with hardware ranks: [[0], [1], [2], [3]], node groups: ['cluster'].
[36m(MultiStepRolloutWorker pid=189395)[0m [INFO 03:22:54 FlexiblePlacementStrategy] 
[36m(MultiStepRolloutWorker pid=189395)[0m [INFO 03:22:54 FlexiblePlacementStrategy] Using flexible placement with hardware ranks: [[0], [1], [2], [3]], node groups: ['cluster'].
[36m(MultiStepRolloutWorker pid=189407)[0m [INFO 03:22:54 FlexiblePlacementStrategy] 
[36m(MultiStepRolloutWorker pid=189407)[0m [INFO 03:22:54 FlexiblePlacementStrategy] Using flexible placement with hardware ranks: [[0], [1], [2], [3]], node groups: ['cluster'].
[36m(EnvGroup(rank=0) pid=189414)[0m [INFO 03:22:54 EnvGroup-Rank-0][env_worker.py:163] Env worker initialized with dst_rank_map: {'rollout_train': [(0, 16)]}
[36m(EnvGroup(rank=0) pid=189414)[0m [INFO 03:22:54 EnvGroup-Rank-0][env_worker.py:164] Env worker initialized with src_rank_map: {'rollout_train': [(0, 16)]}
[36m(EnvWorker pid=189414)[0m [INFO 03:22:54 FlexiblePlacementStrategy] 
[36m(EnvWorker pid=189414)[0m [INFO 03:22:54 FlexiblePlacementStrategy] Using flexible placement with hardware ranks: [[0], [1], [2], [3]], node groups: ['cluster'].
[36m(EnvGroup(rank=1) pid=189418)[0m [INFO 03:22:54 EnvGroup-Rank-1][env_worker.py:163] Env worker initialized with dst_rank_map: {'rollout_train': [(1, 16)]}
[36m(EnvGroup(rank=1) pid=189418)[0m [INFO 03:22:54 EnvGroup-Rank-1][env_worker.py:164] Env worker initialized with src_rank_map: {'rollout_train': [(1, 16)]}
[36m(EnvWorker pid=189418)[0m [INFO 03:22:54 FlexiblePlacementStrategy] 
[36m(EnvWorker pid=189418)[0m [INFO 03:22:54 FlexiblePlacementStrategy] Using flexible placement with hardware ranks: [[0], [1], [2], [3]], node groups: ['cluster'].
[36m(EnvGroup(rank=2) pid=189422)[0m [INFO 03:22:54 EnvGroup-Rank-2][env_worker.py:163] Env worker initialized with dst_rank_map: {'rollout_train': [(2, 16)]}
[36m(EnvGroup(rank=2) pid=189422)[0m [INFO 03:22:54 EnvGroup-Rank-2][env_worker.py:164] Env worker initialized with src_rank_map: {'rollout_train': [(2, 16)]}
[36m(EnvWorker pid=189422)[0m [INFO 03:22:54 FlexiblePlacementStrategy] 
[36m(EnvWorker pid=189422)[0m [INFO 03:22:54 FlexiblePlacementStrategy] Using flexible placement with hardware ranks: [[0], [1], [2], [3]], node groups: ['cluster'].
[36m(MultiStepRolloutWorker pid=189405)[0m [INFO 03:22:54 FlexiblePlacementStrategy] 
[36m(MultiStepRolloutWorker pid=189405)[0m [INFO 03:22:54 FlexiblePlacementStrategy] Using flexible placement with hardware ranks: [[0], [1], [2], [3]], node groups: ['cluster'].
[36m(EnvGroup(rank=3) pid=189482)[0m [INFO 03:22:54 EnvGroup-Rank-3][env_worker.py:163] Env worker initialized with dst_rank_map: {'rollout_train': [(3, 16)]}
[36m(EnvGroup(rank=3) pid=189482)[0m [INFO 03:22:54 EnvGroup-Rank-3][env_worker.py:164] Env worker initialized with src_rank_map: {'rollout_train': [(3, 16)]}
[36m(EnvWorker pid=189482)[0m [INFO 03:22:54 FlexiblePlacementStrategy] 
[36m(EnvWorker pid=189482)[0m [INFO 03:22:54 FlexiblePlacementStrategy] Using flexible placement with hardware ranks: [[0], [1], [2], [3]], node groups: ['cluster'].
[36m(EnvGroup(rank=0) pid=189414)[0m Gym has been unmaintained since 2022 and does not support NumPy 2.0 amongst other critical functionality.
[36m(EnvGroup(rank=0) pid=189414)[0m Please upgrade to Gymnasium, the maintained drop-in replacement of Gym, or contact the authors of your software and request that they upgrade.
[36m(EnvGroup(rank=0) pid=189414)[0m See the migration guide at https://gymnasium.farama.org/introduction/migration_guide/ for additional information.
[36m(EnvGroup(rank=0) pid=189414)[0m /venv/main/lib/python3.12/site-packages/robosuite/__init__.py:7: DeprecationWarning: The 'warn' method is deprecated, use 'warning' instead
[36m(EnvGroup(rank=0) pid=189414)[0m   ROBOSUITE_DEFAULT_LOGGER.warn("No private macro file found!")
[36m(EnvGroup(rank=0) pid=189414)[0m [robosuite WARNING] No private macro file found! (__init__.py:7)
[36m(EnvGroup(rank=0) pid=189414)[0m WARNING:robosuite_logs:No private macro file found!
[36m(EnvGroup(rank=0) pid=189414)[0m [robosuite WARNING] It is recommended to use a private macro file (__init__.py:8)
[36m(EnvGroup(rank=0) pid=189414)[0m WARNING:robosuite_logs:It is recommended to use a private macro file
[36m(EnvGroup(rank=0) pid=189414)[0m [robosuite WARNING] To setup, run: python /venv/main/lib/python3.12/site-packages/robosuite/scripts/setup_macros.py (__init__.py:9)
[36m(EnvGroup(rank=0) pid=189414)[0m WARNING:robosuite_logs:To setup, run: python /venv/main/lib/python3.12/site-packages/robosuite/scripts/setup_macros.py
[36m(EnvGroup(rank=0) pid=189414)[0m INFO:OpenGL.platform.ctypesloader:Failed to load library ( 'libOpenGL.so.0' ): libOpenGL.so.0: cannot open shared object file: No such file or directory
[36m(EnvGroup(rank=0) pid=189414)[0m INFO:OpenGL.acceleratesupport:No OpenGL_accelerate module loaded: No module named 'OpenGL_accelerate'
[36m(EnvGroup(rank=0) pid=189414)[0m INFO:OpenGL.platform.ctypesloader:Failed to load library ( 'libOpenGL.so.0' ): libOpenGL.so.0: cannot open shared object file: No such file or directory
[36m(EnvGroup(rank=1) pid=189418)[0m Gym has been unmaintained since 2022 and does not support NumPy 2.0 amongst other critical functionality.
[36m(EnvGroup(rank=1) pid=189418)[0m Please upgrade to Gymnasium, the maintained drop-in replacement of Gym, or contact the authors of your software and request that they upgrade.
[36m(EnvGroup(rank=1) pid=189418)[0m See the migration guide at https://gymnasium.farama.org/introduction/migration_guide/ for additional information.
[36m(EnvGroup(rank=1) pid=189418)[0m /venv/main/lib/python3.12/site-packages/robosuite/__init__.py:7: DeprecationWarning: The 'warn' method is deprecated, use 'warning' instead
[36m(EnvGroup(rank=1) pid=189418)[0m   ROBOSUITE_DEFAULT_LOGGER.warn("No private macro file found!")
[36m(EnvGroup(rank=1) pid=189418)[0m [robosuite WARNING] No private macro file found! (__init__.py:7)
[36m(EnvGroup(rank=1) pid=189418)[0m WARNING:robosuite_logs:No private macro file found!
[36m(EnvGroup(rank=1) pid=189418)[0m [robosuite WARNING] It is recommended to use a private macro file (__init__.py:8)
[36m(EnvGroup(rank=1) pid=189418)[0m WARNING:robosuite_logs:It is recommended to use a private macro file
[36m(EnvGroup(rank=1) pid=189418)[0m [robosuite WARNING] To setup, run: python /venv/main/lib/python3.12/site-packages/robosuite/scripts/setup_macros.py (__init__.py:9)
[36m(EnvGroup(rank=1) pid=189418)[0m WARNING:robosuite_logs:To setup, run: python /venv/main/lib/python3.12/site-packages/robosuite/scripts/setup_macros.py
[36m(EnvGroup(rank=1) pid=189418)[0m INFO:OpenGL.platform.ctypesloader:Failed to load library ( 'libOpenGL.so.0' ): libOpenGL.so.0: cannot open shared object file: No such file or directory
[36m(EnvGroup(rank=1) pid=189418)[0m INFO:OpenGL.acceleratesupport:No OpenGL_accelerate module loaded: No module named 'OpenGL_accelerate'
[36m(EnvGroup(rank=1) pid=189418)[0m INFO:OpenGL.platform.ctypesloader:Failed to load library ( 'libOpenGL.so.0' ): libOpenGL.so.0: cannot open shared object file: No such file or directory
[36m(EnvGroup(rank=2) pid=189422)[0m Gym has been unmaintained since 2022 and does not support NumPy 2.0 amongst other critical functionality.
[36m(EnvGroup(rank=2) pid=189422)[0m Please upgrade to Gymnasium, the maintained drop-in replacement of Gym, or contact the authors of your software and request that they upgrade.
[36m(EnvGroup(rank=2) pid=189422)[0m See the migration guide at https://gymnasium.farama.org/introduction/migration_guide/ for additional information.
[36m(EnvGroup(rank=2) pid=189422)[0m /venv/main/lib/python3.12/site-packages/robosuite/__init__.py:7: DeprecationWarning: The 'warn' method is deprecated, use 'warning' instead
[36m(EnvGroup(rank=2) pid=189422)[0m   ROBOSUITE_DEFAULT_LOGGER.warn("No private macro file found!")
[36m(EnvGroup(rank=2) pid=189422)[0m [robosuite WARNING] No private macro file found! (__init__.py:7)
[36m(EnvGroup(rank=2) pid=189422)[0m WARNING:robosuite_logs:No private macro file found!
[36m(EnvGroup(rank=2) pid=189422)[0m [robosuite WARNING] It is recommended to use a private macro file (__init__.py:8)
[36m(EnvGroup(rank=2) pid=189422)[0m WARNING:robosuite_logs:It is recommended to use a private macro file
[36m(EnvGroup(rank=2) pid=189422)[0m [robosuite WARNING] To setup, run: python /venv/main/lib/python3.12/site-packages/robosuite/scripts/setup_macros.py (__init__.py:9)
[36m(EnvGroup(rank=2) pid=189422)[0m WARNING:robosuite_logs:To setup, run: python /venv/main/lib/python3.12/site-packages/robosuite/scripts/setup_macros.py
[36m(EnvGroup(rank=3) pid=189482)[0m Gym has been unmaintained since 2022 and does not support NumPy 2.0 amongst other critical functionality.
[36m(EnvGroup(rank=3) pid=189482)[0m Please upgrade to Gymnasium, the maintained drop-in replacement of Gym, or contact the authors of your software and request that they upgrade.
[36m(EnvGroup(rank=3) pid=189482)[0m See the migration guide at https://gymnasium.farama.org/introduction/migration_guide/ for additional information.
[36m(EnvGroup(rank=3) pid=189482)[0m /venv/main/lib/python3.12/site-packages/robosuite/__init__.py:7: DeprecationWarning: The 'warn' method is deprecated, use 'warning' instead
[36m(EnvGroup(rank=3) pid=189482)[0m   ROBOSUITE_DEFAULT_LOGGER.warn("No private macro file found!")
[36m(EnvGroup(rank=3) pid=189482)[0m [robosuite WARNING] No private macro file found! (__init__.py:7)
[36m(EnvGroup(rank=3) pid=189482)[0m WARNING:robosuite_logs:No private macro file found!
[36m(EnvGroup(rank=3) pid=189482)[0m [robosuite WARNING] It is recommended to use a private macro file (__init__.py:8)
[36m(EnvGroup(rank=3) pid=189482)[0m WARNING:robosuite_logs:It is recommended to use a private macro file
[36m(EnvGroup(rank=3) pid=189482)[0m [robosuite WARNING] To setup, run: python /venv/main/lib/python3.12/site-packages/robosuite/scripts/setup_macros.py (__init__.py:9)
[36m(EnvGroup(rank=3) pid=189482)[0m WARNING:robosuite_logs:To setup, run: python /venv/main/lib/python3.12/site-packages/robosuite/scripts/setup_macros.py
[36m(EnvGroup(rank=3) pid=189482)[0m INFO:OpenGL.platform.ctypesloader:Failed to load library ( 'libOpenGL.so.0' ): libOpenGL.so.0: cannot open shared object file: No such file or directory
[36m(EnvGroup(rank=3) pid=189482)[0m INFO:OpenGL.acceleratesupport:No OpenGL_accelerate module loaded: No module named 'OpenGL_accelerate'
[36m(EnvGroup(rank=3) pid=189482)[0m INFO:OpenGL.platform.ctypesloader:Failed to load library ( 'libOpenGL.so.0' ): libOpenGL.so.0: cannot open shared object file: No such file or directory
[36m(EmbodiedFSDPActor pid=189385)[0m [INFO 03:22:55 ActorGroup-Rank-2][fsdp_model_manager.py:115] [FSDP] AMP is disabled.
[36m(EmbodiedFSDPActor pid=189385)[0m [INFO 03:22:55 FlexiblePlacementStrategy] 
[36m(EmbodiedFSDPActor pid=189385)[0m [INFO 03:22:55 FlexiblePlacementStrategy] Using flexible placement with hardware ranks: [[0], [1], [2], [3]], node groups: ['cluster'].
[36m(EnvGroup(rank=2) pid=189422)[0m INFO:OpenGL.platform.ctypesloader:Failed to load library ( 'libOpenGL.so.0' ): libOpenGL.so.0: cannot open shared object file: No such file or directory
[36m(EnvGroup(rank=2) pid=189422)[0m INFO:OpenGL.acceleratesupport:No OpenGL_accelerate module loaded: No module named 'OpenGL_accelerate'
[36m(EnvGroup(rank=2) pid=189422)[0m INFO:OpenGL.platform.ctypesloader:Failed to load library ( 'libOpenGL.so.0' ): libOpenGL.so.0: cannot open shared object file: No such file or directory
[36m(EmbodiedFSDPActor pid=189387)[0m [INFO 03:22:55 ActorGroup-Rank-3][fsdp_model_manager.py:115] [FSDP] AMP is disabled.
[36m(EmbodiedFSDPActor pid=189387)[0m [INFO 03:22:55 FlexiblePlacementStrategy] 
[36m(EmbodiedFSDPActor pid=189387)[0m [INFO 03:22:55 FlexiblePlacementStrategy] Using flexible placement with hardware ranks: [[0], [1], [2], [3]], node groups: ['cluster'].
[36m(EmbodiedFSDPActor pid=189383)[0m [INFO 03:22:55 ActorGroup-Rank-0][fsdp_model_manager.py:115] [FSDP] AMP is disabled.
[36m(EmbodiedFSDPActor pid=189383)[0m [INFO 03:22:55 FlexiblePlacementStrategy] 
[36m(EmbodiedFSDPActor pid=189383)[0m [INFO 03:22:55 FlexiblePlacementStrategy] Using flexible placement with hardware ranks: [[0], [1], [2], [3]], node groups: ['cluster'].
[36m(RolloutGroup(rank=0) pid=189388)[0m INFO:fastwam.models.wan22.helpers.loader:Loading Wan2.2-TI2V-5B components...
[36m(RolloutGroup(rank=0) pid=189388)[0m INFO:fastwam.models.wan22.helpers.loader:Skipping pretrained video DiT load (`skip_dit_load_from_pretrain=True`); initializing video expert randomly and expecting checkpoint override.
[36m(EnvGroup(rank=0) pid=189414)[0m [info] using task orders [0, 1, 2, 3, 4, 5, 6, 7, 8, 9, 10, 11, 12, 13, 14, 15, 16, 17, 18, 19, 20, 21, 22, 23, 24, 25, 26, 27, 28, 29, 30, 31, 32, 33, 34, 35, 36, 37, 38, 39, 40, 41, 42, 43, 44, 45, 46, 47, 48, 49, 50, 51, 52, 53, 54, 55, 56, 57, 58, 59, 60, 61, 62, 63, 64, 65, 66, 67, 68, 69, 70, 71, 72, 73, 74, 75, 76, 77, 78, 79, 80, 81, 82, 83, 84, 85, 86, 87, 88, 89, 90, 91, 92, 93, 94, 95, 96, 97, 98, 99, 100, 101, 102, 103, 104, 105, 106, 107, 108, 109, 110, 111, 112, 113, 114, 115, 116, 117, 118, 119, 120, 121, 122, 123, 124, 125, 126, 127, 128, 129, 130, 131, 132, 133, 134, 135, 136, 137, 138, 139, 140, 141, 142, 143, 144, 145, 146, 147, 148, 149, 150, 151, 152, 153, 154, 155, 156, 157, 158, 159, 160, 161, 162, 163, 164, 165, 166, 167, 168, 169, 170, 171, 172, 173, 174, 175, 176, 177, 178, 179, 180, 181, 182, 183, 184, 185, 186, 187, 188, 189, 190, 191, 192, 193, 194, 195, 196, 197, 198, 199, 200, 201, 202, 203, 204, 205, 206, 207, 208, 209, 210, 211, 212, 213, 214, 215, 216, 217, 218, 219, 220, 221, 222, 223, 224, 225, 226, 227, 228, 229, 230, 231, 232, 233, 234, 235, 236, 237, 238, 239, 240, 241, 242, 243, 244, 245, 246, 247, 248, 249, 250, 251, 252, 253, 254, 255, 256, 257, 258, 259, 260, 261, 262, 263, 264, 265, 266, 267, 268, 269, 270, 271, 272, 273, 274, 275, 276, 277, 278, 279, 280, 281, 282, 283, 284, 285, 286, 287, 288, 289, 290, 291, 292, 293, 294, 295, 296, 297, 298, 299, 300, 301, 302, 303, 304, 305, 306, 307, 308, 309, 310, 311, 312, 313, 314, 315, 316, 317, 318, 319, 320, 321, 322, 323, 324, 325, 326, 327, 328, 329, 330, 331, 332, 333, 334, 335, 336, 337, 338, 339, 340, 341, 342, 343, 344, 345, 346, 347, 348, 349, 350, 351, 352, 353, 354, 355, 356, 357, 358, 359, 360, 361, 362, 363, 364, 365, 366, 367, 368, 369, 370, 371, 372, 373, 374, 375, 376, 377, 378, 379, 380, 381, 382, 383, 384, 385, 386, 387, 388, 389, 390, 391, 392, 393, 394, 395, 396, 397, 398, 399, 400, 401, 402, 403, 404, 405, 406, 407, 408, 409, 410, 411, 412, 413, 414, 415, 416, 417, 418, 419, 420, 421, 422, 423, 424, 425, 426, 427, 428, 429, 430, 431, 432, 433, 434, 435, 436, 437, 438, 439, 440, 441, 442, 443, 444, 445, 446, 447, 448, 449, 450, 451, 452, 453, 454, 455, 456, 457, 458, 459, 460, 461, 462, 463, 464, 465, 466, 467, 468, 469, 470, 471, 472, 473, 474, 475, 476, 477, 478, 479, 480, 481, 482, 483, 484, 485, 486, 487, 488, 489, 490, 491, 492, 493, 494, 495, 496, 497, 498, 499, 500, 501, 502, 503, 504, 505, 506, 507, 508, 509, 510, 511, 512, 513, 514, 515, 516, 517, 518, 519, 520, 521, 522, 523, 524, 525, 526, 527, 528, 529, 530, 531, 532, 533, 534, 535, 536, 537, 538, 539, 540, 541, 542, 543, 544, 545, 546, 547, 548, 549, 550, 551, 552, 553, 554, 555, 556, 557, 558, 559, 560, 561, 562, 563, 564, 565, 566, 567, 568, 569, 570, 571, 572, 573, 574, 575, 576, 577, 578, 579, 580, 581, 582, 583, 584, 585, 586, 587, 588, 589, 590, 591, 592, 593, 594, 595, 596, 597, 598, 599, 600, 601, 602, 603, 604, 605, 606, 607, 608, 609, 610, 611, 612, 613, 614, 615, 616, 617, 618, 619, 620, 621, 622, 623, 624, 625, 626, 627, 628, 629, 630, 631, 632, 633, 634, 635, 636, 637, 638, 639, 640, 641, 642, 643, 644, 645, 646, 647, 648, 649, 650, 651, 652, 653, 654, 655, 656, 657, 658, 659, 660, 661, 662, 663, 664, 665, 666, 667, 668, 669, 670, 671, 672, 673, 674, 675, 676, 677, 678, 679, 680, 681, 682, 683, 684, 685, 686, 687, 688, 689, 690, 691, 692, 693, 694, 695, 696, 697, 698, 699, 700, 701, 702, 703, 704, 705, 706, 707, 708, 709, 710, 711, 712, 713, 714, 715, 716, 717, 718, 719, 720, 721, 722, 723, 724, 725, 726, 727, 728, 729, 730, 731, 732, 733, 734, 735, 736, 737, 738, 739, 740, 741, 742, 743, 744, 745, 746, 747, 748, 749, 750, 751, 752, 753, 754, 755, 756, 757, 758, 759, 760, 761, 762, 763, 764, 765, 766, 767, 768, 769, 770, 771, 772, 773, 774, 775, 776, 777, 778, 779, 780, 781, 782, 783, 784, 785, 786, 787, 788, 789, 790, 791, 792, 793, 794, 795, 796, 797, 798, 799, 800, 801, 802, 803, 804, 805, 806, 807, 808, 809, 810, 811, 812, 813, 814, 815, 816, 817, 818, 819, 820, 821, 822, 823, 824, 825, 826, 827, 828, 829, 830, 831, 832, 833, 834, 835, 836, 837, 838, 839, 840, 841, 842, 843, 844, 845, 846, 847, 848, 849, 850, 851, 852, 853, 854, 855, 856, 857, 858, 859, 860, 861, 862, 863, 864, 865, 866, 867, 868, 869, 870, 871, 872, 873, 874, 875, 876, 877, 878, 879, 880, 881, 882, 883, 884, 885, 886, 887, 888, 889, 890, 891, 892, 893, 894, 895, 896, 897, 898, 899, 900, 901, 902, 903, 904, 905, 906, 907, 908, 909, 910, 911, 912, 913, 914, 915, 916, 917, 918, 919, 920, 921, 922, 923, 924, 925, 926, 927, 928, 929, 930, 931, 932, 933, 934, 935, 936, 937, 938, 939, 940, 941, 942, 943, 944, 945, 946, 947, 948, 949, 950, 951, 952, 953, 954, 955, 956, 957, 958, 959, 960, 961, 962, 963, 964, 965, 966, 967, 968, 969, 970, 971, 972, 973, 974, 975, 976, 977, 978, 979, 980, 981, 982, 983, 984, 985, 986, 987, 988, 989, 990, 991, 992, 993, 994, 995, 996, 997, 998, 999, 1000, 1001, 1002, 1003, 1004, 1005, 1006, 1007, 1008, 1009, 1010, 1011, 1012, 1013, 1014, 1015, 1016, 1017, 1018, 1019, 1020, 1021, 1022, 1023, 1024, 1025, 1026, 1027, 1028, 1029, 1030, 1031, 1032, 1033, 1034, 1035, 1036, 1037, 1038, 1039, 1040, 1041, 1042, 1043, 1044, 1045, 1046, 1047, 1048, 1049, 1050, 1051, 1052, 1053, 1054, 1055, 1056, 1057, 1058, 1059, 1060, 1061, 1062, 1063, 1064, 1065, 1066, 1067, 1068, 1069, 1070, 1071, 1072, 1073, 1074, 1075, 1076, 1077, 1078, 1079, 1080, 1081, 1082, 1083, 1084, 1085, 1086, 1087, 1088, 1089, 1090, 1091, 1092, 1093, 1094, 1095, 1096, 1097, 1098, 1099, 1100, 1101, 1102, 1103, 1104, 1105, 1106, 1107, 1108, 1109, 1110, 1111, 1112, 1113, 1114, 1115, 1116, 1117, 1118, 1119, 1120, 1121, 1122, 1123, 1124, 1125, 1126, 1127, 1128, 1129, 1130, 1131, 1132, 1133, 1134, 1135, 1136, 1137, 1138, 1139, 1140, 1141, 1142, 1143, 1144, 1145, 1146, 1147, 1148, 1149, 1150, 1151, 1152, 1153, 1154, 1155, 1156, 1157, 1158, 1159, 1160, 1161, 1162, 1163, 1164, 1165, 1166, 1167, 1168, 1169, 1170, 1171, 1172, 1173, 1174, 1175, 1176, 1177, 1178, 1179, 1180, 1181, 1182, 1183, 1184, 1185, 1186, 1187, 1188, 1189, 1190, 1191, 1192, 1193, 1194, 1195, 1196, 1197, 1198, 1199, 1200, 1201, 1202, 1203, 1204, 1205, 1206, 1207, 1208, 1209, 1210, 1211, 1212, 1213, 1214, 1215, 1216, 1217, 1218, 1219, 1220, 1221, 1222, 1223, 1224, 1225, 1226, 1227, 1228, 1229, 1230, 1231, 1232, 1233, 1234, 1235, 1236, 1237, 1238, 1239, 1240, 1241, 1242, 1243, 1244, 1245, 1246, 1247, 1248, 1249, 1250, 1251, 1252, 1253, 1254, 1255, 1256, 1257, 1258, 1259, 1260, 1261, 1262, 1263, 1264, 1265, 1266, 1267, 1268, 1269, 1270, 1271, 1272, 1273, 1274, 1275, 1276, 1277, 1278, 1279, 1280, 1281, 1282, 1283, 1284, 1285, 1286, 1287, 1288, 1289, 1290, 1291, 1292, 1293, 1294, 1295, 1296, 1297, 1298, 1299, 1300, 1301, 1302, 1303, 1304, 1305, 1306, 1307, 1308, 1309, 1310, 1311, 1312, 1313, 1314, 1315, 1316, 1317, 1318, 1319, 1320, 1321, 1322, 1323, 1324, 1325, 1326, 1327, 1328, 1329, 1330, 1331, 1332, 1333, 1334, 1335, 1336, 1337, 1338, 1339, 1340, 1341, 1342, 1343, 1344, 1345, 1346, 1347, 1348, 1349, 1350, 1351, 1352, 1353, 1354, 1355, 1356, 1357, 1358, 1359, 1360, 1361, 1362, 1363, 1364, 1365, 1366, 1367, 1368, 1369, 1370, 1371, 1372, 1373, 1374, 1375, 1376, 1377, 1378, 1379, 1380, 1381, 1382, 1383, 1384, 1385, 1386, 1387, 1388, 1389, 1390, 1391, 1392, 1393, 1394, 1395, 1396, 1397, 1398, 1399, 1400, 1401, 1402, 1403, 1404, 1405, 1406, 1407, 1408, 1409, 1410, 1411, 1412, 1413, 1414, 1415, 1416, 1417, 1418, 1419, 1420, 1421, 1422, 1423, 1424, 1425, 1426, 1427, 1428, 1429, 1430, 1431, 1432, 1433, 1434, 1435, 1436, 1437, 1438, 1439, 1440, 1441, 1442, 1443, 1444, 1445, 1446, 1447, 1448, 1449, 1450, 1451, 1452, 1453, 1454, 1455, 1456, 1457, 1458, 1459, 1460, 1461, 1462, 1463, 1464, 1465, 1466, 1467, 1468, 1469, 1470, 1471, 1472, 1473, 1474, 1475, 1476, 1477, 1478, 1479, 1480, 1481, 1482, 1483, 1484, 1485, 1486, 1487, 1488, 1489, 1490, 1491, 1492, 1493, 1494, 1495, 1496, 1497, 1498, 1499, 1500, 1501, 1502, 1503, 1504, 1505, 1506, 1507, 1508, 1509, 1510, 1511, 1512, 1513, 1514, 1515, 1516, 1517, 1518, 1519, 1520, 1521, 1522, 1523, 1524, 1525, 1526, 1527, 1528, 1529, 1530, 1531, 1532, 1533, 1534, 1535, 1536, 1537, 1538, 1539, 1540, 1541, 1542, 1543, 1544, 1545, 1546, 1547, 1548, 1549, 1550, 1551, 1552, 1553, 1554, 1555, 1556, 1557, 1558, 1559, 1560, 1561, 1562, 1563, 1564, 1565, 1566, 1567, 1568, 1569, 1570, 1571, 1572, 1573, 1574, 1575, 1576, 1577, 1578, 1579, 1580, 1581, 1582, 1583, 1584, 1585, 1586, 1587, 1588, 1589, 1590, 1591, 1592, 1593, 1594, 1595, 1596, 1597, 1598, 1599, 1600, 1601, 1602, 1603, 1604, 1605, 1606, 1607, 1608, 1609, 1610, 1611, 1612, 1613, 1614, 1615, 1616, 1617, 1618, 1619, 1620, 1621, 1622, 1623, 1624, 1625, 1626, 1627, 1628, 1629, 1630, 1631, 1632, 1633, 1634, 1635, 1636, 1637, 1638, 1639, 1640, 1641, 1642, 1643, 1644, 1645, 1646, 1647, 1648, 1649, 1650, 1651, 1652, 1653, 1654, 1655, 1656, 1657, 1658, 1659, 1660, 1661, 1662, 1663, 1664, 1665, 1666, 1667, 1668, 1669, 1670, 1671, 1672, 1673, 1674, 1675, 1676, 1677, 1678, 1679, 1680, 1681, 1682, 1683, 1684, 1685, 1686, 1687, 1688, 1689, 1690, 1691, 1692, 1693, 1694, 1695, 1696, 1697, 1698, 1699, 1700, 1701, 1702, 1703, 1704, 1705, 1706, 1707, 1708, 1709, 1710, 1711, 1712, 1713, 1714, 1715, 1716, 1717, 1718, 1719, 1720, 1721, 1722, 1723, 1724, 1725, 1726, 1727, 1728, 1729, 1730, 1731, 1732, 1733, 1734, 1735, 1736, 1737, 1738, 1739, 1740, 1741, 1742, 1743, 1744, 1745, 1746, 1747, 1748, 1749, 1750, 1751, 1752, 1753, 1754, 1755, 1756, 1757, 1758, 1759, 1760, 1761, 1762, 1763, 1764, 1765, 1766, 1767, 1768, 1769, 1770, 1771, 1772, 1773, 1774, 1775, 1776, 1777, 1778, 1779, 1780, 1781, 1782, 1783, 1784, 1785, 1786, 1787, 1788, 1789, 1790, 1791, 1792, 1793, 1794, 1795, 1796, 1797, 1798, 1799, 1800, 1801, 1802, 1803, 1804, 1805, 1806, 1807, 1808, 1809, 1810, 1811, 1812, 1813, 1814, 1815, 1816, 1817, 1818, 1819, 1820, 1821, 1822, 1823, 1824, 1825, 1826, 1827, 1828, 1829, 1830, 1831, 1832, 1833, 1834, 1835, 1836, 1837, 1838, 1839, 1840, 1841, 1842, 1843, 1844, 1845, 1846, 1847, 1848, 1849, 1850, 1851, 1852, 1853, 1854, 1855, 1856, 1857, 1858, 1859, 1860, 1861, 1862, 1863, 1864, 1865, 1866, 1867, 1868, 1869, 1870, 1871, 1872, 1873, 1874, 1875, 1876, 1877, 1878, 1879, 1880, 1881, 1882, 1883, 1884, 1885, 1886, 1887, 1888, 1889, 1890, 1891, 1892, 1893, 1894, 1895, 1896, 1897, 1898, 1899, 1900, 1901, 1902, 1903, 1904, 1905, 1906, 1907, 1908, 1909, 1910, 1911, 1912, 1913, 1914, 1915, 1916, 1917, 1918, 1919, 1920, 1921, 1922, 1923, 1924, 1925, 1926, 1927, 1928, 1929, 1930, 1931, 1932, 1933, 1934, 1935, 1936, 1937, 1938, 1939, 1940, 1941, 1942, 1943, 1944, 1945, 1946, 1947, 1948, 1949, 1950, 1951, 1952, 1953, 1954, 1955, 1956, 1957, 1958, 1959, 1960, 1961, 1962, 1963, 1964, 1965, 1966, 1967, 1968, 1969, 1970, 1971, 1972, 1973, 1974, 1975, 1976, 1977, 1978, 1979, 1980, 1981, 1982, 1983, 1984, 1985, 1986, 1987, 1988, 1989, 1990, 1991, 1992, 1993, 1994, 1995, 1996, 1997, 1998, 1999, 2000, 2001, 2002, 2003, 2004, 2005, 2006, 2007, 2008, 2009, 2010, 2011, 2012, 2013, 2014, 2015, 2016, 2017, 2018, 2019, 2020, 2021, 2022, 2023, 2024, 2025, 2026, 2027, 2028, 2029, 2030, 2031, 2032, 2033, 2034, 2035, 2036, 2037, 2038, 2039, 2040, 2041, 2042, 2043, 2044, 2045, 2046, 2047, 2048, 2049, 2050, 2051, 2052, 2053, 2054, 2055, 2056, 2057, 2058, 2059, 2060, 2061, 2062, 2063, 2064, 2065, 2066, 2067, 2068, 2069, 2070, 2071, 2072, 2073, 2074, 2075, 2076, 2077, 2078, 2079, 2080, 2081, 2082, 2083, 2084, 2085, 2086, 2087, 2088, 2089, 2090, 2091, 2092, 2093, 2094, 2095, 2096, 2097, 2098, 2099, 2100, 2101, 2102, 2103, 2104, 2105, 2106, 2107, 2108, 2109, 2110, 2111, 2112, 2113, 2114, 2115, 2116, 2117, 2118, 2119, 2120, 2121, 2122, 2123, 2124, 2125, 2126, 2127, 2128, 2129, 2130, 2131, 2132, 2133, 2134, 2135, 2136, 2137, 2138, 2139, 2140, 2141, 2142, 2143, 2144, 2145, 2146, 2147, 2148, 2149, 2150, 2151, 2152, 2153, 2154, 2155, 2156, 2157, 2158, 2159, 2160, 2161, 2162, 2163, 2164, 2165, 2166, 2167, 2168, 2169, 2170, 2171, 2172, 2173, 2174, 2175, 2176, 2177, 2178, 2179, 2180, 2181, 2182, 2183, 2184, 2185, 2186, 2187, 2188, 2189, 2190, 2191, 2192, 2193, 2194, 2195, 2196, 2197, 2198, 2199, 2200, 2201, 2202, 2203, 2204, 2205, 2206, 2207, 2208, 2209, 2210, 2211, 2212, 2213, 2214, 2215, 2216, 2217, 2218, 2219, 2220, 2221, 2222, 2223, 2224, 2225, 2226, 2227, 2228, 2229, 2230, 2231, 2232, 2233, 2234, 2235, 2236, 2237, 2238, 2239, 2240, 2241, 2242, 2243, 2244, 2245, 2246, 2247, 2248, 2249, 2250, 2251, 2252, 2253, 2254, 2255, 2256, 2257, 2258, 2259, 2260, 2261, 2262, 2263, 2264, 2265, 2266, 2267, 2268, 2269, 2270, 2271, 2272, 2273, 2274, 2275, 2276, 2277, 2278, 2279, 2280, 2281, 2282, 2283, 2284, 2285, 2286, 2287, 2288, 2289, 2290, 2291, 2292, 2293, 2294, 2295, 2296, 2297, 2298, 2299, 2300, 2301, 2302, 2303, 2304, 2305, 2306, 2307, 2308, 2309, 2310, 2311, 2312, 2313, 2314, 2315, 2316, 2317, 2318, 2319, 2320, 2321, 2322, 2323, 2324, 2325, 2326, 2327, 2328, 2329, 2330, 2331, 2332, 2333, 2334, 2335, 2336, 2337, 2338, 2339, 2340, 2341, 2342, 2343, 2344, 2345, 2346, 2347, 2348, 2349, 2350, 2351, 2352, 2353, 2354, 2355, 2356, 2357, 2358, 2359, 2360, 2361, 2362, 2363, 2364, 2365, 2366, 2367, 2368, 2369, 2370, 2371, 2372, 2373, 2374, 2375, 2376, 2377, 2378, 2379, 2380, 2381, 2382, 2383, 2384, 2385, 2386, 2387, 2388, 2389, 2390, 2391, 2392, 2393, 2394, 2395, 2396, 2397, 2398, 2399, 2400, 2401]
[36m(EnvGroup(rank=1) pid=189418)[0m [info] using task orders [0, 1, 2, 3, 4, 5, 6, 7, 8, 9, 10, 11, 12, 13, 14, 15, 16, 17, 18, 19, 20, 21, 22, 23, 24, 25, 26, 27, 28, 29, 30, 31, 32, 33, 34, 35, 36, 37, 38, 39, 40, 41, 42, 43, 44, 45, 46, 47, 48, 49, 50, 51, 52, 53, 54, 55, 56, 57, 58, 59, 60, 61, 62, 63, 64, 65, 66, 67, 68, 69, 70, 71, 72, 73, 74, 75, 76, 77, 78, 79, 80, 81, 82, 83, 84, 85, 86, 87, 88, 89, 90, 91, 92, 93, 94, 95, 96, 97, 98, 99, 100, 101, 102, 103, 104, 105, 106, 107, 108, 109, 110, 111, 112, 113, 114, 115, 116, 117, 118, 119, 120, 121, 122, 123, 124, 125, 126, 127, 128, 129, 130, 131, 132, 133, 134, 135, 136, 137, 138, 139, 140, 141, 142, 143, 144, 145, 146, 147, 148, 149, 150, 151, 152, 153, 154, 155, 156, 157, 158, 159, 160, 161, 162, 163, 164, 165, 166, 167, 168, 169, 170, 171, 172, 173, 174, 175, 176, 177, 178, 179, 180, 181, 182, 183, 184, 185, 186, 187, 188, 189, 190, 191, 192, 193, 194, 195, 196, 197, 198, 199, 200, 201, 202, 203, 204, 205, 206, 207, 208, 209, 210, 211, 212, 213, 214, 215, 216, 217, 218, 219, 220, 221, 222, 223, 224, 225, 226, 227, 228, 229, 230, 231, 232, 233, 234, 235, 236, 237, 238, 239, 240, 241, 242, 243, 244, 245, 246, 247, 248, 249, 250, 251, 252, 253, 254, 255, 256, 257, 258, 259, 260, 261, 262, 263, 264, 265, 266, 267, 268, 269, 270, 271, 272, 273, 274, 275, 276, 277, 278, 279, 280, 281, 282, 283, 284, 285, 286, 287, 288, 289, 290, 291, 292, 293, 294, 295, 296, 297, 298, 299, 300, 301, 302, 303, 304, 305, 306, 307, 308, 309, 310, 311, 312, 313, 314, 315, 316, 317, 318, 319, 320, 321, 322, 323, 324, 325, 326, 327, 328, 329, 330, 331, 332, 333, 334, 335, 336, 337, 338, 339, 340, 341, 342, 343, 344, 345, 346, 347, 348, 349, 350, 351, 352, 353, 354, 355, 356, 357, 358, 359, 360, 361, 362, 363, 364, 365, 366, 367, 368, 369, 370, 371, 372, 373, 374, 375, 376, 377, 378, 379, 380, 381, 382, 383, 384, 385, 386, 387, 388, 389, 390, 391, 392, 393, 394, 395, 396, 397, 398, 399, 400, 401, 402, 403, 404, 405, 406, 407, 408, 409, 410, 411, 412, 413, 414, 415, 416, 417, 418, 419, 420, 421, 422, 423, 424, 425, 426, 427, 428, 429, 430, 431, 432, 433, 434, 435, 436, 437, 438, 439, 440, 441, 442, 443, 444, 445, 446, 447, 448, 449, 450, 451, 452, 453, 454, 455, 456, 457, 458, 459, 460, 461, 462, 463, 464, 465, 466, 467, 468, 469, 470, 471, 472, 473, 474, 475, 476, 477, 478, 479, 480, 481, 482, 483, 484, 485, 486, 487, 488, 489, 490, 491, 492, 493, 494, 495, 496, 497, 498, 499, 500, 501, 502, 503, 504, 505, 506, 507, 508, 509, 510, 511, 512, 513, 514, 515, 516, 517, 518, 519, 520, 521, 522, 523, 524, 525, 526, 527, 528, 529, 530, 531, 532, 533, 534, 535, 536, 537, 538, 539, 540, 541, 542, 543, 544, 545, 546, 547, 548, 549, 550, 551, 552, 553, 554, 555, 556, 557, 558, 559, 560, 561, 562, 563, 564, 565, 566, 567, 568, 569, 570, 571, 572, 573, 574, 575, 576, 577, 578, 579, 580, 581, 582, 583, 584, 585, 586, 587, 588, 589, 590, 591, 592, 593, 594, 595, 596, 597, 598, 599, 600, 601, 602, 603, 604, 605, 606, 607, 608, 609, 610, 611, 612, 613, 614, 615, 616, 617, 618, 619, 620, 621, 622, 623, 624, 625, 626, 627, 628, 629, 630, 631, 632, 633, 634, 635, 636, 637, 638, 639, 640, 641, 642, 643, 644, 645, 646, 647, 648, 649, 650, 651, 652, 653, 654, 655, 656, 657, 658, 659, 660, 661, 662, 663, 664, 665, 666, 667, 668, 669, 670, 671, 672, 673, 674, 675, 676, 677, 678, 679, 680, 681, 682, 683, 684, 685, 686, 687, 688, 689, 690, 691, 692, 693, 694, 695, 696, 697, 698, 699, 700, 701, 702, 703, 704, 705, 706, 707, 708, 709, 710, 711, 712, 713, 714, 715, 716, 717, 718, 719, 720, 721, 722, 723, 724, 725, 726, 727, 728, 729, 730, 731, 732, 733, 734, 735, 736, 737, 738, 739, 740, 741, 742, 743, 744, 745, 746, 747, 748, 749, 750, 751, 752, 753, 754, 755, 756, 757, 758, 759, 760, 761, 762, 763, 764, 765, 766, 767, 768, 769, 770, 771, 772, 773, 774, 775, 776, 777, 778, 779, 780, 781, 782, 783, 784, 785, 786, 787, 788, 789, 790, 791, 792, 793, 794, 795, 796, 797, 798, 799, 800, 801, 802, 803, 804, 805, 806, 807, 808, 809, 810, 811, 812, 813, 814, 815, 816, 817, 818, 819, 820, 821, 822, 823, 824, 825, 826, 827, 828, 829, 830, 831, 832, 833, 834, 835, 836, 837, 838, 839, 840, 841, 842, 843, 844, 845, 846, 847, 848, 849, 850, 851, 852, 853, 854, 855, 856, 857, 858, 859, 860, 861, 862, 863, 864, 865, 866, 867, 868, 869, 870, 871, 872, 873, 874, 875, 876, 877, 878, 879, 880, 881, 882, 883, 884, 885, 886, 887, 888, 889, 890, 891, 892, 893, 894, 895, 896, 897, 898, 899, 900, 901, 902, 903, 904, 905, 906, 907, 908, 909, 910, 911, 912, 913, 914, 915, 916, 917, 918, 919, 920, 921, 922, 923, 924, 925, 926, 927, 928, 929, 930, 931, 932, 933, 934, 935, 936, 937, 938, 939, 940, 941, 942, 943, 944, 945, 946, 947, 948, 949, 950, 951, 952, 953, 954, 955, 956, 957, 958, 959, 960, 961, 962, 963, 964, 965, 966, 967, 968, 969, 970, 971, 972, 973, 974, 975, 976, 977, 978, 979, 980, 981, 982, 983, 984, 985, 986, 987, 988, 989, 990, 991, 992, 993, 994, 995, 996, 997, 998, 999, 1000, 1001, 1002, 1003, 1004, 1005, 1006, 1007, 1008, 1009, 1010, 1011, 1012, 1013, 1014, 1015, 1016, 1017, 1018, 1019, 1020, 1021, 1022, 1023, 1024, 1025, 1026, 1027, 1028, 1029, 1030, 1031, 1032, 1033, 1034, 1035, 1036, 1037, 1038, 1039, 1040, 1041, 1042, 1043, 1044, 1045, 1046, 1047, 1048, 1049, 1050, 1051, 1052, 1053, 1054, 1055, 1056, 1057, 1058, 1059, 1060, 1061, 1062, 1063, 1064, 1065, 1066, 1067, 1068, 1069, 1070, 1071, 1072, 1073, 1074, 1075, 1076, 1077, 1078, 1079, 1080, 1081, 1082, 1083, 1084, 1085, 1086, 1087, 1088, 1089, 1090, 1091, 1092, 1093, 1094, 1095, 1096, 1097, 1098, 1099, 1100, 1101, 1102, 1103, 1104, 1105, 1106, 1107, 1108, 1109, 1110, 1111, 1112, 1113, 1114, 1115, 1116, 1117, 1118, 1119, 1120, 1121, 1122, 1123, 1124, 1125, 1126, 1127, 1128, 1129, 1130, 1131, 1132, 1133, 1134, 1135, 1136, 1137, 1138, 1139, 1140, 1141, 1142, 1143, 1144, 1145, 1146, 1147, 1148, 1149, 1150, 1151, 1152, 1153, 1154, 1155, 1156, 1157, 1158, 1159, 1160, 1161, 1162, 1163, 1164, 1165, 1166, 1167, 1168, 1169, 1170, 1171, 1172, 1173, 1174, 1175, 1176, 1177, 1178, 1179, 1180, 1181, 1182, 1183, 1184, 1185, 1186, 1187, 1188, 1189, 1190, 1191, 1192, 1193, 1194, 1195, 1196, 1197, 1198, 1199, 1200, 1201, 1202, 1203, 1204, 1205, 1206, 1207, 1208, 1209, 1210, 1211, 1212, 1213, 1214, 1215, 1216, 1217, 1218, 1219, 1220, 1221, 1222, 1223, 1224, 1225, 1226, 1227, 1228, 1229, 1230, 1231, 1232, 1233, 1234, 1235, 1236, 1237, 1238, 1239, 1240, 1241, 1242, 1243, 1244, 1245, 1246, 1247, 1248, 1249, 1250, 1251, 1252, 1253, 1254, 1255, 1256, 1257, 1258, 1259, 1260, 1261, 1262, 1263, 1264, 1265, 1266, 1267, 1268, 1269, 1270, 1271, 1272, 1273, 1274, 1275, 1276, 1277, 1278, 1279, 1280, 1281, 1282, 1283, 1284, 1285, 1286, 1287, 1288, 1289, 1290, 1291, 1292, 1293, 1294, 1295, 1296, 1297, 1298, 1299, 1300, 1301, 1302, 1303, 1304, 1305, 1306, 1307, 1308, 1309, 1310, 1311, 1312, 1313, 1314, 1315, 1316, 1317, 1318, 1319, 1320, 1321, 1322, 1323, 1324, 1325, 1326, 1327, 1328, 1329, 1330, 1331, 1332, 1333, 1334, 1335, 1336, 1337, 1338, 1339, 1340, 1341, 1342, 1343, 1344, 1345, 1346, 1347, 1348, 1349, 1350, 1351, 1352, 1353, 1354, 1355, 1356, 1357, 1358, 1359, 1360, 1361, 1362, 1363, 1364, 1365, 1366, 1367, 1368, 1369, 1370, 1371, 1372, 1373, 1374, 1375, 1376, 1377, 1378, 1379, 1380, 1381, 1382, 1383, 1384, 1385, 1386, 1387, 1388, 1389, 1390, 1391, 1392, 1393, 1394, 1395, 1396, 1397, 1398, 1399, 1400, 1401, 1402, 1403, 1404, 1405, 1406, 1407, 1408, 1409, 1410, 1411, 1412, 1413, 1414, 1415, 1416, 1417, 1418, 1419, 1420, 1421, 1422, 1423, 1424, 1425, 1426, 1427, 1428, 1429, 1430, 1431, 1432, 1433, 1434, 1435, 1436, 1437, 1438, 1439, 1440, 1441, 1442, 1443, 1444, 1445, 1446, 1447, 1448, 1449, 1450, 1451, 1452, 1453, 1454, 1455, 1456, 1457, 1458, 1459, 1460, 1461, 1462, 1463, 1464, 1465, 1466, 1467, 1468, 1469, 1470, 1471, 1472, 1473, 1474, 1475, 1476, 1477, 1478, 1479, 1480, 1481, 1482, 1483, 1484, 1485, 1486, 1487, 1488, 1489, 1490, 1491, 1492, 1493, 1494, 1495, 1496, 1497, 1498, 1499, 1500, 1501, 1502, 1503, 1504, 1505, 1506, 1507, 1508, 1509, 1510, 1511, 1512, 1513, 1514, 1515, 1516, 1517, 1518, 1519, 1520, 1521, 1522, 1523, 1524, 1525, 1526, 1527, 1528, 1529, 1530, 1531, 1532, 1533, 1534, 1535, 1536, 1537, 1538, 1539, 1540, 1541, 1542, 1543, 1544, 1545, 1546, 1547, 1548, 1549, 1550, 1551, 1552, 1553, 1554, 1555, 1556, 1557, 1558, 1559, 1560, 1561, 1562, 1563, 1564, 1565, 1566, 1567, 1568, 1569, 1570, 1571, 1572, 1573, 1574, 1575, 1576, 1577, 1578, 1579, 1580, 1581, 1582, 1583, 1584, 1585, 1586, 1587, 1588, 1589, 1590, 1591, 1592, 1593, 1594, 1595, 1596, 1597, 1598, 1599, 1600, 1601, 1602, 1603, 1604, 1605, 1606, 1607, 1608, 1609, 1610, 1611, 1612, 1613, 1614, 1615, 1616, 1617, 1618, 1619, 1620, 1621, 1622, 1623, 1624, 1625, 1626, 1627, 1628, 1629, 1630, 1631, 1632, 1633, 1634, 1635, 1636, 1637, 1638, 1639, 1640, 1641, 1642, 1643, 1644, 1645, 1646, 1647, 1648, 1649, 1650, 1651, 1652, 1653, 1654, 1655, 1656, 1657, 1658, 1659, 1660, 1661, 1662, 1663, 1664, 1665, 1666, 1667, 1668, 1669, 1670, 1671, 1672, 1673, 1674, 1675, 1676, 1677, 1678, 1679, 1680, 1681, 1682, 1683, 1684, 1685, 1686, 1687, 1688, 1689, 1690, 1691, 1692, 1693, 1694, 1695, 1696, 1697, 1698, 1699, 1700, 1701, 1702, 1703, 1704, 1705, 1706, 1707, 1708, 1709, 1710, 1711, 1712, 1713, 1714, 1715, 1716, 1717, 1718, 1719, 1720, 1721, 1722, 1723, 1724, 1725, 1726, 1727, 1728, 1729, 1730, 1731, 1732, 1733, 1734, 1735, 1736, 1737, 1738, 1739, 1740, 1741, 1742, 1743, 1744, 1745, 1746, 1747, 1748, 1749, 1750, 1751, 1752, 1753, 1754, 1755, 1756, 1757, 1758, 1759, 1760, 1761, 1762, 1763, 1764, 1765, 1766, 1767, 1768, 1769, 1770, 1771, 1772, 1773, 1774, 1775, 1776, 1777, 1778, 1779, 1780, 1781, 1782, 1783, 1784, 1785, 1786, 1787, 1788, 1789, 1790, 1791, 1792, 1793, 1794, 1795, 1796, 1797, 1798, 1799, 1800, 1801, 1802, 1803, 1804, 1805, 1806, 1807, 1808, 1809, 1810, 1811, 1812, 1813, 1814, 1815, 1816, 1817, 1818, 1819, 1820, 1821, 1822, 1823, 1824, 1825, 1826, 1827, 1828, 1829, 1830, 1831, 1832, 1833, 1834, 1835, 1836, 1837, 1838, 1839, 1840, 1841, 1842, 1843, 1844, 1845, 1846, 1847, 1848, 1849, 1850, 1851, 1852, 1853, 1854, 1855, 1856, 1857, 1858, 1859, 1860, 1861, 1862, 1863, 1864, 1865, 1866, 1867, 1868, 1869, 1870, 1871, 1872, 1873, 1874, 1875, 1876, 1877, 1878, 1879, 1880, 1881, 1882, 1883, 1884, 1885, 1886, 1887, 1888, 1889, 1890, 1891, 1892, 1893, 1894, 1895, 1896, 1897, 1898, 1899, 1900, 1901, 1902, 1903, 1904, 1905, 1906, 1907, 1908, 1909, 1910, 1911, 1912, 1913, 1914, 1915, 1916, 1917, 1918, 1919, 1920, 1921, 1922, 1923, 1924, 1925, 1926, 1927, 1928, 1929, 1930, 1931, 1932, 1933, 1934, 1935, 1936, 1937, 1938, 1939, 1940, 1941, 1942, 1943, 1944, 1945, 1946, 1947, 1948, 1949, 1950, 1951, 1952, 1953, 1954, 1955, 1956, 1957, 1958, 1959, 1960, 1961, 1962, 1963, 1964, 1965, 1966, 1967, 1968, 1969, 1970, 1971, 1972, 1973, 1974, 1975, 1976, 1977, 1978, 1979, 1980, 1981, 1982, 1983, 1984, 1985, 1986, 1987, 1988, 1989, 1990, 1991, 1992, 1993, 1994, 1995, 1996, 1997, 1998, 1999, 2000, 2001, 2002, 2003, 2004, 2005, 2006, 2007, 2008, 2009, 2010, 2011, 2012, 2013, 2014, 2015, 2016, 2017, 2018, 2019, 2020, 2021, 2022, 2023, 2024, 2025, 2026, 2027, 2028, 2029, 2030, 2031, 2032, 2033, 2034, 2035, 2036, 2037, 2038, 2039, 2040, 2041, 2042, 2043, 2044, 2045, 2046, 2047, 2048, 2049, 2050, 2051, 2052, 2053, 2054, 2055, 2056, 2057, 2058, 2059, 2060, 2061, 2062, 2063, 2064, 2065, 2066, 2067, 2068, 2069, 2070, 2071, 2072, 2073, 2074, 2075, 2076, 2077, 2078, 2079, 2080, 2081, 2082, 2083, 2084, 2085, 2086, 2087, 2088, 2089, 2090, 2091, 2092, 2093, 2094, 2095, 2096, 2097, 2098, 2099, 2100, 2101, 2102, 2103, 2104, 2105, 2106, 2107, 2108, 2109, 2110, 2111, 2112, 2113, 2114, 2115, 2116, 2117, 2118, 2119, 2120, 2121, 2122, 2123, 2124, 2125, 2126, 2127, 2128, 2129, 2130, 2131, 2132, 2133, 2134, 2135, 2136, 2137, 2138, 2139, 2140, 2141, 2142, 2143, 2144, 2145, 2146, 2147, 2148, 2149, 2150, 2151, 2152, 2153, 2154, 2155, 2156, 2157, 2158, 2159, 2160, 2161, 2162, 2163, 2164, 2165, 2166, 2167, 2168, 2169, 2170, 2171, 2172, 2173, 2174, 2175, 2176, 2177, 2178, 2179, 2180, 2181, 2182, 2183, 2184, 2185, 2186, 2187, 2188, 2189, 2190, 2191, 2192, 2193, 2194, 2195, 2196, 2197, 2198, 2199, 2200, 2201, 2202, 2203, 2204, 2205, 2206, 2207, 2208, 2209, 2210, 2211, 2212, 2213, 2214, 2215, 2216, 2217, 2218, 2219, 2220, 2221, 2222, 2223, 2224, 2225, 2226, 2227, 2228, 2229, 2230, 2231, 2232, 2233, 2234, 2235, 2236, 2237, 2238, 2239, 2240, 2241, 2242, 2243, 2244, 2245, 2246, 2247, 2248, 2249, 2250, 2251, 2252, 2253, 2254, 2255, 2256, 2257, 2258, 2259, 2260, 2261, 2262, 2263, 2264, 2265, 2266, 2267, 2268, 2269, 2270, 2271, 2272, 2273, 2274, 2275, 2276, 2277, 2278, 2279, 2280, 2281, 2282, 2283, 2284, 2285, 2286, 2287, 2288, 2289, 2290, 2291, 2292, 2293, 2294, 2295, 2296, 2297, 2298, 2299, 2300, 2301, 2302, 2303, 2304, 2305, 2306, 2307, 2308, 2309, 2310, 2311, 2312, 2313, 2314, 2315, 2316, 2317, 2318, 2319, 2320, 2321, 2322, 2323, 2324, 2325, 2326, 2327, 2328, 2329, 2330, 2331, 2332, 2333, 2334, 2335, 2336, 2337, 2338, 2339, 2340, 2341, 2342, 2343, 2344, 2345, 2346, 2347, 2348, 2349, 2350, 2351, 2352, 2353, 2354, 2355, 2356, 2357, 2358, 2359, 2360, 2361, 2362, 2363, 2364, 2365, 2366, 2367, 2368, 2369, 2370, 2371, 2372, 2373, 2374, 2375, 2376, 2377, 2378, 2379, 2380, 2381, 2382, 2383, 2384, 2385, 2386, 2387, 2388, 2389, 2390, 2391, 2392, 2393, 2394, 2395, 2396, 2397, 2398, 2399, 2400, 2401]
[36m(EnvGroup(rank=2) pid=189422)[0m [info] using task orders [0, 1, 2, 3, 4, 5, 6, 7, 8, 9, 10, 11, 12, 13, 14, 15, 16, 17, 18, 19, 20, 21, 22, 23, 24, 25, 26, 27, 28, 29, 30, 31, 32, 33, 34, 35, 36, 37, 38, 39, 40, 41, 42, 43, 44, 45, 46, 47, 48, 49, 50, 51, 52, 53, 54, 55, 56, 57, 58, 59, 60, 61, 62, 63, 64, 65, 66, 67, 68, 69, 70, 71, 72, 73, 74, 75, 76, 77, 78, 79, 80, 81, 82, 83, 84, 85, 86, 87, 88, 89, 90, 91, 92, 93, 94, 95, 96, 97, 98, 99, 100, 101, 102, 103, 104, 105, 106, 107, 108, 109, 110, 111, 112, 113, 114, 115, 116, 117, 118, 119, 120, 121, 122, 123, 124, 125, 126, 127, 128, 129, 130, 131, 132, 133, 134, 135, 136, 137, 138, 139, 140, 141, 142, 143, 144, 145, 146, 147, 148, 149, 150, 151, 152, 153, 154, 155, 156, 157, 158, 159, 160, 161, 162, 163, 164, 165, 166, 167, 168, 169, 170, 171, 172, 173, 174, 175, 176, 177, 178, 179, 180, 181, 182, 183, 184, 185, 186, 187, 188, 189, 190, 191, 192, 193, 194, 195, 196, 197, 198, 199, 200, 201, 202, 203, 204, 205, 206, 207, 208, 209, 210, 211, 212, 213, 214, 215, 216, 217, 218, 219, 220, 221, 222, 223, 224, 225, 226, 227, 228, 229, 230, 231, 232, 233, 234, 235, 236, 237, 238, 239, 240, 241, 242, 243, 244, 245, 246, 247, 248, 249, 250, 251, 252, 253, 254, 255, 256, 257, 258, 259, 260, 261, 262, 263, 264, 265, 266, 267, 268, 269, 270, 271, 272, 273, 274, 275, 276, 277, 278, 279, 280, 281, 282, 283, 284, 285, 286, 287, 288, 289, 290, 291, 292, 293, 294, 295, 296, 297, 298, 299, 300, 301, 302, 303, 304, 305, 306, 307, 308, 309, 310, 311, 312, 313, 314, 315, 316, 317, 318, 319, 320, 321, 322, 323, 324, 325, 326, 327, 328, 329, 330, 331, 332, 333, 334, 335, 336, 337, 338, 339, 340, 341, 342, 343, 344, 345, 346, 347, 348, 349, 350, 351, 352, 353, 354, 355, 356, 357, 358, 359, 360, 361, 362, 363, 364, 365, 366, 367, 368, 369, 370, 371, 372, 373, 374, 375, 376, 377, 378, 379, 380, 381, 382, 383, 384, 385, 386, 387, 388, 389, 390, 391, 392, 393, 394, 395, 396, 397, 398, 399, 400, 401, 402, 403, 404, 405, 406, 407, 408, 409, 410, 411, 412, 413, 414, 415, 416, 417, 418, 419, 420, 421, 422, 423, 424, 425, 426, 427, 428, 429, 430, 431, 432, 433, 434, 435, 436, 437, 438, 439, 440, 441, 442, 443, 444, 445, 446, 447, 448, 449, 450, 451, 452, 453, 454, 455, 456, 457, 458, 459, 460, 461, 462, 463, 464, 465, 466, 467, 468, 469, 470, 471, 472, 473, 474, 475, 476, 477, 478, 479, 480, 481, 482, 483, 484, 485, 486, 487, 488, 489, 490, 491, 492, 493, 494, 495, 496, 497, 498, 499, 500, 501, 502, 503, 504, 505, 506, 507, 508, 509, 510, 511, 512, 513, 514, 515, 516, 517, 518, 519, 520, 521, 522, 523, 524, 525, 526, 527, 528, 529, 530, 531, 532, 533, 534, 535, 536, 537, 538, 539, 540, 541, 542, 543, 544, 545, 546, 547, 548, 549, 550, 551, 552, 553, 554, 555, 556, 557, 558, 559, 560, 561, 562, 563, 564, 565, 566, 567, 568, 569, 570, 571, 572, 573, 574, 575, 576, 577, 578, 579, 580, 581, 582, 583, 584, 585, 586, 587, 588, 589, 590, 591, 592, 593, 594, 595, 596, 597, 598, 599, 600, 601, 602, 603, 604, 605, 606, 607, 608, 609, 610, 611, 612, 613, 614, 615, 616, 617, 618, 619, 620, 621, 622, 623, 624, 625, 626, 627, 628, 629, 630, 631, 632, 633, 634, 635, 636, 637, 638, 639, 640, 641, 642, 643, 644, 645, 646, 647, 648, 649, 650, 651, 652, 653, 654, 655, 656, 657, 658, 659, 660, 661, 662, 663, 664, 665, 666, 667, 668, 669, 670, 671, 672, 673, 674, 675, 676, 677, 678, 679, 680, 681, 682, 683, 684, 685, 686, 687, 688, 689, 690, 691, 692, 693, 694, 695, 696, 697, 698, 699, 700, 701, 702, 703, 704, 705, 706, 707, 708, 709, 710, 711, 712, 713, 714, 715, 716, 717, 718, 719, 720, 721, 722, 723, 724, 725, 726, 727, 728, 729, 730, 731, 732, 733, 734, 735, 736, 737, 738, 739, 740, 741, 742, 743, 744, 745, 746, 747, 748, 749, 750, 751, 752, 753, 754, 755, 756, 757, 758, 759, 760, 761, 762, 763, 764, 765, 766, 767, 768, 769, 770, 771, 772, 773, 774, 775, 776, 777, 778, 779, 780, 781, 782, 783, 784, 785, 786, 787, 788, 789, 790, 791, 792, 793, 794, 795, 796, 797, 798, 799, 800, 801, 802, 803, 804, 805, 806, 807, 808, 809, 810, 811, 812, 813, 814, 815, 816, 817, 818, 819, 820, 821, 822, 823, 824, 825, 826, 827, 828, 829, 830, 831, 832, 833, 834, 835, 836, 837, 838, 839, 840, 841, 842, 843, 844, 845, 846, 847, 848, 849, 850, 851, 852, 853, 854, 855, 856, 857, 858, 859, 860, 861, 862, 863, 864, 865, 866, 867, 868, 869, 870, 871, 872, 873, 874, 875, 876, 877, 878, 879, 880, 881, 882, 883, 884, 885, 886, 887, 888, 889, 890, 891, 892, 893, 894, 895, 896, 897, 898, 899, 900, 901, 902, 903, 904, 905, 906, 907, 908, 909, 910, 911, 912, 913, 914, 915, 916, 917, 918, 919, 920, 921, 922, 923, 924, 925, 926, 927, 928, 929, 930, 931, 932, 933, 934, 935, 936, 937, 938, 939, 940, 941, 942, 943, 944, 945, 946, 947, 948, 949, 950, 951, 952, 953, 954, 955, 956, 957, 958, 959, 960, 961, 962, 963, 964, 965, 966, 967, 968, 969, 970, 971, 972, 973, 974, 975, 976, 977, 978, 979, 980, 981, 982, 983, 984, 985, 986, 987, 988, 989, 990, 991, 992, 993, 994, 995, 996, 997, 998, 999, 1000, 1001, 1002, 1003, 1004, 1005, 1006, 1007, 1008, 1009, 1010, 1011, 1012, 1013, 1014, 1015, 1016, 1017, 1018, 1019, 1020, 1021, 1022, 1023, 1024, 1025, 1026, 1027, 1028, 1029, 1030, 1031, 1032, 1033, 1034, 1035, 1036, 1037, 1038, 1039, 1040, 1041, 1042, 1043, 1044, 1045, 1046, 1047, 1048, 1049, 1050, 1051, 1052, 1053, 1054, 1055, 1056, 1057, 1058, 1059, 1060, 1061, 1062, 1063, 1064, 1065, 1066, 1067, 1068, 1069, 1070, 1071, 1072, 1073, 1074, 1075, 1076, 1077, 1078, 1079, 1080, 1081, 1082, 1083, 1084, 1085, 1086, 1087, 1088, 1089, 1090, 1091, 1092, 1093, 1094, 1095, 1096, 1097, 1098, 1099, 1100, 1101, 1102, 1103, 1104, 1105, 1106, 1107, 1108, 1109, 1110, 1111, 1112, 1113, 1114, 1115, 1116, 1117, 1118, 1119, 1120, 1121, 1122, 1123, 1124, 1125, 1126, 1127, 1128, 1129, 1130, 1131, 1132, 1133, 1134, 1135, 1136, 1137, 1138, 1139, 1140, 1141, 1142, 1143, 1144, 1145, 1146, 1147, 1148, 1149, 1150, 1151, 1152, 1153, 1154, 1155, 1156, 1157, 1158, 1159, 1160, 1161, 1162, 1163, 1164, 1165, 1166, 1167, 1168, 1169, 1170, 1171, 1172, 1173, 1174, 1175, 1176, 1177, 1178, 1179, 1180, 1181, 1182, 1183, 1184, 1185, 1186, 1187, 1188, 1189, 1190, 1191, 1192, 1193, 1194, 1195, 1196, 1197, 1198, 1199, 1200, 1201, 1202, 1203, 1204, 1205, 1206, 1207, 1208, 1209, 1210, 1211, 1212, 1213, 1214, 1215, 1216, 1217, 1218, 1219, 1220, 1221, 1222, 1223, 1224, 1225, 1226, 1227, 1228, 1229, 1230, 1231, 1232, 1233, 1234, 1235, 1236, 1237, 1238, 1239, 1240, 1241, 1242, 1243, 1244, 1245, 1246, 1247, 1248, 1249, 1250, 1251, 1252, 1253, 1254, 1255, 1256, 1257, 1258, 1259, 1260, 1261, 1262, 1263, 1264, 1265, 1266, 1267, 1268, 1269, 1270, 1271, 1272, 1273, 1274, 1275, 1276, 1277, 1278, 1279, 1280, 1281, 1282, 1283, 1284, 1285, 1286, 1287, 1288, 1289, 1290, 1291, 1292, 1293, 1294, 1295, 1296, 1297, 1298, 1299, 1300, 1301, 1302, 1303, 1304, 1305, 1306, 1307, 1308, 1309, 1310, 1311, 1312, 1313, 1314, 1315, 1316, 1317, 1318, 1319, 1320, 1321, 1322, 1323, 1324, 1325, 1326, 1327, 1328, 1329, 1330, 1331, 1332, 1333, 1334, 1335, 1336, 1337, 1338, 1339, 1340, 1341, 1342, 1343, 1344, 1345, 1346, 1347, 1348, 1349, 1350, 1351, 1352, 1353, 1354, 1355, 1356, 1357, 1358, 1359, 1360, 1361, 1362, 1363, 1364, 1365, 1366, 1367, 1368, 1369, 1370, 1371, 1372, 1373, 1374, 1375, 1376, 1377, 1378, 1379, 1380, 1381, 1382, 1383, 1384, 1385, 1386, 1387, 1388, 1389, 1390, 1391, 1392, 1393, 1394, 1395, 1396, 1397, 1398, 1399, 1400, 1401, 1402, 1403, 1404, 1405, 1406, 1407, 1408, 1409, 1410, 1411, 1412, 1413, 1414, 1415, 1416, 1417, 1418, 1419, 1420, 1421, 1422, 1423, 1424, 1425, 1426, 1427, 1428, 1429, 1430, 1431, 1432, 1433, 1434, 1435, 1436, 1437, 1438, 1439, 1440, 1441, 1442, 1443, 1444, 1445, 1446, 1447, 1448, 1449, 1450, 1451, 1452, 1453, 1454, 1455, 1456, 1457, 1458, 1459, 1460, 1461, 1462, 1463, 1464, 1465, 1466, 1467, 1468, 1469, 1470, 1471, 1472, 1473, 1474, 1475, 1476, 1477, 1478, 1479, 1480, 1481, 1482, 1483, 1484, 1485, 1486, 1487, 1488, 1489, 1490, 1491, 1492, 1493, 1494, 1495, 1496, 1497, 1498, 1499, 1500, 1501, 1502, 1503, 1504, 1505, 1506, 1507, 1508, 1509, 1510, 1511, 1512, 1513, 1514, 1515, 1516, 1517, 1518, 1519, 1520, 1521, 1522, 1523, 1524, 1525, 1526, 1527, 1528, 1529, 1530, 1531, 1532, 1533, 1534, 1535, 1536, 1537, 1538, 1539, 1540, 1541, 1542, 1543, 1544, 1545, 1546, 1547, 1548, 1549, 1550, 1551, 1552, 1553, 1554, 1555, 1556, 1557, 1558, 1559, 1560, 1561, 1562, 1563, 1564, 1565, 1566, 1567, 1568, 1569, 1570, 1571, 1572, 1573, 1574, 1575, 1576, 1577, 1578, 1579, 1580, 1581, 1582, 1583, 1584, 1585, 1586, 1587, 1588, 1589, 1590, 1591, 1592, 1593, 1594, 1595, 1596, 1597, 1598, 1599, 1600, 1601, 1602, 1603, 1604, 1605, 1606, 1607, 1608, 1609, 1610, 1611, 1612, 1613, 1614, 1615, 1616, 1617, 1618, 1619, 1620, 1621, 1622, 1623, 1624, 1625, 1626, 1627, 1628, 1629, 1630, 1631, 1632, 1633, 1634, 1635, 1636, 1637, 1638, 1639, 1640, 1641, 1642, 1643, 1644, 1645, 1646, 1647, 1648, 1649, 1650, 1651, 1652, 1653, 1654, 1655, 1656, 1657, 1658, 1659, 1660, 1661, 1662, 1663, 1664, 1665, 1666, 1667, 1668, 1669, 1670, 1671, 1672, 1673, 1674, 1675, 1676, 1677, 1678, 1679, 1680, 1681, 1682, 1683, 1684, 1685, 1686, 1687, 1688, 1689, 1690, 1691, 1692, 1693, 1694, 1695, 1696, 1697, 1698, 1699, 1700, 1701, 1702, 1703, 1704, 1705, 1706, 1707, 1708, 1709, 1710, 1711, 1712, 1713, 1714, 1715, 1716, 1717, 1718, 1719, 1720, 1721, 1722, 1723, 1724, 1725, 1726, 1727, 1728, 1729, 1730, 1731, 1732, 1733, 1734, 1735, 1736, 1737, 1738, 1739, 1740, 1741, 1742, 1743, 1744, 1745, 1746, 1747, 1748, 1749, 1750, 1751, 1752, 1753, 1754, 1755, 1756, 1757, 1758, 1759, 1760, 1761, 1762, 1763, 1764, 1765, 1766, 1767, 1768, 1769, 1770, 1771, 1772, 1773, 1774, 1775, 1776, 1777, 1778, 1779, 1780, 1781, 1782, 1783, 1784, 1785, 1786, 1787, 1788, 1789, 1790, 1791, 1792, 1793, 1794, 1795, 1796, 1797, 1798, 1799, 1800, 1801, 1802, 1803, 1804, 1805, 1806, 1807, 1808, 1809, 1810, 1811, 1812, 1813, 1814, 1815, 1816, 1817, 1818, 1819, 1820, 1821, 1822, 1823, 1824, 1825, 1826, 1827, 1828, 1829, 1830, 1831, 1832, 1833, 1834, 1835, 1836, 1837, 1838, 1839, 1840, 1841, 1842, 1843, 1844, 1845, 1846, 1847, 1848, 1849, 1850, 1851, 1852, 1853, 1854, 1855, 1856, 1857, 1858, 1859, 1860, 1861, 1862, 1863, 1864, 1865, 1866, 1867, 1868, 1869, 1870, 1871, 1872, 1873, 1874, 1875, 1876, 1877, 1878, 1879, 1880, 1881, 1882, 1883, 1884, 1885, 1886, 1887, 1888, 1889, 1890, 1891, 1892, 1893, 1894, 1895, 1896, 1897, 1898, 1899, 1900, 1901, 1902, 1903, 1904, 1905, 1906, 1907, 1908, 1909, 1910, 1911, 1912, 1913, 1914, 1915, 1916, 1917, 1918, 1919, 1920, 1921, 1922, 1923, 1924, 1925, 1926, 1927, 1928, 1929, 1930, 1931, 1932, 1933, 1934, 1935, 1936, 1937, 1938, 1939, 1940, 1941, 1942, 1943, 1944, 1945, 1946, 1947, 1948, 1949, 1950, 1951, 1952, 1953, 1954, 1955, 1956, 1957, 1958, 1959, 1960, 1961, 1962, 1963, 1964, 1965, 1966, 1967, 1968, 1969, 1970, 1971, 1972, 1973, 1974, 1975, 1976, 1977, 1978, 1979, 1980, 1981, 1982, 1983, 1984, 1985, 1986, 1987, 1988, 1989, 1990, 1991, 1992, 1993, 1994, 1995, 1996, 1997, 1998, 1999, 2000, 2001, 2002, 2003, 2004, 2005, 2006, 2007, 2008, 2009, 2010, 2011, 2012, 2013, 2014, 2015, 2016, 2017, 2018, 2019, 2020, 2021, 2022, 2023, 2024, 2025, 2026, 2027, 2028, 2029, 2030, 2031, 2032, 2033, 2034, 2035, 2036, 2037, 2038, 2039, 2040, 2041, 2042, 2043, 2044, 2045, 2046, 2047, 2048, 2049, 2050, 2051, 2052, 2053, 2054, 2055, 2056, 2057, 2058, 2059, 2060, 2061, 2062, 2063, 2064, 2065, 2066, 2067, 2068, 2069, 2070, 2071, 2072, 2073, 2074, 2075, 2076, 2077, 2078, 2079, 2080, 2081, 2082, 2083, 2084, 2085, 2086, 2087, 2088, 2089, 2090, 2091, 2092, 2093, 2094, 2095, 2096, 2097, 2098, 2099, 2100, 2101, 2102, 2103, 2104, 2105, 2106, 2107, 2108, 2109, 2110, 2111, 2112, 2113, 2114, 2115, 2116, 2117, 2118, 2119, 2120, 2121, 2122, 2123, 2124, 2125, 2126, 2127, 2128, 2129, 2130, 2131, 2132, 2133, 2134, 2135, 2136, 2137, 2138, 2139, 2140, 2141, 2142, 2143, 2144, 2145, 2146, 2147, 2148, 2149, 2150, 2151, 2152, 2153, 2154, 2155, 2156, 2157, 2158, 2159, 2160, 2161, 2162, 2163, 2164, 2165, 2166, 2167, 2168, 2169, 2170, 2171, 2172, 2173, 2174, 2175, 2176, 2177, 2178, 2179, 2180, 2181, 2182, 2183, 2184, 2185, 2186, 2187, 2188, 2189, 2190, 2191, 2192, 2193, 2194, 2195, 2196, 2197, 2198, 2199, 2200, 2201, 2202, 2203, 2204, 2205, 2206, 2207, 2208, 2209, 2210, 2211, 2212, 2213, 2214, 2215, 2216, 2217, 2218, 2219, 2220, 2221, 2222, 2223, 2224, 2225, 2226, 2227, 2228, 2229, 2230, 2231, 2232, 2233, 2234, 2235, 2236, 2237, 2238, 2239, 2240, 2241, 2242, 2243, 2244, 2245, 2246, 2247, 2248, 2249, 2250, 2251, 2252, 2253, 2254, 2255, 2256, 2257, 2258, 2259, 2260, 2261, 2262, 2263, 2264, 2265, 2266, 2267, 2268, 2269, 2270, 2271, 2272, 2273, 2274, 2275, 2276, 2277, 2278, 2279, 2280, 2281, 2282, 2283, 2284, 2285, 2286, 2287, 2288, 2289, 2290, 2291, 2292, 2293, 2294, 2295, 2296, 2297, 2298, 2299, 2300, 2301, 2302, 2303, 2304, 2305, 2306, 2307, 2308, 2309, 2310, 2311, 2312, 2313, 2314, 2315, 2316, 2317, 2318, 2319, 2320, 2321, 2322, 2323, 2324, 2325, 2326, 2327, 2328, 2329, 2330, 2331, 2332, 2333, 2334, 2335, 2336, 2337, 2338, 2339, 2340, 2341, 2342, 2343, 2344, 2345, 2346, 2347, 2348, 2349, 2350, 2351, 2352, 2353, 2354, 2355, 2356, 2357, 2358, 2359, 2360, 2361, 2362, 2363, 2364, 2365, 2366, 2367, 2368, 2369, 2370, 2371, 2372, 2373, 2374, 2375, 2376, 2377, 2378, 2379, 2380, 2381, 2382, 2383, 2384, 2385, 2386, 2387, 2388, 2389, 2390, 2391, 2392, 2393, 2394, 2395, 2396, 2397, 2398, 2399, 2400, 2401]
[36m(EnvGroup(rank=3) pid=189482)[0m [info] using task orders [0, 1, 2, 3, 4, 5, 6, 7, 8, 9, 10, 11, 12, 13, 14, 15, 16, 17, 18, 19, 20, 21, 22, 23, 24, 25, 26, 27, 28, 29, 30, 31, 32, 33, 34, 35, 36, 37, 38, 39, 40, 41, 42, 43, 44, 45, 46, 47, 48, 49, 50, 51, 52, 53, 54, 55, 56, 57, 58, 59, 60, 61, 62, 63, 64, 65, 66, 67, 68, 69, 70, 71, 72, 73, 74, 75, 76, 77, 78, 79, 80, 81, 82, 83, 84, 85, 86, 87, 88, 89, 90, 91, 92, 93, 94, 95, 96, 97, 98, 99, 100, 101, 102, 103, 104, 105, 106, 107, 108, 109, 110, 111, 112, 113, 114, 115, 116, 117, 118, 119, 120, 121, 122, 123, 124, 125, 126, 127, 128, 129, 130, 131, 132, 133, 134, 135, 136, 137, 138, 139, 140, 141, 142, 143, 144, 145, 146, 147, 148, 149, 150, 151, 152, 153, 154, 155, 156, 157, 158, 159, 160, 161, 162, 163, 164, 165, 166, 167, 168, 169, 170, 171, 172, 173, 174, 175, 176, 177, 178, 179, 180, 181, 182, 183, 184, 185, 186, 187, 188, 189, 190, 191, 192, 193, 194, 195, 196, 197, 198, 199, 200, 201, 202, 203, 204, 205, 206, 207, 208, 209, 210, 211, 212, 213, 214, 215, 216, 217, 218, 219, 220, 221, 222, 223, 224, 225, 226, 227, 228, 229, 230, 231, 232, 233, 234, 235, 236, 237, 238, 239, 240, 241, 242, 243, 244, 245, 246, 247, 248, 249, 250, 251, 252, 253, 254, 255, 256, 257, 258, 259, 260, 261, 262, 263, 264, 265, 266, 267, 268, 269, 270, 271, 272, 273, 274, 275, 276, 277, 278, 279, 280, 281, 282, 283, 284, 285, 286, 287, 288, 289, 290, 291, 292, 293, 294, 295, 296, 297, 298, 299, 300, 301, 302, 303, 304, 305, 306, 307, 308, 309, 310, 311, 312, 313, 314, 315, 316, 317, 318, 319, 320, 321, 322, 323, 324, 325, 326, 327, 328, 329, 330, 331, 332, 333, 334, 335, 336, 337, 338, 339, 340, 341, 342, 343, 344, 345, 346, 347, 348, 349, 350, 351, 352, 353, 354, 355, 356, 357, 358, 359, 360, 361, 362, 363, 364, 365, 366, 367, 368, 369, 370, 371, 372, 373, 374, 375, 376, 377, 378, 379, 380, 381, 382, 383, 384, 385, 386, 387, 388, 389, 390, 391, 392, 393, 394, 395, 396, 397, 398, 399, 400, 401, 402, 403, 404, 405, 406, 407, 408, 409, 410, 411, 412, 413, 414, 415, 416, 417, 418, 419, 420, 421, 422, 423, 424, 425, 426, 427, 428, 429, 430, 431, 432, 433, 434, 435, 436, 437, 438, 439, 440, 441, 442, 443, 444, 445, 446, 447, 448, 449, 450, 451, 452, 453, 454, 455, 456, 457, 458, 459, 460, 461, 462, 463, 464, 465, 466, 467, 468, 469, 470, 471, 472, 473, 474, 475, 476, 477, 478, 479, 480, 481, 482, 483, 484, 485, 486, 487, 488, 489, 490, 491, 492, 493, 494, 495, 496, 497, 498, 499, 500, 501, 502, 503, 504, 505, 506, 507, 508, 509, 510, 511, 512, 513, 514, 515, 516, 517, 518, 519, 520, 521, 522, 523, 524, 525, 526, 527, 528, 529, 530, 531, 532, 533, 534, 535, 536, 537, 538, 539, 540, 541, 542, 543, 544, 545, 546, 547, 548, 549, 550, 551, 552, 553, 554, 555, 556, 557, 558, 559, 560, 561, 562, 563, 564, 565, 566, 567, 568, 569, 570, 571, 572, 573, 574, 575, 576, 577, 578, 579, 580, 581, 582, 583, 584, 585, 586, 587, 588, 589, 590, 591, 592, 593, 594, 595, 596, 597, 598, 599, 600, 601, 602, 603, 604, 605, 606, 607, 608, 609, 610, 611, 612, 613, 614, 615, 616, 617, 618, 619, 620, 621, 622, 623, 624, 625, 626, 627, 628, 629, 630, 631, 632, 633, 634, 635, 636, 637, 638, 639, 640, 641, 642, 643, 644, 645, 646, 647, 648, 649, 650, 651, 652, 653, 654, 655, 656, 657, 658, 659, 660, 661, 662, 663, 664, 665, 666, 667, 668, 669, 670, 671, 672, 673, 674, 675, 676, 677, 678, 679, 680, 681, 682, 683, 684, 685, 686, 687, 688, 689, 690, 691, 692, 693, 694, 695, 696, 697, 698, 699, 700, 701, 702, 703, 704, 705, 706, 707, 708, 709, 710, 711, 712, 713, 714, 715, 716, 717, 718, 719, 720, 721, 722, 723, 724, 725, 726, 727, 728, 729, 730, 731, 732, 733, 734, 735, 736, 737, 738, 739, 740, 741, 742, 743, 744, 745, 746, 747, 748, 749, 750, 751, 752, 753, 754, 755, 756, 757, 758, 759, 760, 761, 762, 763, 764, 765, 766, 767, 768, 769, 770, 771, 772, 773, 774, 775, 776, 777, 778, 779, 780, 781, 782, 783, 784, 785, 786, 787, 788, 789, 790, 791, 792, 793, 794, 795, 796, 797, 798, 799, 800, 801, 802, 803, 804, 805, 806, 807, 808, 809, 810, 811, 812, 813, 814, 815, 816, 817, 818, 819, 820, 821, 822, 823, 824, 825, 826, 827, 828, 829, 830, 831, 832, 833, 834, 835, 836, 837, 838, 839, 840, 841, 842, 843, 844, 845, 846, 847, 848, 849, 850, 851, 852, 853, 854, 855, 856, 857, 858, 859, 860, 861, 862, 863, 864, 865, 866, 867, 868, 869, 870, 871, 872, 873, 874, 875, 876, 877, 878, 879, 880, 881, 882, 883, 884, 885, 886, 887, 888, 889, 890, 891, 892, 893, 894, 895, 896, 897, 898, 899, 900, 901, 902, 903, 904, 905, 906, 907, 908, 909, 910, 911, 912, 913, 914, 915, 916, 917, 918, 919, 920, 921, 922, 923, 924, 925, 926, 927, 928, 929, 930, 931, 932, 933, 934, 935, 936, 937, 938, 939, 940, 941, 942, 943, 944, 945, 946, 947, 948, 949, 950, 951, 952, 953, 954, 955, 956, 957, 958, 959, 960, 961, 962, 963, 964, 965, 966, 967, 968, 969, 970, 971, 972, 973, 974, 975, 976, 977, 978, 979, 980, 981, 982, 983, 984, 985, 986, 987, 988, 989, 990, 991, 992, 993, 994, 995, 996, 997, 998, 999, 1000, 1001, 1002, 1003, 1004, 1005, 1006, 1007, 1008, 1009, 1010, 1011, 1012, 1013, 1014, 1015, 1016, 1017, 1018, 1019, 1020, 1021, 1022, 1023, 1024, 1025, 1026, 1027, 1028, 1029, 1030, 1031, 1032, 1033, 1034, 1035, 1036, 1037, 1038, 1039, 1040, 1041, 1042, 1043, 1044, 1045, 1046, 1047, 1048, 1049, 1050, 1051, 1052, 1053, 1054, 1055, 1056, 1057, 1058, 1059, 1060, 1061, 1062, 1063, 1064, 1065, 1066, 1067, 1068, 1069, 1070, 1071, 1072, 1073, 1074, 1075, 1076, 1077, 1078, 1079, 1080, 1081, 1082, 1083, 1084, 1085, 1086, 1087, 1088, 1089, 1090, 1091, 1092, 1093, 1094, 1095, 1096, 1097, 1098, 1099, 1100, 1101, 1102, 1103, 1104, 1105, 1106, 1107, 1108, 1109, 1110, 1111, 1112, 1113, 1114, 1115, 1116, 1117, 1118, 1119, 1120, 1121, 1122, 1123, 1124, 1125, 1126, 1127, 1128, 1129, 1130, 1131, 1132, 1133, 1134, 1135, 1136, 1137, 1138, 1139, 1140, 1141, 1142, 1143, 1144, 1145, 1146, 1147, 1148, 1149, 1150, 1151, 1152, 1153, 1154, 1155, 1156, 1157, 1158, 1159, 1160, 1161, 1162, 1163, 1164, 1165, 1166, 1167, 1168, 1169, 1170, 1171, 1172, 1173, 1174, 1175, 1176, 1177, 1178, 1179, 1180, 1181, 1182, 1183, 1184, 1185, 1186, 1187, 1188, 1189, 1190, 1191, 1192, 1193, 1194, 1195, 1196, 1197, 1198, 1199, 1200, 1201, 1202, 1203, 1204, 1205, 1206, 1207, 1208, 1209, 1210, 1211, 1212, 1213, 1214, 1215, 1216, 1217, 1218, 1219, 1220, 1221, 1222, 1223, 1224, 1225, 1226, 1227, 1228, 1229, 1230, 1231, 1232, 1233, 1234, 1235, 1236, 1237, 1238, 1239, 1240, 1241, 1242, 1243, 1244, 1245, 1246, 1247, 1248, 1249, 1250, 1251, 1252, 1253, 1254, 1255, 1256, 1257, 1258, 1259, 1260, 1261, 1262, 1263, 1264, 1265, 1266, 1267, 1268, 1269, 1270, 1271, 1272, 1273, 1274, 1275, 1276, 1277, 1278, 1279, 1280, 1281, 1282, 1283, 1284, 1285, 1286, 1287, 1288, 1289, 1290, 1291, 1292, 1293, 1294, 1295, 1296, 1297, 1298, 1299, 1300, 1301, 1302, 1303, 1304, 1305, 1306, 1307, 1308, 1309, 1310, 1311, 1312, 1313, 1314, 1315, 1316, 1317, 1318, 1319, 1320, 1321, 1322, 1323, 1324, 1325, 1326, 1327, 1328, 1329, 1330, 1331, 1332, 1333, 1334, 1335, 1336, 1337, 1338, 1339, 1340, 1341, 1342, 1343, 1344, 1345, 1346, 1347, 1348, 1349, 1350, 1351, 1352, 1353, 1354, 1355, 1356, 1357, 1358, 1359, 1360, 1361, 1362, 1363, 1364, 1365, 1366, 1367, 1368, 1369, 1370, 1371, 1372, 1373, 1374, 1375, 1376, 1377, 1378, 1379, 1380, 1381, 1382, 1383, 1384, 1385, 1386, 1387, 1388, 1389, 1390, 1391, 1392, 1393, 1394, 1395, 1396, 1397, 1398, 1399, 1400, 1401, 1402, 1403, 1404, 1405, 1406, 1407, 1408, 1409, 1410, 1411, 1412, 1413, 1414, 1415, 1416, 1417, 1418, 1419, 1420, 1421, 1422, 1423, 1424, 1425, 1426, 1427, 1428, 1429, 1430, 1431, 1432, 1433, 1434, 1435, 1436, 1437, 1438, 1439, 1440, 1441, 1442, 1443, 1444, 1445, 1446, 1447, 1448, 1449, 1450, 1451, 1452, 1453, 1454, 1455, 1456, 1457, 1458, 1459, 1460, 1461, 1462, 1463, 1464, 1465, 1466, 1467, 1468, 1469, 1470, 1471, 1472, 1473, 1474, 1475, 1476, 1477, 1478, 1479, 1480, 1481, 1482, 1483, 1484, 1485, 1486, 1487, 1488, 1489, 1490, 1491, 1492, 1493, 1494, 1495, 1496, 1497, 1498, 1499, 1500, 1501, 1502, 1503, 1504, 1505, 1506, 1507, 1508, 1509, 1510, 1511, 1512, 1513, 1514, 1515, 1516, 1517, 1518, 1519, 1520, 1521, 1522, 1523, 1524, 1525, 1526, 1527, 1528, 1529, 1530, 1531, 1532, 1533, 1534, 1535, 1536, 1537, 1538, 1539, 1540, 1541, 1542, 1543, 1544, 1545, 1546, 1547, 1548, 1549, 1550, 1551, 1552, 1553, 1554, 1555, 1556, 1557, 1558, 1559, 1560, 1561, 1562, 1563, 1564, 1565, 1566, 1567, 1568, 1569, 1570, 1571, 1572, 1573, 1574, 1575, 1576, 1577, 1578, 1579, 1580, 1581, 1582, 1583, 1584, 1585, 1586, 1587, 1588, 1589, 1590, 1591, 1592, 1593, 1594, 1595, 1596, 1597, 1598, 1599, 1600, 1601, 1602, 1603, 1604, 1605, 1606, 1607, 1608, 1609, 1610, 1611, 1612, 1613, 1614, 1615, 1616, 1617, 1618, 1619, 1620, 1621, 1622, 1623, 1624, 1625, 1626, 1627, 1628, 1629, 1630, 1631, 1632, 1633, 1634, 1635, 1636, 1637, 1638, 1639, 1640, 1641, 1642, 1643, 1644, 1645, 1646, 1647, 1648, 1649, 1650, 1651, 1652, 1653, 1654, 1655, 1656, 1657, 1658, 1659, 1660, 1661, 1662, 1663, 1664, 1665, 1666, 1667, 1668, 1669, 1670, 1671, 1672, 1673, 1674, 1675, 1676, 1677, 1678, 1679, 1680, 1681, 1682, 1683, 1684, 1685, 1686, 1687, 1688, 1689, 1690, 1691, 1692, 1693, 1694, 1695, 1696, 1697, 1698, 1699, 1700, 1701, 1702, 1703, 1704, 1705, 1706, 1707, 1708, 1709, 1710, 1711, 1712, 1713, 1714, 1715, 1716, 1717, 1718, 1719, 1720, 1721, 1722, 1723, 1724, 1725, 1726, 1727, 1728, 1729, 1730, 1731, 1732, 1733, 1734, 1735, 1736, 1737, 1738, 1739, 1740, 1741, 1742, 1743, 1744, 1745, 1746, 1747, 1748, 1749, 1750, 1751, 1752, 1753, 1754, 1755, 1756, 1757, 1758, 1759, 1760, 1761, 1762, 1763, 1764, 1765, 1766, 1767, 1768, 1769, 1770, 1771, 1772, 1773, 1774, 1775, 1776, 1777, 1778, 1779, 1780, 1781, 1782, 1783, 1784, 1785, 1786, 1787, 1788, 1789, 1790, 1791, 1792, 1793, 1794, 1795, 1796, 1797, 1798, 1799, 1800, 1801, 1802, 1803, 1804, 1805, 1806, 1807, 1808, 1809, 1810, 1811, 1812, 1813, 1814, 1815, 1816, 1817, 1818, 1819, 1820, 1821, 1822, 1823, 1824, 1825, 1826, 1827, 1828, 1829, 1830, 1831, 1832, 1833, 1834, 1835, 1836, 1837, 1838, 1839, 1840, 1841, 1842, 1843, 1844, 1845, 1846, 1847, 1848, 1849, 1850, 1851, 1852, 1853, 1854, 1855, 1856, 1857, 1858, 1859, 1860, 1861, 1862, 1863, 1864, 1865, 1866, 1867, 1868, 1869, 1870, 1871, 1872, 1873, 1874, 1875, 1876, 1877, 1878, 1879, 1880, 1881, 1882, 1883, 1884, 1885, 1886, 1887, 1888, 1889, 1890, 1891, 1892, 1893, 1894, 1895, 1896, 1897, 1898, 1899, 1900, 1901, 1902, 1903, 1904, 1905, 1906, 1907, 1908, 1909, 1910, 1911, 1912, 1913, 1914, 1915, 1916, 1917, 1918, 1919, 1920, 1921, 1922, 1923, 1924, 1925, 1926, 1927, 1928, 1929, 1930, 1931, 1932, 1933, 1934, 1935, 1936, 1937, 1938, 1939, 1940, 1941, 1942, 1943, 1944, 1945, 1946, 1947, 1948, 1949, 1950, 1951, 1952, 1953, 1954, 1955, 1956, 1957, 1958, 1959, 1960, 1961, 1962, 1963, 1964, 1965, 1966, 1967, 1968, 1969, 1970, 1971, 1972, 1973, 1974, 1975, 1976, 1977, 1978, 1979, 1980, 1981, 1982, 1983, 1984, 1985, 1986, 1987, 1988, 1989, 1990, 1991, 1992, 1993, 1994, 1995, 1996, 1997, 1998, 1999, 2000, 2001, 2002, 2003, 2004, 2005, 2006, 2007, 2008, 2009, 2010, 2011, 2012, 2013, 2014, 2015, 2016, 2017, 2018, 2019, 2020, 2021, 2022, 2023, 2024, 2025, 2026, 2027, 2028, 2029, 2030, 2031, 2032, 2033, 2034, 2035, 2036, 2037, 2038, 2039, 2040, 2041, 2042, 2043, 2044, 2045, 2046, 2047, 2048, 2049, 2050, 2051, 2052, 2053, 2054, 2055, 2056, 2057, 2058, 2059, 2060, 2061, 2062, 2063, 2064, 2065, 2066, 2067, 2068, 2069, 2070, 2071, 2072, 2073, 2074, 2075, 2076, 2077, 2078, 2079, 2080, 2081, 2082, 2083, 2084, 2085, 2086, 2087, 2088, 2089, 2090, 2091, 2092, 2093, 2094, 2095, 2096, 2097, 2098, 2099, 2100, 2101, 2102, 2103, 2104, 2105, 2106, 2107, 2108, 2109, 2110, 2111, 2112, 2113, 2114, 2115, 2116, 2117, 2118, 2119, 2120, 2121, 2122, 2123, 2124, 2125, 2126, 2127, 2128, 2129, 2130, 2131, 2132, 2133, 2134, 2135, 2136, 2137, 2138, 2139, 2140, 2141, 2142, 2143, 2144, 2145, 2146, 2147, 2148, 2149, 2150, 2151, 2152, 2153, 2154, 2155, 2156, 2157, 2158, 2159, 2160, 2161, 2162, 2163, 2164, 2165, 2166, 2167, 2168, 2169, 2170, 2171, 2172, 2173, 2174, 2175, 2176, 2177, 2178, 2179, 2180, 2181, 2182, 2183, 2184, 2185, 2186, 2187, 2188, 2189, 2190, 2191, 2192, 2193, 2194, 2195, 2196, 2197, 2198, 2199, 2200, 2201, 2202, 2203, 2204, 2205, 2206, 2207, 2208, 2209, 2210, 2211, 2212, 2213, 2214, 2215, 2216, 2217, 2218, 2219, 2220, 2221, 2222, 2223, 2224, 2225, 2226, 2227, 2228, 2229, 2230, 2231, 2232, 2233, 2234, 2235, 2236, 2237, 2238, 2239, 2240, 2241, 2242, 2243, 2244, 2245, 2246, 2247, 2248, 2249, 2250, 2251, 2252, 2253, 2254, 2255, 2256, 2257, 2258, 2259, 2260, 2261, 2262, 2263, 2264, 2265, 2266, 2267, 2268, 2269, 2270, 2271, 2272, 2273, 2274, 2275, 2276, 2277, 2278, 2279, 2280, 2281, 2282, 2283, 2284, 2285, 2286, 2287, 2288, 2289, 2290, 2291, 2292, 2293, 2294, 2295, 2296, 2297, 2298, 2299, 2300, 2301, 2302, 2303, 2304, 2305, 2306, 2307, 2308, 2309, 2310, 2311, 2312, 2313, 2314, 2315, 2316, 2317, 2318, 2319, 2320, 2321, 2322, 2323, 2324, 2325, 2326, 2327, 2328, 2329, 2330, 2331, 2332, 2333, 2334, 2335, 2336, 2337, 2338, 2339, 2340, 2341, 2342, 2343, 2344, 2345, 2346, 2347, 2348, 2349, 2350, 2351, 2352, 2353, 2354, 2355, 2356, 2357, 2358, 2359, 2360, 2361, 2362, 2363, 2364, 2365, 2366, 2367, 2368, 2369, 2370, 2371, 2372, 2373, 2374, 2375, 2376, 2377, 2378, 2379, 2380, 2381, 2382, 2383, 2384, 2385, 2386, 2387, 2388, 2389, 2390, 2391, 2392, 2393, 2394, 2395, 2396, 2397, 2398, 2399, 2400, 2401]
[36m(EnvGroup(rank=2) pid=189422)[0m Gym has been unmaintained since 2022 and does not support NumPy 2.0 amongst other critical functionality.
[36m(EnvGroup(rank=2) pid=189422)[0m Please upgrade to Gymnasium, the maintained drop-in replacement of Gym, or contact the authors of your software and request that they upgrade.
[36m(EnvGroup(rank=2) pid=189422)[0m See the migration guide at https://gymnasium.farama.org/introduction/migration_guide/ for additional information.
[36m(EnvGroup(rank=2) pid=189422)[0m /venv/main/lib/python3.12/site-packages/robosuite/__init__.py:7: DeprecationWarning: The 'warn' method is deprecated, use 'warning' instead
[36m(EnvGroup(rank=2) pid=189422)[0m   ROBOSUITE_DEFAULT_LOGGER.warn("No private macro file found!")
[36m(EnvGroup(rank=2) pid=189422)[0m [robosuite WARNING] No private macro file found! (__init__.py:7)
[36m(EnvGroup(rank=2) pid=189422)[0m [robosuite WARNING] It is recommended to use a private macro file (__init__.py:8)
[36m(EnvGroup(rank=2) pid=189422)[0m [robosuite WARNING] To setup, run: python /venv/main/lib/python3.12/site-packages/robosuite/scripts/setup_macros.py (__init__.py:9)
[36m(EnvGroup(rank=3) pid=189482)[0m Gym has been unmaintained since 2022 and does not support NumPy 2.0 amongst other critical functionality.
[36m(EnvGroup(rank=3) pid=189482)[0m Please upgrade to Gymnasium, the maintained drop-in replacement of Gym, or contact the authors of your software and request that they upgrade.
[36m(EnvGroup(rank=3) pid=189482)[0m See the migration guide at https://gymnasium.farama.org/introduction/migration_guide/ for additional information.
[36m(EnvGroup(rank=3) pid=189482)[0m /venv/main/lib/python3.12/site-packages/robosuite/__init__.py:7: DeprecationWarning: The 'warn' method is deprecated, use 'warning' instead
[36m(EnvGroup(rank=3) pid=189482)[0m   ROBOSUITE_DEFAULT_LOGGER.warn("No private macro file found!")
[36m(EnvGroup(rank=3) pid=189482)[0m [robosuite WARNING] No private macro file found! (__init__.py:7)
[36m(EnvGroup(rank=3) pid=189482)[0m [robosuite WARNING] It is recommended to use a private macro file (__init__.py:8)
[36m(EnvGroup(rank=3) pid=189482)[0m [robosuite WARNING] To setup, run: python /venv/main/lib/python3.12/site-packages/robosuite/scripts/setup_macros.py (__init__.py:9)
[36m(EnvGroup(rank=3) pid=189482)[0m Gym has been unmaintained since 2022 and does not support NumPy 2.0 amongst other critical functionality.
[36m(EnvGroup(rank=3) pid=189482)[0m Please upgrade to Gymnasium, the maintained drop-in replacement of Gym, or contact the authors of your software and request that they upgrade.
[36m(EnvGroup(rank=3) pid=189482)[0m See the migration guide at https://gymnasium.farama.org/introduction/migration_guide/ for additional information.
[36m(EnvGroup(rank=3) pid=189482)[0m /venv/main/lib/python3.12/site-packages/robosuite/__init__.py:7: DeprecationWarning: The 'warn' method is deprecated, use 'warning' instead
[36m(EnvGroup(rank=3) pid=189482)[0m   ROBOSUITE_DEFAULT_LOGGER.warn("No private macro file found!")
[36m(EnvGroup(rank=3) pid=189482)[0m [robosuite WARNING] No private macro file found! (__init__.py:7)
[36m(EnvGroup(rank=3) pid=189482)[0m [robosuite WARNING] It is recommended to use a private macro file (__init__.py:8)
[36m(EnvGroup(rank=3) pid=189482)[0m [robosuite WARNING] To setup, run: python /venv/main/lib/python3.12/site-packages/robosuite/scripts/setup_macros.py (__init__.py:9)
[36m(EnvGroup(rank=0) pid=189414)[0m Gym has been unmaintained since 2022 and does not support NumPy 2.0 amongst other critical functionality.
[36m(EnvGroup(rank=0) pid=189414)[0m Please upgrade to Gymnasium, the maintained drop-in replacement of Gym, or contact the authors of your software and request that they upgrade.
[36m(EnvGroup(rank=0) pid=189414)[0m See the migration guide at https://gymnasium.farama.org/introduction/migration_guide/ for additional information.
[36m(EnvGroup(rank=0) pid=189414)[0m /venv/main/lib/python3.12/site-packages/robosuite/__init__.py:7: DeprecationWarning: The 'warn' method is deprecated, use 'warning' instead
[36m(EnvGroup(rank=0) pid=189414)[0m   ROBOSUITE_DEFAULT_LOGGER.warn("No private macro file found!")
[36m(EnvGroup(rank=0) pid=189414)[0m [robosuite WARNING] No private macro file found! (__init__.py:7)
[36m(EnvGroup(rank=0) pid=189414)[0m [robosuite WARNING] It is recommended to use a private macro file (__init__.py:8)
[36m(EnvGroup(rank=0) pid=189414)[0m [robosuite WARNING] To setup, run: python /venv/main/lib/python3.12/site-packages/robosuite/scripts/setup_macros.py (__init__.py:9)
[36m(EnvGroup(rank=2) pid=189422)[0m Gym has been unmaintained since 2022 and does not support NumPy 2.0 amongst other critical functionality.
[36m(EnvGroup(rank=2) pid=189422)[0m Please upgrade to Gymnasium, the maintained drop-in replacement of Gym, or contact the authors of your software and request that they upgrade.
[36m(EnvGroup(rank=2) pid=189422)[0m See the migration guide at https://gymnasium.farama.org/introduction/migration_guide/ for additional information.Gym has been unmaintained since 2022 and does not support NumPy 2.0 amongst other critical functionality.
[36m(EnvGroup(rank=2) pid=189422)[0m Please upgrade to Gymnasium, the maintained drop-in replacement of Gym, or contact the authors of your software and request that they upgrade.
[36m(EnvGroup(rank=2) pid=189422)[0m See the migration guide at https://gymnasium.farama.org/introduction/migration_guide/ for additional information.
[36m(EnvGroup(rank=2) pid=189422)[0m 
[36m(EnvGroup(rank=0) pid=189414)[0m Gym has been unmaintained since 2022 and does not support NumPy 2.0 amongst other critical functionality.
[36m(EnvGroup(rank=0) pid=189414)[0m Please upgrade to Gymnasium, the maintained drop-in replacement of Gym, or contact the authors of your software and request that they upgrade.
[36m(EnvGroup(rank=0) pid=189414)[0m See the migration guide at https://gymnasium.farama.org/introduction/migration_guide/ for additional information.
[36m(EnvGroup(rank=0) pid=189414)[0m Gym has been unmaintained since 2022 and does not support NumPy 2.0 amongst other critical functionality.
[36m(EnvGroup(rank=0) pid=189414)[0m Please upgrade to Gymnasium, the maintained drop-in replacement of Gym, or contact the authors of your software and request that they upgrade.
[36m(EnvGroup(rank=0) pid=189414)[0m See the migration guide at https://gymnasium.farama.org/introduction/migration_guide/ for additional information.
[36m(EnvGroup(rank=2) pid=189422)[0m /venv/main/lib/python3.12/site-packages/robosuite/__init__.py:7: DeprecationWarning: The 'warn' method is deprecated, use 'warning' instead
[36m(EnvGroup(rank=2) pid=189422)[0m   ROBOSUITE_DEFAULT_LOGGER.warn("No private macro file found!")
[36m(EnvGroup(rank=2) pid=189422)[0m [robosuite WARNING] No private macro file found! (__init__.py:7)
[36m(EnvGroup(rank=2) pid=189422)[0m [robosuite WARNING] It is recommended to use a private macro file (__init__.py:8)
[36m(EnvGroup(rank=2) pid=189422)[0m [robosuite WARNING] To setup, run: python /venv/main/lib/python3.12/site-packages/robosuite/scripts/setup_macros.py (__init__.py:9)
[36m(EnvGroup(rank=3) pid=189482)[0m Gym has been unmaintained since 2022 and does not support NumPy 2.0 amongst other critical functionality.
[36m(EnvGroup(rank=3) pid=189482)[0m Please upgrade to Gymnasium, the maintained drop-in replacement of Gym, or contact the authors of your software and request that they upgrade.
[36m(EnvGroup(rank=3) pid=189482)[0m See the migration guide at https://gymnasium.farama.org/introduction/migration_guide/ for additional information.
[36m(EnvGroup(rank=0) pid=189414)[0m /venv/main/lib/python3.12/site-packages/robosuite/__init__.py:7: DeprecationWarning: The 'warn' method is deprecated, use 'warning' instead
[36m(EnvGroup(rank=0) pid=189414)[0m   ROBOSUITE_DEFAULT_LOGGER.warn("No private macro file found!")
[36m(EnvGroup(rank=0) pid=189414)[0m [robosuite WARNING] No private macro file found! (__init__.py:7)
[36m(EnvGroup(rank=0) pid=189414)[0m [robosuite WARNING] It is recommended to use a private macro file (__init__.py:8)
[36m(EnvGroup(rank=0) pid=189414)[0m [robosuite WARNING] To setup, run: python /venv/main/lib/python3.12/site-packages/robosuite/scripts/setup_macros.py (__init__.py:9)
[36m(EnvGroup(rank=0) pid=189414)[0m /venv/main/lib/python3.12/site-packages/robosuite/__init__.py:7: DeprecationWarning: The 'warn' method is deprecated, use 'warning' instead
[36m(EnvGroup(rank=0) pid=189414)[0m   ROBOSUITE_DEFAULT_LOGGER.warn("No private macro file found!")
[36m(EnvGroup(rank=0) pid=189414)[0m [robosuite WARNING] No private macro file found! (__init__.py:7)
[36m(EnvGroup(rank=0) pid=189414)[0m [robosuite WARNING] It is recommended to use a private macro file (__init__.py:8)
[36m(EnvGroup(rank=0) pid=189414)[0m [robosuite WARNING] To setup, run: python /venv/main/lib/python3.12/site-packages/robosuite/scripts/setup_macros.py (__init__.py:9)
[36m(EnvGroup(rank=1) pid=189418)[0m Gym has been unmaintained since 2022 and does not support NumPy 2.0 amongst other critical functionality.
[36m(EnvGroup(rank=1) pid=189418)[0m Please upgrade to Gymnasium, the maintained drop-in replacement of Gym, or contact the authors of your software and request that they upgrade.
[36m(EnvGroup(rank=1) pid=189418)[0m See the migration guide at https://gymnasium.farama.org/introduction/migration_guide/ for additional information.Gym has been unmaintained since 2022 and does not support NumPy 2.0 amongst other critical functionality.
[36m(EnvGroup(rank=1) pid=189418)[0m Please upgrade to Gymnasium, the maintained drop-in replacement of Gym, or contact the authors of your software and request that they upgrade.
[36m(EnvGroup(rank=1) pid=189418)[0m See the migration guide at https://gymnasium.farama.org/introduction/migration_guide/ for additional information.
[36m(EnvGroup(rank=1) pid=189418)[0m 
[36m(EnvGroup(rank=2) pid=189422)[0m Gym has been unmaintained since 2022 and does not support NumPy 2.0 amongst other critical functionality.
[36m(EnvGroup(rank=2) pid=189422)[0m Please upgrade to Gymnasium, the maintained drop-in replacement of Gym, or contact the authors of your software and request that they upgrade.
[36m(EnvGroup(rank=2) pid=189422)[0m See the migration guide at https://gymnasium.farama.org/introduction/migration_guide/ for additional information.
[36m(EnvGroup(rank=2) pid=189422)[0m Gym has been unmaintained since 2022 and does not support NumPy 2.0 amongst other critical functionality.
[36m(EnvGroup(rank=2) pid=189422)[0m Please upgrade to Gymnasium, the maintained drop-in replacement of Gym, or contact the authors of your software and request that they upgrade.
[36m(EnvGroup(rank=2) pid=189422)[0m See the migration guide at https://gymnasium.farama.org/introduction/migration_guide/ for additional information.
[36m(EnvGroup(rank=3) pid=189482)[0m /venv/main/lib/python3.12/site-packages/robosuite/__init__.py:7: DeprecationWarning: The 'warn' method is deprecated, use 'warning' instead
[36m(EnvGroup(rank=3) pid=189482)[0m   ROBOSUITE_DEFAULT_LOGGER.warn("No private macro file found!")
[36m(EnvGroup(rank=3) pid=189482)[0m [robosuite WARNING] No private macro file found! (__init__.py:7)
[36m(EnvGroup(rank=3) pid=189482)[0m [robosuite WARNING] It is recommended to use a private macro file (__init__.py:8)
[36m(EnvGroup(rank=3) pid=189482)[0m [robosuite WARNING] To setup, run: python /venv/main/lib/python3.12/site-packages/robosuite/scripts/setup_macros.py (__init__.py:9)
[36m(EnvGroup(rank=0) pid=189414)[0m Gym has been unmaintained since 2022 and does not support NumPy 2.0 amongst other critical functionality.
[36m(EnvGroup(rank=0) pid=189414)[0m Please upgrade to Gymnasium, the maintained drop-in replacement of Gym, or contact the authors of your software and request that they upgrade.
[36m(EnvGroup(rank=0) pid=189414)[0m See the migration guide at https://gymnasium.farama.org/introduction/migration_guide/ for additional information.
[36m(EnvGroup(rank=1) pid=189418)[0m Gym has been unmaintained since 2022 and does not support NumPy 2.0 amongst other critical functionality.
[36m(EnvGroup(rank=1) pid=189418)[0m Please upgrade to Gymnasium, the maintained drop-in replacement of Gym, or contact the authors of your software and request that they upgrade.
[36m(EnvGroup(rank=1) pid=189418)[0m See the migration guide at https://gymnasium.farama.org/introduction/migration_guide/ for additional information.
[36m(EnvGroup(rank=1) pid=189418)[0m /venv/main/lib/python3.12/site-packages/robosuite/__init__.py:7: DeprecationWarning: The 'warn' method is deprecated, use 'warning' instead
[36m(EnvGroup(rank=1) pid=189418)[0m   ROBOSUITE_DEFAULT_LOGGER.warn("No private macro file found!")
[36m(EnvGroup(rank=1) pid=189418)[0m [robosuite WARNING] No private macro file found! (__init__.py:7)
[36m(EnvGroup(rank=1) pid=189418)[0m [robosuite WARNING] It is recommended to use a private macro file (__init__.py:8)
[36m(EnvGroup(rank=1) pid=189418)[0m [robosuite WARNING] To setup, run: python /venv/main/lib/python3.12/site-packages/robosuite/scripts/setup_macros.py (__init__.py:9)
[36m(EnvGroup(rank=2) pid=189422)[0m /venv/main/lib/python3.12/site-packages/robosuite/__init__.py:7: DeprecationWarning: The 'warn' method is deprecated, use 'warning' instead
[36m(EnvGroup(rank=2) pid=189422)[0m   ROBOSUITE_DEFAULT_LOGGER.warn("No private macro file found!")
[36m(EnvGroup(rank=2) pid=189422)[0m [robosuite WARNING] No private macro file found! (__init__.py:7)
[36m(EnvGroup(rank=2) pid=189422)[0m [robosuite WARNING] It is recommended to use a private macro file (__init__.py:8)
[36m(EnvGroup(rank=2) pid=189422)[0m [robosuite WARNING] To setup, run: python /venv/main/lib/python3.12/site-packages/robosuite/scripts/setup_macros.py (__init__.py:9)
[36m(EnvGroup(rank=3) pid=189482)[0m Gym has been unmaintained since 2022 and does not support NumPy 2.0 amongst other critical functionality.
[36m(EnvGroup(rank=3) pid=189482)[0m Please upgrade to Gymnasium, the maintained drop-in replacement of Gym, or contact the authors of your software and request that they upgrade.
[36m(EnvGroup(rank=3) pid=189482)[0m See the migration guide at https://gymnasium.farama.org/introduction/migration_guide/ for additional information.
[36m(EnvGroup(rank=0) pid=189414)[0m /venv/main/lib/python3.12/site-packages/robosuite/__init__.py:7: DeprecationWarning: The 'warn' method is deprecated, use 'warning' instead
[36m(EnvGroup(rank=0) pid=189414)[0m   ROBOSUITE_DEFAULT_LOGGER.warn("No private macro file found!")
[36m(EnvGroup(rank=0) pid=189414)[0m [robosuite WARNING] No private macro file found! (__init__.py:7)
[36m(EnvGroup(rank=0) pid=189414)[0m [robosuite WARNING] It is recommended to use a private macro file (__init__.py:8)
[36m(EnvGroup(rank=0) pid=189414)[0m [robosuite WARNING] To setup, run: python /venv/main/lib/python3.12/site-packages/robosuite/scripts/setup_macros.py (__init__.py:9)
[36m(EnvGroup(rank=1) pid=189418)[0m /venv/main/lib/python3.12/site-packages/robosuite/__init__.py:7: DeprecationWarning: The 'warn' method is deprecated, use 'warning' instead
[36m(EnvGroup(rank=1) pid=189418)[0m   ROBOSUITE_DEFAULT_LOGGER.warn("No private macro file found!")
[36m(EnvGroup(rank=1) pid=189418)[0m [robosuite WARNING] No private macro file found! (__init__.py:7)
[36m(EnvGroup(rank=1) pid=189418)[0m [robosuite WARNING] It is recommended to use a private macro file (__init__.py:8)
[36m(EnvGroup(rank=1) pid=189418)[0m [robosuite WARNING] To setup, run: python /venv/main/lib/python3.12/site-packages/robosuite/scripts/setup_macros.py (__init__.py:9)
[36m(EnvGroup(rank=2) pid=189422)[0m Gym has been unmaintained since 2022 and does not support NumPy 2.0 amongst other critical functionality.
[36m(EnvGroup(rank=2) pid=189422)[0m Please upgrade to Gymnasium, the maintained drop-in replacement of Gym, or contact the authors of your software and request that they upgrade.
[36m(EnvGroup(rank=2) pid=189422)[0m See the migration guide at https://gymnasium.farama.org/introduction/migration_guide/ for additional information.
[36m(EnvGroup(rank=2) pid=189422)[0m Gym has been unmaintained since 2022 and does not support NumPy 2.0 amongst other critical functionality.
[36m(EnvGroup(rank=2) pid=189422)[0m Please upgrade to Gymnasium, the maintained drop-in replacement of Gym, or contact the authors of your software and request that they upgrade.
[36m(EnvGroup(rank=2) pid=189422)[0m See the migration guide at https://gymnasium.farama.org/introduction/migration_guide/ for additional information.
[36m(EnvGroup(rank=0) pid=189414)[0m Gym has been unmaintained since 2022 and does not support NumPy 2.0 amongst other critical functionality.
[36m(EnvGroup(rank=0) pid=189414)[0m Please upgrade to Gymnasium, the maintained drop-in replacement of Gym, or contact the authors of your software and request that they upgrade.
[36m(EnvGroup(rank=0) pid=189414)[0m See the migration guide at https://gymnasium.farama.org/introduction/migration_guide/ for additional information.
[36m(EnvGroup(rank=1) pid=189418)[0m Gym has been unmaintained since 2022 and does not support NumPy 2.0 amongst other critical functionality.
[36m(EnvGroup(rank=1) pid=189418)[0m Please upgrade to Gymnasium, the maintained drop-in replacement of Gym, or contact the authors of your software and request that they upgrade.
[36m(EnvGroup(rank=1) pid=189418)[0m See the migration guide at https://gymnasium.farama.org/introduction/migration_guide/ for additional information.
[36m(EnvGroup(rank=2) pid=189422)[0m /venv/main/lib/python3.12/site-packages/robosuite/__init__.py:7: DeprecationWarning: The 'warn' method is deprecated, use 'warning' instead
[36m(EnvGroup(rank=2) pid=189422)[0m   ROBOSUITE_DEFAULT_LOGGER.warn("No private macro file found!")
[36m(EnvGroup(rank=2) pid=189422)[0m /venv/main/lib/python3.12/site-packages/robosuite/__init__.py:7: DeprecationWarning: The 'warn' method is deprecated, use 'warning' instead
[36m(EnvGroup(rank=2) pid=189422)[0m   ROBOSUITE_DEFAULT_LOGGER.warn("No private macro file found!")
[36m(EnvGroup(rank=2) pid=189422)[0m [robosuite WARNING] No private macro file found! (__init__.py:7)
[36m(EnvGroup(rank=2) pid=189422)[0m [robosuite WARNING] No private macro file found! (__init__.py:7)
[36m(EnvGroup(rank=2) pid=189422)[0m [robosuite WARNING] It is recommended to use a private macro file (__init__.py:8)
[36m(EnvGroup(rank=2) pid=189422)[0m [robosuite WARNING] To setup, run: python /venv/main/lib/python3.12/site-packages/robosuite/scripts/setup_macros.py (__init__.py:9)
[36m(EnvGroup(rank=2) pid=189422)[0m [robosuite WARNING] It is recommended to use a private macro file (__init__.py:8)
[36m(EnvGroup(rank=2) pid=189422)[0m [robosuite WARNING] To setup, run: python /venv/main/lib/python3.12/site-packages/robosuite/scripts/setup_macros.py (__init__.py:9)
[36m(EnvGroup(rank=2) pid=189422)[0m /venv/main/lib/python3.12/site-packages/robosuite/__init__.py:7: DeprecationWarning: The 'warn' method is deprecated, use 'warning' instead
[36m(EnvGroup(rank=2) pid=189422)[0m   ROBOSUITE_DEFAULT_LOGGER.warn("No private macro file found!")
[36m(EnvGroup(rank=2) pid=189422)[0m [robosuite WARNING] No private macro file found! (__init__.py:7)
[36m(EnvGroup(rank=2) pid=189422)[0m [robosuite WARNING] It is recommended to use a private macro file (__init__.py:8)
[36m(EnvGroup(rank=2) pid=189422)[0m [robosuite WARNING] To setup, run: python /venv/main/lib/python3.12/site-packages/robosuite/scripts/setup_macros.py (__init__.py:9)
[36m(EnvGroup(rank=3) pid=189482)[0m /venv/main/lib/python3.12/site-packages/robosuite/__init__.py:7: DeprecationWarning: The 'warn' method is deprecated, use 'warning' instead
[36m(EnvGroup(rank=3) pid=189482)[0m   ROBOSUITE_DEFAULT_LOGGER.warn("No private macro file found!")
[36m(EnvGroup(rank=3) pid=189482)[0m [robosuite WARNING] No private macro file found! (__init__.py:7)
[36m(EnvGroup(rank=3) pid=189482)[0m [robosuite WARNING] It is recommended to use a private macro file (__init__.py:8)
[36m(EnvGroup(rank=3) pid=189482)[0m [robosuite WARNING] To setup, run: python /venv/main/lib/python3.12/site-packages/robosuite/scripts/setup_macros.py (__init__.py:9)
[36m(EnvGroup(rank=0) pid=189414)[0m /venv/main/lib/python3.12/site-packages/robosuite/__init__.py:7: DeprecationWarning: The 'warn' method is deprecated, use 'warning' instead
[36m(EnvGroup(rank=0) pid=189414)[0m   ROBOSUITE_DEFAULT_LOGGER.warn("No private macro file found!")
[36m(EnvGroup(rank=0) pid=189414)[0m [robosuite WARNING] No private macro file found! (__init__.py:7)
[36m(EnvGroup(rank=0) pid=189414)[0m [robosuite WARNING] It is recommended to use a private macro file (__init__.py:8)
[36m(EnvGroup(rank=0) pid=189414)[0m [robosuite WARNING] To setup, run: python /venv/main/lib/python3.12/site-packages/robosuite/scripts/setup_macros.py (__init__.py:9)
[36m(EnvGroup(rank=1) pid=189418)[0m Gym has been unmaintained since 2022 and does not support NumPy 2.0 amongst other critical functionality.
[36m(EnvGroup(rank=1) pid=189418)[0m Please upgrade to Gymnasium, the maintained drop-in replacement of Gym, or contact the authors of your software and request that they upgrade.
[36m(EnvGroup(rank=1) pid=189418)[0m See the migration guide at https://gymnasium.farama.org/introduction/migration_guide/ for additional information.
[36m(EnvGroup(rank=1) pid=189418)[0m /venv/main/lib/python3.12/site-packages/robosuite/__init__.py:7: DeprecationWarning: The 'warn' method is deprecated, use 'warning' instead
[36m(EnvGroup(rank=1) pid=189418)[0m   ROBOSUITE_DEFAULT_LOGGER.warn("No private macro file found!")
[36m(EnvGroup(rank=3) pid=189482)[0m Gym has been unmaintained since 2022 and does not support NumPy 2.0 amongst other critical functionality.
[36m(EnvGroup(rank=3) pid=189482)[0m Please upgrade to Gymnasium, the maintained drop-in replacement of Gym, or contact the authors of your software and request that they upgrade.
[36m(EnvGroup(rank=3) pid=189482)[0m See the migration guide at https://gymnasium.farama.org/introduction/migration_guide/ for additional information.
[36m(EnvGroup(rank=0) pid=189414)[0m Gym has been unmaintained since 2022 and does not support NumPy 2.0 amongst other critical functionality.
[36m(EnvGroup(rank=0) pid=189414)[0m Please upgrade to Gymnasium, the maintained drop-in replacement of Gym, or contact the authors of your software and request that they upgrade.
[36m(EnvGroup(rank=0) pid=189414)[0m See the migration guide at https://gymnasium.farama.org/introduction/migration_guide/ for additional information.
[36m(EnvGroup(rank=1) pid=189418)[0m [robosuite WARNING] No private macro file found! (__init__.py:7)
[36m(EnvGroup(rank=1) pid=189418)[0m [robosuite WARNING] It is recommended to use a private macro file (__init__.py:8)
[36m(EnvGroup(rank=1) pid=189418)[0m [robosuite WARNING] To setup, run: python /venv/main/lib/python3.12/site-packages/robosuite/scripts/setup_macros.py (__init__.py:9)
[36m(EnvGroup(rank=1) pid=189418)[0m /venv/main/lib/python3.12/site-packages/robosuite/__init__.py:7: DeprecationWarning: The 'warn' method is deprecated, use 'warning' instead
[36m(EnvGroup(rank=1) pid=189418)[0m   ROBOSUITE_DEFAULT_LOGGER.warn("No private macro file found!")
[36m(EnvGroup(rank=1) pid=189418)[0m [robosuite WARNING] No private macro file found! (__init__.py:7)
[36m(EnvGroup(rank=1) pid=189418)[0m [robosuite WARNING] It is recommended to use a private macro file (__init__.py:8)
[36m(EnvGroup(rank=1) pid=189418)[0m [robosuite WARNING] To setup, run: python /venv/main/lib/python3.12/site-packages/robosuite/scripts/setup_macros.py (__init__.py:9)
[36m(EnvGroup(rank=0) pid=189414)[0m /venv/main/lib/python3.12/site-packages/robosuite/__init__.py:7: DeprecationWarning: The 'warn' method is deprecated, use 'warning' instead
[36m(EnvGroup(rank=0) pid=189414)[0m   ROBOSUITE_DEFAULT_LOGGER.warn("No private macro file found!")
[36m(EnvGroup(rank=0) pid=189414)[0m [robosuite WARNING] No private macro file found! (__init__.py:7)
[36m(EnvGroup(rank=3) pid=189482)[0m /venv/main/lib/python3.12/site-packages/robosuite/__init__.py:7: DeprecationWarning: The 'warn' method is deprecated, use 'warning' instead
[36m(EnvGroup(rank=3) pid=189482)[0m   ROBOSUITE_DEFAULT_LOGGER.warn("No private macro file found!")
[36m(EnvGroup(rank=3) pid=189482)[0m [robosuite WARNING] No private macro file found! (__init__.py:7)
[36m(EnvGroup(rank=3) pid=189482)[0m [robosuite WARNING] It is recommended to use a private macro file (__init__.py:8)
[36m(EnvGroup(rank=3) pid=189482)[0m [robosuite WARNING] To setup, run: python /venv/main/lib/python3.12/site-packages/robosuite/scripts/setup_macros.py (__init__.py:9)
[36m(EnvGroup(rank=3) pid=189482)[0m Gym has been unmaintained since 2022 and does not support NumPy 2.0 amongst other critical functionality.
[36m(EnvGroup(rank=3) pid=189482)[0m Please upgrade to Gymnasium, the maintained drop-in replacement of Gym, or contact the authors of your software and request that they upgrade.
[36m(EnvGroup(rank=3) pid=189482)[0m See the migration guide at https://gymnasium.farama.org/introduction/migration_guide/ for additional information.
[36m(EnvGroup(rank=0) pid=189414)[0m [robosuite WARNING] It is recommended to use a private macro file (__init__.py:8)
[36m(EnvGroup(rank=0) pid=189414)[0m [robosuite WARNING] To setup, run: python /venv/main/lib/python3.12/site-packages/robosuite/scripts/setup_macros.py (__init__.py:9)
[36m(EnvGroup(rank=1) pid=189418)[0m /venv/main/lib/python3.12/site-packages/robosuite/__init__.py:7: DeprecationWarning: The 'warn' method is deprecated, use 'warning' instead
[36m(EnvGroup(rank=1) pid=189418)[0m   ROBOSUITE_DEFAULT_LOGGER.warn("No private macro file found!")
[36m(EnvGroup(rank=1) pid=189418)[0m [robosuite WARNING] No private macro file found! (__init__.py:7)
[36m(EnvGroup(rank=1) pid=189418)[0m [robosuite WARNING] It is recommended to use a private macro file (__init__.py:8)
[36m(EnvGroup(rank=1) pid=189418)[0m [robosuite WARNING] To setup, run: python /venv/main/lib/python3.12/site-packages/robosuite/scripts/setup_macros.py (__init__.py:9)
[36m(EnvGroup(rank=3) pid=189482)[0m Gym has been unmaintained since 2022 and does not support NumPy 2.0 amongst other critical functionality.
[36m(EnvGroup(rank=3) pid=189482)[0m Please upgrade to Gymnasium, the maintained drop-in replacement of Gym, or contact the authors of your software and request that they upgrade.
[36m(EnvGroup(rank=3) pid=189482)[0m See the migration guide at https://gymnasium.farama.org/introduction/migration_guide/ for additional information.
[36m(EnvGroup(rank=1) pid=189418)[0m Gym has been unmaintained since 2022 and does not support NumPy 2.0 amongst other critical functionality.
[36m(EnvGroup(rank=1) pid=189418)[0m Please upgrade to Gymnasium, the maintained drop-in replacement of Gym, or contact the authors of your software and request that they upgrade.
[36m(EnvGroup(rank=1) pid=189418)[0m See the migration guide at https://gymnasium.farama.org/introduction/migration_guide/ for additional information.
[36m(EnvGroup(rank=1) pid=189418)[0m Gym has been unmaintained since 2022 and does not support NumPy 2.0 amongst other critical functionality.
[36m(EnvGroup(rank=1) pid=189418)[0m Please upgrade to Gymnasium, the maintained drop-in replacement of Gym, or contact the authors of your software and request that they upgrade.
[36m(EnvGroup(rank=1) pid=189418)[0m See the migration guide at https://gymnasium.farama.org/introduction/migration_guide/ for additional information.
[36m(EnvGroup(rank=3) pid=189482)[0m /venv/main/lib/python3.12/site-packages/robosuite/__init__.py:7: DeprecationWarning: The 'warn' method is deprecated, use 'warning' instead
[36m(EnvGroup(rank=3) pid=189482)[0m   ROBOSUITE_DEFAULT_LOGGER.warn("No private macro file found!")
[36m(EnvGroup(rank=3) pid=189482)[0m [robosuite WARNING] No private macro file found! (__init__.py:7)
[36m(EnvGroup(rank=3) pid=189482)[0m [robosuite WARNING] It is recommended to use a private macro file (__init__.py:8)
[36m(EnvGroup(rank=3) pid=189482)[0m [robosuite WARNING] To setup, run: python /venv/main/lib/python3.12/site-packages/robosuite/scripts/setup_macros.py (__init__.py:9)
[36m(EnvGroup(rank=1) pid=189418)[0m /venv/main/lib/python3.12/site-packages/robosuite/__init__.py:7: DeprecationWarning: The 'warn' method is deprecated, use 'warning' instead
[36m(EnvGroup(rank=1) pid=189418)[0m   ROBOSUITE_DEFAULT_LOGGER.warn("No private macro file found!")
[36m(EnvGroup(rank=1) pid=189418)[0m [robosuite WARNING] No private macro file found! (__init__.py:7)
[36m(EnvGroup(rank=1) pid=189418)[0m [robosuite WARNING] It is recommended to use a private macro file (__init__.py:8)
[36m(EnvGroup(rank=1) pid=189418)[0m [robosuite WARNING] To setup, run: python /venv/main/lib/python3.12/site-packages/robosuite/scripts/setup_macros.py (__init__.py:9)
[36m(EnvGroup(rank=0) pid=189414)[0m Gym has been unmaintained since 2022 and does not support NumPy 2.0 amongst other critical functionality.
[36m(EnvGroup(rank=0) pid=189414)[0m Please upgrade to Gymnasium, the maintained drop-in replacement of Gym, or contact the authors of your software and request that they upgrade.
[36m(EnvGroup(rank=0) pid=189414)[0m See the migration guide at https://gymnasium.farama.org/introduction/migration_guide/ for additional information.
[36m(EnvGroup(rank=1) pid=189418)[0m /venv/main/lib/python3.12/site-packages/robosuite/__init__.py:7: DeprecationWarning: The 'warn' method is deprecated, use 'warning' instead
[36m(EnvGroup(rank=1) pid=189418)[0m   ROBOSUITE_DEFAULT_LOGGER.warn("No private macro file found!")
[36m(EnvGroup(rank=1) pid=189418)[0m Gym has been unmaintained since 2022 and does not support NumPy 2.0 amongst other critical functionality.
[36m(EnvGroup(rank=1) pid=189418)[0m Please upgrade to Gymnasium, the maintained drop-in replacement of Gym, or contact the authors of your software and request that they upgrade.
[36m(EnvGroup(rank=1) pid=189418)[0m See the migration guide at https://gymnasium.farama.org/introduction/migration_guide/ for additional information.
[36m(EnvGroup(rank=1) pid=189418)[0m [robosuite WARNING] No private macro file found! (__init__.py:7)
[36m(EnvGroup(rank=1) pid=189418)[0m [robosuite WARNING] It is recommended to use a private macro file (__init__.py:8)
[36m(EnvGroup(rank=1) pid=189418)[0m [robosuite WARNING] To setup, run: python /venv/main/lib/python3.12/site-packages/robosuite/scripts/setup_macros.py (__init__.py:9)
[36m(EnvGroup(rank=2) pid=189422)[0m Gym has been unmaintained since 2022 and does not support NumPy 2.0 amongst other critical functionality.
[36m(EnvGroup(rank=2) pid=189422)[0m Please upgrade to Gymnasium, the maintained drop-in replacement of Gym, or contact the authors of your software and request that they upgrade.
[36m(EnvGroup(rank=2) pid=189422)[0m See the migration guide at https://gymnasium.farama.org/introduction/migration_guide/ for additional information.
[36m(EnvGroup(rank=2) pid=189422)[0m Gym has been unmaintained since 2022 and does not support NumPy 2.0 amongst other critical functionality.
[36m(EnvGroup(rank=2) pid=189422)[0m Please upgrade to Gymnasium, the maintained drop-in replacement of Gym, or contact the authors of your software and request that they upgrade.
[36m(EnvGroup(rank=2) pid=189422)[0m See the migration guide at https://gymnasium.farama.org/introduction/migration_guide/ for additional information.
[36m(EnvGroup(rank=3) pid=189482)[0m /venv/main/lib/python3.12/site-packages/robosuite/__init__.py:7: DeprecationWarning: The 'warn' method is deprecated, use 'warning' instead
[36m(EnvGroup(rank=3) pid=189482)[0m   ROBOSUITE_DEFAULT_LOGGER.warn("No private macro file found!")
[36m(EnvGroup(rank=3) pid=189482)[0m [robosuite WARNING] No private macro file found! (__init__.py:7)
[36m(EnvGroup(rank=3) pid=189482)[0m [robosuite WARNING] It is recommended to use a private macro file (__init__.py:8)
[36m(EnvGroup(rank=3) pid=189482)[0m [robosuite WARNING] To setup, run: python /venv/main/lib/python3.12/site-packages/robosuite/scripts/setup_macros.py (__init__.py:9)
[36m(EnvGroup(rank=1) pid=189418)[0m Gym has been unmaintained since 2022 and does not support NumPy 2.0 amongst other critical functionality.
[36m(EnvGroup(rank=1) pid=189418)[0m Please upgrade to Gymnasium, the maintained drop-in replacement of Gym, or contact the authors of your software and request that they upgrade.
[36m(EnvGroup(rank=1) pid=189418)[0m See the migration guide at https://gymnasium.farama.org/introduction/migration_guide/ for additional information.
[36m(EnvGroup(rank=2) pid=189422)[0m /venv/main/lib/python3.12/site-packages/robosuite/__init__.py:7: DeprecationWarning: The 'warn' method is deprecated, use 'warning' instead
[36m(EnvGroup(rank=2) pid=189422)[0m   ROBOSUITE_DEFAULT_LOGGER.warn("No private macro file found!")
[36m(EnvGroup(rank=2) pid=189422)[0m [robosuite WARNING] No private macro file found! (__init__.py:7)
[36m(EnvGroup(rank=3) pid=189482)[0m Gym has been unmaintained since 2022 and does not support NumPy 2.0 amongst other critical functionality.
[36m(EnvGroup(rank=3) pid=189482)[0m Please upgrade to Gymnasium, the maintained drop-in replacement of Gym, or contact the authors of your software and request that they upgrade.
[36m(EnvGroup(rank=3) pid=189482)[0m See the migration guide at https://gymnasium.farama.org/introduction/migration_guide/ for additional information.
[36m(EnvGroup(rank=0) pid=189414)[0m /venv/main/lib/python3.12/site-packages/robosuite/__init__.py:7: DeprecationWarning: The 'warn' method is deprecated, use 'warning' instead
[36m(EnvGroup(rank=0) pid=189414)[0m   ROBOSUITE_DEFAULT_LOGGER.warn("No private macro file found!")
[36m(EnvGroup(rank=0) pid=189414)[0m [robosuite WARNING] No private macro file found! (__init__.py:7)
[36m(EnvGroup(rank=0) pid=189414)[0m [robosuite WARNING] It is recommended to use a private macro file (__init__.py:8)
[36m(EnvGroup(rank=0) pid=189414)[0m [robosuite WARNING] To setup, run: python /venv/main/lib/python3.12/site-packages/robosuite/scripts/setup_macros.py (__init__.py:9)
[36m(EnvGroup(rank=1) pid=189418)[0m /venv/main/lib/python3.12/site-packages/robosuite/__init__.py:7: DeprecationWarning: The 'warn' method is deprecated, use 'warning' instead
[36m(EnvGroup(rank=1) pid=189418)[0m   ROBOSUITE_DEFAULT_LOGGER.warn("No private macro file found!")
[36m(EnvGroup(rank=1) pid=189418)[0m [robosuite WARNING] No private macro file found! (__init__.py:7)
[36m(EnvGroup(rank=1) pid=189418)[0m [robosuite WARNING] It is recommended to use a private macro file (__init__.py:8)
[36m(EnvGroup(rank=1) pid=189418)[0m [robosuite WARNING] To setup, run: python /venv/main/lib/python3.12/site-packages/robosuite/scripts/setup_macros.py (__init__.py:9)
[36m(EnvGroup(rank=1) pid=189418)[0m Gym has been unmaintained since 2022 and does not support NumPy 2.0 amongst other critical functionality.
[36m(EnvGroup(rank=1) pid=189418)[0m Please upgrade to Gymnasium, the maintained drop-in replacement of Gym, or contact the authors of your software and request that they upgrade.
[36m(EnvGroup(rank=1) pid=189418)[0m See the migration guide at https://gymnasium.farama.org/introduction/migration_guide/ for additional information.
[36m(EnvGroup(rank=2) pid=189422)[0m [robosuite WARNING] It is recommended to use a private macro file (__init__.py:8)
[36m(EnvGroup(rank=2) pid=189422)[0m [robosuite WARNING] To setup, run: python /venv/main/lib/python3.12/site-packages/robosuite/scripts/setup_macros.py (__init__.py:9)
[36m(EnvGroup(rank=2) pid=189422)[0m /venv/main/lib/python3.12/site-packages/robosuite/__init__.py:7: DeprecationWarning: The 'warn' method is deprecated, use 'warning' instead
[36m(EnvGroup(rank=2) pid=189422)[0m   ROBOSUITE_DEFAULT_LOGGER.warn("No private macro file found!")
[36m(EnvGroup(rank=2) pid=189422)[0m [robosuite WARNING] No private macro file found! (__init__.py:7)
[36m(EnvGroup(rank=2) pid=189422)[0m [robosuite WARNING] It is recommended to use a private macro file (__init__.py:8)
[36m(EnvGroup(rank=2) pid=189422)[0m [robosuite WARNING] To setup, run: python /venv/main/lib/python3.12/site-packages/robosuite/scripts/setup_macros.py (__init__.py:9)
[36m(EnvGroup(rank=1) pid=189418)[0m /venv/main/lib/python3.12/site-packages/robosuite/__init__.py:7: DeprecationWarning: The 'warn' method is deprecated, use 'warning' instead
[36m(EnvGroup(rank=1) pid=189418)[0m   ROBOSUITE_DEFAULT_LOGGER.warn("No private macro file found!")
[36m(EnvGroup(rank=1) pid=189418)[0m [robosuite WARNING] No private macro file found! (__init__.py:7)
[36m(EnvGroup(rank=1) pid=189418)[0m [robosuite WARNING] It is recommended to use a private macro file (__init__.py:8)
[36m(EnvGroup(rank=1) pid=189418)[0m [robosuite WARNING] To setup, run: python /venv/main/lib/python3.12/site-packages/robosuite/scripts/setup_macros.py (__init__.py:9)
[36m(EnvGroup(rank=1) pid=189418)[0m Gym has been unmaintained since 2022 and does not support NumPy 2.0 amongst other critical functionality.
[36m(EnvGroup(rank=1) pid=189418)[0m Please upgrade to Gymnasium, the maintained drop-in replacement of Gym, or contact the authors of your software and request that they upgrade.
[36m(EnvGroup(rank=1) pid=189418)[0m See the migration guide at https://gymnasium.farama.org/introduction/migration_guide/ for additional information.
[36m(EnvGroup(rank=1) pid=189418)[0m Gym has been unmaintained since 2022 and does not support NumPy 2.0 amongst other critical functionality.
[36m(EnvGroup(rank=1) pid=189418)[0m Please upgrade to Gymnasium, the maintained drop-in replacement of Gym, or contact the authors of your software and request that they upgrade.
[36m(EnvGroup(rank=1) pid=189418)[0m See the migration guide at https://gymnasium.farama.org/introduction/migration_guide/ for additional information.
[36m(EnvGroup(rank=3) pid=189482)[0m /venv/main/lib/python3.12/site-packages/robosuite/__init__.py:7: DeprecationWarning: The 'warn' method is deprecated, use 'warning' instead
[36m(EnvGroup(rank=3) pid=189482)[0m   ROBOSUITE_DEFAULT_LOGGER.warn("No private macro file found!")
[36m(EnvGroup(rank=3) pid=189482)[0m [robosuite WARNING] No private macro file found! (__init__.py:7)
[36m(EnvGroup(rank=3) pid=189482)[0m [robosuite WARNING] It is recommended to use a private macro file (__init__.py:8)
[36m(EnvGroup(rank=3) pid=189482)[0m [robosuite WARNING] To setup, run: python /venv/main/lib/python3.12/site-packages/robosuite/scripts/setup_macros.py (__init__.py:9)
[36m(EnvGroup(rank=1) pid=189418)[0m /venv/main/lib/python3.12/site-packages/robosuite/__init__.py:7: DeprecationWarning: The 'warn' method is deprecated, use 'warning' instead
[36m(EnvGroup(rank=1) pid=189418)[0m   ROBOSUITE_DEFAULT_LOGGER.warn("No private macro file found!")
[36m(EnvGroup(rank=1) pid=189418)[0m [robosuite WARNING] No private macro file found! (__init__.py:7)
[36m(EnvGroup(rank=1) pid=189418)[0m [robosuite WARNING] It is recommended to use a private macro file (__init__.py:8)
[36m(EnvGroup(rank=1) pid=189418)[0m [robosuite WARNING] To setup, run: python /venv/main/lib/python3.12/site-packages/robosuite/scripts/setup_macros.py (__init__.py:9)
[36m(EnvGroup(rank=1) pid=189418)[0m /venv/main/lib/python3.12/site-packages/robosuite/__init__.py:7: DeprecationWarning: The 'warn' method is deprecated, use 'warning' instead
[36m(EnvGroup(rank=1) pid=189418)[0m   ROBOSUITE_DEFAULT_LOGGER.warn("No private macro file found!")
[36m(EnvGroup(rank=1) pid=189418)[0m [robosuite WARNING] No private macro file found! (__init__.py:7)
[36m(EnvGroup(rank=1) pid=189418)[0m [robosuite WARNING] It is recommended to use a private macro file (__init__.py:8)
[36m(EnvGroup(rank=1) pid=189418)[0m [robosuite WARNING] To setup, run: python /venv/main/lib/python3.12/site-packages/robosuite/scripts/setup_macros.py (__init__.py:9)
[36m(EnvGroup(rank=1) pid=189418)[0m /venv/main/lib/python3.12/site-packages/robosuite/__init__.py:7: DeprecationWarning: The 'warn' method is deprecated, use 'warning' instead
[36m(EnvGroup(rank=1) pid=189418)[0m   ROBOSUITE_DEFAULT_LOGGER.warn("No private macro file found!")
[36m(EnvGroup(rank=1) pid=189418)[0m [robosuite WARNING] No private macro file found! (__init__.py:7)
[36m(EnvGroup(rank=1) pid=189418)[0m [robosuite WARNING] It is recommended to use a private macro file (__init__.py:8)
[36m(EnvGroup(rank=1) pid=189418)[0m [robosuite WARNING] To setup, run: python /venv/main/lib/python3.12/site-packages/robosuite/scripts/setup_macros.py (__init__.py:9)
[36m(EnvGroup(rank=2) pid=189422)[0m /venv/main/lib/python3.12/site-packages/robosuite/__init__.py:7: DeprecationWarning: The 'warn' method is deprecated, use 'warning' instead
[36m(EnvGroup(rank=2) pid=189422)[0m   ROBOSUITE_DEFAULT_LOGGER.warn("No private macro file found!")
[36m(EnvGroup(rank=2) pid=189422)[0m [robosuite WARNING] No private macro file found! (__init__.py:7)
[36m(EnvGroup(rank=2) pid=189422)[0m [robosuite WARNING] It is recommended to use a private macro file (__init__.py:8)
[36m(EnvGroup(rank=2) pid=189422)[0m [robosuite WARNING] To setup, run: python /venv/main/lib/python3.12/site-packages/robosuite/scripts/setup_macros.py (__init__.py:9)
[36m(EnvGroup(rank=2) pid=189422)[0m Gym has been unmaintained since 2022 and does not support NumPy 2.0 amongst other critical functionality.
[36m(EnvGroup(rank=2) pid=189422)[0m Please upgrade to Gymnasium, the maintained drop-in replacement of Gym, or contact the authors of your software and request that they upgrade.
[36m(EnvGroup(rank=2) pid=189422)[0m See the migration guide at https://gymnasium.farama.org/introduction/migration_guide/ for additional information.
[36m(EnvGroup(rank=3) pid=189482)[0m Gym has been unmaintained since 2022 and does not support NumPy 2.0 amongst other critical functionality.
[36m(EnvGroup(rank=3) pid=189482)[0m Please upgrade to Gymnasium, the maintained drop-in replacement of Gym, or contact the authors of your software and request that they upgrade.
[36m(EnvGroup(rank=3) pid=189482)[0m See the migration guide at https://gymnasium.farama.org/introduction/migration_guide/ for additional information.
[36m(EnvGroup(rank=0) pid=189414)[0m Gym has been unmaintained since 2022 and does not support NumPy 2.0 amongst other critical functionality.
[36m(EnvGroup(rank=0) pid=189414)[0m Please upgrade to Gymnasium, the maintained drop-in replacement of Gym, or contact the authors of your software and request that they upgrade.
[36m(EnvGroup(rank=0) pid=189414)[0m See the migration guide at https://gymnasium.farama.org/introduction/migration_guide/ for additional information.
[36m(EnvGroup(rank=2) pid=189422)[0m /venv/main/lib/python3.12/site-packages/robosuite/__init__.py:7: DeprecationWarning: The 'warn' method is deprecated, use 'warning' instead
[36m(EnvGroup(rank=2) pid=189422)[0m   ROBOSUITE_DEFAULT_LOGGER.warn("No private macro file found!")
[36m(EnvGroup(rank=2) pid=189422)[0m [robosuite WARNING] No private macro file found! (__init__.py:7)
[36m(EnvGroup(rank=2) pid=189422)[0m [robosuite WARNING] It is recommended to use a private macro file (__init__.py:8)
[36m(EnvGroup(rank=2) pid=189422)[0m [robosuite WARNING] To setup, run: python /venv/main/lib/python3.12/site-packages/robosuite/scripts/setup_macros.py (__init__.py:9)
[36m(EnvGroup(rank=0) pid=189414)[0m Gym has been unmaintained since 2022 and does not support NumPy 2.0 amongst other critical functionality.
[36m(EnvGroup(rank=0) pid=189414)[0m Please upgrade to Gymnasium, the maintained drop-in replacement of Gym, or contact the authors of your software and request that they upgrade.
[36m(EnvGroup(rank=0) pid=189414)[0m See the migration guide at https://gymnasium.farama.org/introduction/migration_guide/ for additional information.
[36m(EnvGroup(rank=3) pid=189482)[0m /venv/main/lib/python3.12/site-packages/robosuite/__init__.py:7: DeprecationWarning: The 'warn' method is deprecated, use 'warning' instead
[36m(EnvGroup(rank=3) pid=189482)[0m   ROBOSUITE_DEFAULT_LOGGER.warn("No private macro file found!")
[36m(EnvGroup(rank=3) pid=189482)[0m [robosuite WARNING] No private macro file found! (__init__.py:7)
[36m(EnvGroup(rank=3) pid=189482)[0m [robosuite WARNING] It is recommended to use a private macro file (__init__.py:8)
[36m(EnvGroup(rank=3) pid=189482)[0m [robosuite WARNING] To setup, run: python /venv/main/lib/python3.12/site-packages/robosuite/scripts/setup_macros.py (__init__.py:9)
[36m(EnvGroup(rank=3) pid=189482)[0m Gym has been unmaintained since 2022 and does not support NumPy 2.0 amongst other critical functionality.
[36m(EnvGroup(rank=3) pid=189482)[0m Please upgrade to Gymnasium, the maintained drop-in replacement of Gym, or contact the authors of your software and request that they upgrade.
[36m(EnvGroup(rank=3) pid=189482)[0m See the migration guide at https://gymnasium.farama.org/introduction/migration_guide/ for additional information.
[36m(EnvGroup(rank=0) pid=189414)[0m /venv/main/lib/python3.12/site-packages/robosuite/__init__.py:7: DeprecationWarning: The 'warn' method is deprecated, use 'warning' instead
[36m(EnvGroup(rank=0) pid=189414)[0m   ROBOSUITE_DEFAULT_LOGGER.warn("No private macro file found!")
[36m(EnvGroup(rank=0) pid=189414)[0m [robosuite WARNING] No private macro file found! (__init__.py:7)
[36m(EnvGroup(rank=0) pid=189414)[0m [robosuite WARNING] It is recommended to use a private macro file (__init__.py:8)
[36m(EnvGroup(rank=0) pid=189414)[0m [robosuite WARNING] To setup, run: python /venv/main/lib/python3.12/site-packages/robosuite/scripts/setup_macros.py (__init__.py:9)
[36m(EnvGroup(rank=0) pid=189414)[0m Gym has been unmaintained since 2022 and does not support NumPy 2.0 amongst other critical functionality.
[36m(EnvGroup(rank=0) pid=189414)[0m Please upgrade to Gymnasium, the maintained drop-in replacement of Gym, or contact the authors of your software and request that they upgrade.
[36m(EnvGroup(rank=0) pid=189414)[0m See the migration guide at https://gymnasium.farama.org/introduction/migration_guide/ for additional information.
[36m(EnvGroup(rank=2) pid=189422)[0m Gym has been unmaintained since 2022 and does not support NumPy 2.0 amongst other critical functionality.
[36m(EnvGroup(rank=2) pid=189422)[0m Please upgrade to Gymnasium, the maintained drop-in replacement of Gym, or contact the authors of your software and request that they upgrade.
[36m(EnvGroup(rank=2) pid=189422)[0m See the migration guide at https://gymnasium.farama.org/introduction/migration_guide/ for additional information.
[36m(EnvGroup(rank=0) pid=189414)[0m /venv/main/lib/python3.12/site-packages/robosuite/__init__.py:7: DeprecationWarning: The 'warn' method is deprecated, use 'warning' instead
[36m(EnvGroup(rank=0) pid=189414)[0m   ROBOSUITE_DEFAULT_LOGGER.warn("No private macro file found!")
[36m(EnvGroup(rank=0) pid=189414)[0m [robosuite WARNING] No private macro file found! (__init__.py:7)
[36m(EnvGroup(rank=0) pid=189414)[0m [robosuite WARNING] It is recommended to use a private macro file (__init__.py:8)
[36m(EnvGroup(rank=0) pid=189414)[0m [robosuite WARNING] To setup, run: python /venv/main/lib/python3.12/site-packages/robosuite/scripts/setup_macros.py (__init__.py:9)
[36m(EnvGroup(rank=1) pid=189418)[0m Gym has been unmaintained since 2022 and does not support NumPy 2.0 amongst other critical functionality.
[36m(EnvGroup(rank=1) pid=189418)[0m Please upgrade to Gymnasium, the maintained drop-in replacement of Gym, or contact the authors of your software and request that they upgrade.
[36m(EnvGroup(rank=1) pid=189418)[0m See the migration guide at https://gymnasium.farama.org/introduction/migration_guide/ for additional information.
[36m(EnvGroup(rank=2) pid=189422)[0m Gym has been unmaintained since 2022 and does not support NumPy 2.0 amongst other critical functionality.
[36m(EnvGroup(rank=2) pid=189422)[0m Please upgrade to Gymnasium, the maintained drop-in replacement of Gym, or contact the authors of your software and request that they upgrade.
[36m(EnvGroup(rank=2) pid=189422)[0m See the migration guide at https://gymnasium.farama.org/introduction/migration_guide/ for additional information.
[36m(EnvGroup(rank=3) pid=189482)[0m /venv/main/lib/python3.12/site-packages/robosuite/__init__.py:7: DeprecationWarning: The 'warn' method is deprecated, use 'warning' instead
[36m(EnvGroup(rank=3) pid=189482)[0m   ROBOSUITE_DEFAULT_LOGGER.warn("No private macro file found!")
[36m(EnvGroup(rank=3) pid=189482)[0m [robosuite WARNING] No private macro file found! (__init__.py:7)
[36m(EnvGroup(rank=3) pid=189482)[0m [robosuite WARNING] It is recommended to use a private macro file (__init__.py:8)
[36m(EnvGroup(rank=3) pid=189482)[0m [robosuite WARNING] To setup, run: python /venv/main/lib/python3.12/site-packages/robosuite/scripts/setup_macros.py (__init__.py:9)
[36m(EnvGroup(rank=0) pid=189414)[0m /venv/main/lib/python3.12/site-packages/robosuite/__init__.py:7: DeprecationWarning: The 'warn' method is deprecated, use 'warning' instead
[36m(EnvGroup(rank=0) pid=189414)[0m   ROBOSUITE_DEFAULT_LOGGER.warn("No private macro file found!")
[36m(EnvGroup(rank=0) pid=189414)[0m [robosuite WARNING] No private macro file found! (__init__.py:7)
[36m(EnvGroup(rank=0) pid=189414)[0m [robosuite WARNING] It is recommended to use a private macro file (__init__.py:8)
[36m(EnvGroup(rank=0) pid=189414)[0m [robosuite WARNING] To setup, run: python /venv/main/lib/python3.12/site-packages/robosuite/scripts/setup_macros.py (__init__.py:9)
[36m(EnvGroup(rank=2) pid=189422)[0m /venv/main/lib/python3.12/site-packages/robosuite/__init__.py:7: DeprecationWarning: The 'warn' method is deprecated, use 'warning' instead
[36m(EnvGroup(rank=2) pid=189422)[0m   ROBOSUITE_DEFAULT_LOGGER.warn("No private macro file found!")
[36m(EnvGroup(rank=2) pid=189422)[0m [robosuite WARNING] No private macro file found! (__init__.py:7)
[36m(EnvGroup(rank=2) pid=189422)[0m [robosuite WARNING] It is recommended to use a private macro file (__init__.py:8)
[36m(EnvGroup(rank=2) pid=189422)[0m [robosuite WARNING] To setup, run: python /venv/main/lib/python3.12/site-packages/robosuite/scripts/setup_macros.py (__init__.py:9)
[36m(EnvGroup(rank=2) pid=189422)[0m /venv/main/lib/python3.12/site-packages/robosuite/__init__.py:7: DeprecationWarning: The 'warn' method is deprecated, use 'warning' instead
[36m(EnvGroup(rank=2) pid=189422)[0m   ROBOSUITE_DEFAULT_LOGGER.warn("No private macro file found!")
[36m(EnvGroup(rank=2) pid=189422)[0m [robosuite WARNING] No private macro file found! (__init__.py:7)
[36m(EnvGroup(rank=2) pid=189422)[0m [robosuite WARNING] It is recommended to use a private macro file (__init__.py:8)
[36m(EnvGroup(rank=2) pid=189422)[0m [robosuite WARNING] To setup, run: python /venv/main/lib/python3.12/site-packages/robosuite/scripts/setup_macros.py (__init__.py:9)
[36m(EnvGroup(rank=1) pid=189418)[0m /venv/main/lib/python3.12/site-packages/robosuite/__init__.py:7: DeprecationWarning: The 'warn' method is deprecated, use 'warning' instead
[36m(EnvGroup(rank=1) pid=189418)[0m   ROBOSUITE_DEFAULT_LOGGER.warn("No private macro file found!")
[36m(EnvGroup(rank=1) pid=189418)[0m [robosuite WARNING] No private macro file found! (__init__.py:7)
[36m(EnvGroup(rank=1) pid=189418)[0m [robosuite WARNING] It is recommended to use a private macro file (__init__.py:8)
[36m(EnvGroup(rank=1) pid=189418)[0m [robosuite WARNING] To setup, run: python /venv/main/lib/python3.12/site-packages/robosuite/scripts/setup_macros.py (__init__.py:9)
[36m(EnvGroup(rank=0) pid=189414)[0m Gym has been unmaintained since 2022 and does not support NumPy 2.0 amongst other critical functionality.
[36m(EnvGroup(rank=0) pid=189414)[0m Please upgrade to Gymnasium, the maintained drop-in replacement of Gym, or contact the authors of your software and request that they upgrade.
[36m(EnvGroup(rank=0) pid=189414)[0m See the migration guide at https://gymnasium.farama.org/introduction/migration_guide/ for additional information.
[36m(EnvGroup(rank=0) pid=189414)[0m /venv/main/lib/python3.12/site-packages/robosuite/__init__.py:7: DeprecationWarning: The 'warn' method is deprecated, use 'warning' instead
[36m(EnvGroup(rank=0) pid=189414)[0m   ROBOSUITE_DEFAULT_LOGGER.warn("No private macro file found!")
[36m(EnvGroup(rank=0) pid=189414)[0m [robosuite WARNING] No private macro file found! (__init__.py:7)
[36m(EnvGroup(rank=0) pid=189414)[0m [robosuite WARNING] It is recommended to use a private macro file (__init__.py:8)
[36m(EnvGroup(rank=0) pid=189414)[0m [robosuite WARNING] To setup, run: python /venv/main/lib/python3.12/site-packages/robosuite/scripts/setup_macros.py (__init__.py:9)
[36m(EnvGroup(rank=0) pid=189414)[0m Gym has been unmaintained since 2022 and does not support NumPy 2.0 amongst other critical functionality.
[36m(EnvGroup(rank=0) pid=189414)[0m Please upgrade to Gymnasium, the maintained drop-in replacement of Gym, or contact the authors of your software and request that they upgrade.
[36m(EnvGroup(rank=0) pid=189414)[0m See the migration guide at https://gymnasium.farama.org/introduction/migration_guide/ for additional information.
[36m(EnvGroup(rank=0) pid=189414)[0m /venv/main/lib/python3.12/site-packages/robosuite/__init__.py:7: DeprecationWarning: The 'warn' method is deprecated, use 'warning' instead
[36m(EnvGroup(rank=0) pid=189414)[0m   ROBOSUITE_DEFAULT_LOGGER.warn("No private macro file found!")
[36m(EnvGroup(rank=0) pid=189414)[0m [robosuite WARNING] No private macro file found! (__init__.py:7)
[36m(EnvGroup(rank=0) pid=189414)[0m [robosuite WARNING] It is recommended to use a private macro file (__init__.py:8)
[36m(EnvGroup(rank=0) pid=189414)[0m [robosuite WARNING] To setup, run: python /venv/main/lib/python3.12/site-packages/robosuite/scripts/setup_macros.py (__init__.py:9)
[36m(EnvGroup(rank=1) pid=189418)[0m Gym has been unmaintained since 2022 and does not support NumPy 2.0 amongst other critical functionality.
[36m(EnvGroup(rank=1) pid=189418)[0m Please upgrade to Gymnasium, the maintained drop-in replacement of Gym, or contact the authors of your software and request that they upgrade.
[36m(EnvGroup(rank=1) pid=189418)[0m See the migration guide at https://gymnasium.farama.org/introduction/migration_guide/ for additional information.
[36m(EnvGroup(rank=1) pid=189418)[0m /venv/main/lib/python3.12/site-packages/robosuite/__init__.py:7: DeprecationWarning: The 'warn' method is deprecated, use 'warning' instead
[36m(EnvGroup(rank=1) pid=189418)[0m   ROBOSUITE_DEFAULT_LOGGER.warn("No private macro file found!")
[36m(EnvGroup(rank=1) pid=189418)[0m [robosuite WARNING] No private macro file found! (__init__.py:7)
[36m(EnvGroup(rank=1) pid=189418)[0m [robosuite WARNING] It is recommended to use a private macro file (__init__.py:8)
[36m(EnvGroup(rank=1) pid=189418)[0m [robosuite WARNING] To setup, run: python /venv/main/lib/python3.12/site-packages/robosuite/scripts/setup_macros.py (__init__.py:9)
[36m(EnvGroup(rank=2) pid=189422)[0m Gym has been unmaintained since 2022 and does not support NumPy 2.0 amongst other critical functionality.
[36m(EnvGroup(rank=2) pid=189422)[0m Please upgrade to Gymnasium, the maintained drop-in replacement of Gym, or contact the authors of your software and request that they upgrade.
[36m(EnvGroup(rank=2) pid=189422)[0m See the migration guide at https://gymnasium.farama.org/introduction/migration_guide/ for additional information.
[36m(EnvGroup(rank=2) pid=189422)[0m /venv/main/lib/python3.12/site-packages/robosuite/__init__.py:7: DeprecationWarning: The 'warn' method is deprecated, use 'warning' instead
[36m(EnvGroup(rank=2) pid=189422)[0m   ROBOSUITE_DEFAULT_LOGGER.warn("No private macro file found!")
[36m(EnvGroup(rank=2) pid=189422)[0m [robosuite WARNING] No private macro file found! (__init__.py:7)
[36m(EnvGroup(rank=2) pid=189422)[0m [robosuite WARNING] It is recommended to use a private macro file (__init__.py:8)
[36m(EnvGroup(rank=2) pid=189422)[0m [robosuite WARNING] To setup, run: python /venv/main/lib/python3.12/site-packages/robosuite/scripts/setup_macros.py (__init__.py:9)
[36m(EnvGroup(rank=2) pid=189422)[0m Gym has been unmaintained since 2022 and does not support NumPy 2.0 amongst other critical functionality.
[36m(EnvGroup(rank=2) pid=189422)[0m Please upgrade to Gymnasium, the maintained drop-in replacement of Gym, or contact the authors of your software and request that they upgrade.
[36m(EnvGroup(rank=2) pid=189422)[0m See the migration guide at https://gymnasium.farama.org/introduction/migration_guide/ for additional information.
[36m(EnvGroup(rank=2) pid=189422)[0m /venv/main/lib/python3.12/site-packages/robosuite/__init__.py:7: DeprecationWarning: The 'warn' method is deprecated, use 'warning' instead
[36m(EnvGroup(rank=2) pid=189422)[0m   ROBOSUITE_DEFAULT_LOGGER.warn("No private macro file found!")
[36m(EnvGroup(rank=2) pid=189422)[0m [robosuite WARNING] No private macro file found! (__init__.py:7)
[36m(EnvGroup(rank=2) pid=189422)[0m [robosuite WARNING] It is recommended to use a private macro file (__init__.py:8)
[36m(EnvGroup(rank=2) pid=189422)[0m [robosuite WARNING] To setup, run: python /venv/main/lib/python3.12/site-packages/robosuite/scripts/setup_macros.py (__init__.py:9)
[36m(EnvGroup(rank=3) pid=189482)[0m Gym has been unmaintained since 2022 and does not support NumPy 2.0 amongst other critical functionality.
[36m(EnvGroup(rank=3) pid=189482)[0m Please upgrade to Gymnasium, the maintained drop-in replacement of Gym, or contact the authors of your software and request that they upgrade.
[36m(EnvGroup(rank=3) pid=189482)[0m See the migration guide at https://gymnasium.farama.org/introduction/migration_guide/ for additional information.
[36m(EnvGroup(rank=3) pid=189482)[0m /venv/main/lib/python3.12/site-packages/robosuite/__init__.py:7: DeprecationWarning: The 'warn' method is deprecated, use 'warning' instead
[36m(EnvGroup(rank=3) pid=189482)[0m   ROBOSUITE_DEFAULT_LOGGER.warn("No private macro file found!")
[36m(EnvGroup(rank=3) pid=189482)[0m [robosuite WARNING] No private macro file found! (__init__.py:7)
[36m(EnvGroup(rank=3) pid=189482)[0m [robosuite WARNING] It is recommended to use a private macro file (__init__.py:8)
[36m(EnvGroup(rank=3) pid=189482)[0m [robosuite WARNING] To setup, run: python /venv/main/lib/python3.12/site-packages/robosuite/scripts/setup_macros.py (__init__.py:9)
[36m(EnvGroup(rank=3) pid=189482)[0m Gym has been unmaintained since 2022 and does not support NumPy 2.0 amongst other critical functionality.
[36m(EnvGroup(rank=3) pid=189482)[0m Please upgrade to Gymnasium, the maintained drop-in replacement of Gym, or contact the authors of your software and request that they upgrade.
[36m(EnvGroup(rank=3) pid=189482)[0m See the migration guide at https://gymnasium.farama.org/introduction/migration_guide/ for additional information.
[36m(EnvGroup(rank=3) pid=189482)[0m /venv/main/lib/python3.12/site-packages/robosuite/__init__.py:7: DeprecationWarning: The 'warn' method is deprecated, use 'warning' instead
[36m(EnvGroup(rank=3) pid=189482)[0m   ROBOSUITE_DEFAULT_LOGGER.warn("No private macro file found!")
[36m(EnvGroup(rank=3) pid=189482)[0m [robosuite WARNING] No private macro file found! (__init__.py:7)
[36m(EnvGroup(rank=3) pid=189482)[0m [robosuite WARNING] It is recommended to use a private macro file (__init__.py:8)
[36m(EnvGroup(rank=3) pid=189482)[0m [robosuite WARNING] To setup, run: python /venv/main/lib/python3.12/site-packages/robosuite/scripts/setup_macros.py (__init__.py:9)
[36m(EnvGroup(rank=0) pid=189414)[0m Gym has been unmaintained since 2022 and does not support NumPy 2.0 amongst other critical functionality.
[36m(EnvGroup(rank=0) pid=189414)[0m Please upgrade to Gymnasium, the maintained drop-in replacement of Gym, or contact the authors of your software and request that they upgrade.
[36m(EnvGroup(rank=0) pid=189414)[0m See the migration guide at https://gymnasium.farama.org/introduction/migration_guide/ for additional information.
[36m(EnvGroup(rank=0) pid=189414)[0m /venv/main/lib/python3.12/site-packages/robosuite/__init__.py:7: DeprecationWarning: The 'warn' method is deprecated, use 'warning' instead
[36m(EnvGroup(rank=0) pid=189414)[0m   ROBOSUITE_DEFAULT_LOGGER.warn("No private macro file found!")
[36m(EnvGroup(rank=0) pid=189414)[0m [robosuite WARNING] No private macro file found! (__init__.py:7)
[36m(EnvGroup(rank=0) pid=189414)[0m [robosuite WARNING] It is recommended to use a private macro file (__init__.py:8)
[36m(EnvGroup(rank=0) pid=189414)[0m [robosuite WARNING] To setup, run: python /venv/main/lib/python3.12/site-packages/robosuite/scripts/setup_macros.py (__init__.py:9)
[36m(EnvGroup(rank=0) pid=189414)[0m Gym has been unmaintained since 2022 and does not support NumPy 2.0 amongst other critical functionality.
[36m(EnvGroup(rank=0) pid=189414)[0m Please upgrade to Gymnasium, the maintained drop-in replacement of Gym, or contact the authors of your software and request that they upgrade.
[36m(EnvGroup(rank=0) pid=189414)[0m See the migration guide at https://gymnasium.farama.org/introduction/migration_guide/ for additional information.
[36m(EnvGroup(rank=1) pid=189418)[0m Gym has been unmaintained since 2022 and does not support NumPy 2.0 amongst other critical functionality.
[36m(EnvGroup(rank=1) pid=189418)[0m Please upgrade to Gymnasium, the maintained drop-in replacement of Gym, or contact the authors of your software and request that they upgrade.
[36m(EnvGroup(rank=1) pid=189418)[0m See the migration guide at https://gymnasium.farama.org/introduction/migration_guide/ for additional information.
[36m(EnvGroup(rank=1) pid=189418)[0m /venv/main/lib/python3.12/site-packages/robosuite/__init__.py:7: DeprecationWarning: The 'warn' method is deprecated, use 'warning' instead
[36m(EnvGroup(rank=1) pid=189418)[0m   ROBOSUITE_DEFAULT_LOGGER.warn("No private macro file found!")
[36m(EnvGroup(rank=1) pid=189418)[0m [robosuite WARNING] No private macro file found! (__init__.py:7)
[36m(EnvGroup(rank=1) pid=189418)[0m [robosuite WARNING] It is recommended to use a private macro file (__init__.py:8)
[36m(EnvGroup(rank=1) pid=189418)[0m [robosuite WARNING] To setup, run: python /venv/main/lib/python3.12/site-packages/robosuite/scripts/setup_macros.py (__init__.py:9)
[36m(EnvGroup(rank=2) pid=189422)[0m Gym has been unmaintained since 2022 and does not support NumPy 2.0 amongst other critical functionality.
[36m(EnvGroup(rank=2) pid=189422)[0m Please upgrade to Gymnasium, the maintained drop-in replacement of Gym, or contact the authors of your software and request that they upgrade.
[36m(EnvGroup(rank=2) pid=189422)[0m See the migration guide at https://gymnasium.farama.org/introduction/migration_guide/ for additional information.
[36m(EnvGroup(rank=2) pid=189422)[0m /venv/main/lib/python3.12/site-packages/robosuite/__init__.py:7: DeprecationWarning: The 'warn' method is deprecated, use 'warning' instead
[36m(EnvGroup(rank=2) pid=189422)[0m   ROBOSUITE_DEFAULT_LOGGER.warn("No private macro file found!")
[36m(EnvGroup(rank=2) pid=189422)[0m [robosuite WARNING] No private macro file found! (__init__.py:7)
[36m(EnvGroup(rank=2) pid=189422)[0m [robosuite WARNING] It is recommended to use a private macro file (__init__.py:8)
[36m(EnvGroup(rank=2) pid=189422)[0m [robosuite WARNING] To setup, run: python /venv/main/lib/python3.12/site-packages/robosuite/scripts/setup_macros.py (__init__.py:9)
[36m(EnvGroup(rank=2) pid=189422)[0m Gym has been unmaintained since 2022 and does not support NumPy 2.0 amongst other critical functionality.
[36m(EnvGroup(rank=2) pid=189422)[0m Please upgrade to Gymnasium, the maintained drop-in replacement of Gym, or contact the authors of your software and request that they upgrade.
[36m(EnvGroup(rank=2) pid=189422)[0m See the migration guide at https://gymnasium.farama.org/introduction/migration_guide/ for additional information.
[36m(EnvGroup(rank=2) pid=189422)[0m /venv/main/lib/python3.12/site-packages/robosuite/__init__.py:7: DeprecationWarning: The 'warn' method is deprecated, use 'warning' instead
[36m(EnvGroup(rank=2) pid=189422)[0m   ROBOSUITE_DEFAULT_LOGGER.warn("No private macro file found!")
[36m(EnvGroup(rank=2) pid=189422)[0m [robosuite WARNING] No private macro file found! (__init__.py:7)
[36m(EnvGroup(rank=2) pid=189422)[0m [robosuite WARNING] It is recommended to use a private macro file (__init__.py:8)
[36m(EnvGroup(rank=2) pid=189422)[0m [robosuite WARNING] To setup, run: python /venv/main/lib/python3.12/site-packages/robosuite/scripts/setup_macros.py (__init__.py:9)
[36m(EnvGroup(rank=3) pid=189482)[0m Gym has been unmaintained since 2022 and does not support NumPy 2.0 amongst other critical functionality.
[36m(EnvGroup(rank=3) pid=189482)[0m Please upgrade to Gymnasium, the maintained drop-in replacement of Gym, or contact the authors of your software and request that they upgrade.
[36m(EnvGroup(rank=3) pid=189482)[0m See the migration guide at https://gymnasium.farama.org/introduction/migration_guide/ for additional information.
[36m(EnvGroup(rank=3) pid=189482)[0m Gym has been unmaintained since 2022 and does not support NumPy 2.0 amongst other critical functionality.
[36m(EnvGroup(rank=3) pid=189482)[0m Please upgrade to Gymnasium, the maintained drop-in replacement of Gym, or contact the authors of your software and request that they upgrade.
[36m(EnvGroup(rank=3) pid=189482)[0m See the migration guide at https://gymnasium.farama.org/introduction/migration_guide/ for additional information.
[36m(EnvGroup(rank=3) pid=189482)[0m /venv/main/lib/python3.12/site-packages/robosuite/__init__.py:7: DeprecationWarning: The 'warn' method is deprecated, use 'warning' instead
[36m(EnvGroup(rank=3) pid=189482)[0m   ROBOSUITE_DEFAULT_LOGGER.warn("No private macro file found!")
[36m(EnvGroup(rank=3) pid=189482)[0m [robosuite WARNING] No private macro file found! (__init__.py:7)
[36m(EnvGroup(rank=3) pid=189482)[0m [robosuite WARNING] It is recommended to use a private macro file (__init__.py:8)
[36m(EnvGroup(rank=3) pid=189482)[0m [robosuite WARNING] To setup, run: python /venv/main/lib/python3.12/site-packages/robosuite/scripts/setup_macros.py (__init__.py:9)
[36m(EnvGroup(rank=3) pid=189482)[0m /venv/main/lib/python3.12/site-packages/robosuite/__init__.py:7: DeprecationWarning: The 'warn' method is deprecated, use 'warning' instead
[36m(EnvGroup(rank=3) pid=189482)[0m   ROBOSUITE_DEFAULT_LOGGER.warn("No private macro file found!")
[36m(EnvGroup(rank=3) pid=189482)[0m [robosuite WARNING] No private macro file found! (__init__.py:7)
[36m(EnvGroup(rank=3) pid=189482)[0m [robosuite WARNING] It is recommended to use a private macro file (__init__.py:8)
[36m(EnvGroup(rank=3) pid=189482)[0m [robosuite WARNING] To setup, run: python /venv/main/lib/python3.12/site-packages/robosuite/scripts/setup_macros.py (__init__.py:9)
[36m(EnvGroup(rank=3) pid=189482)[0m Gym has been unmaintained since 2022 and does not support NumPy 2.0 amongst other critical functionality.
[36m(EnvGroup(rank=3) pid=189482)[0m Please upgrade to Gymnasium, the maintained drop-in replacement of Gym, or contact the authors of your software and request that they upgrade.
[36m(EnvGroup(rank=3) pid=189482)[0m See the migration guide at https://gymnasium.farama.org/introduction/migration_guide/ for additional information.
[36m(EnvGroup(rank=0) pid=189414)[0m Gym has been unmaintained since 2022 and does not support NumPy 2.0 amongst other critical functionality.
[36m(EnvGroup(rank=0) pid=189414)[0m Please upgrade to Gymnasium, the maintained drop-in replacement of Gym, or contact the authors of your software and request that they upgrade.
[36m(EnvGroup(rank=0) pid=189414)[0m See the migration guide at https://gymnasium.farama.org/introduction/migration_guide/ for additional information.
[36m(EnvGroup(rank=3) pid=189482)[0m /venv/main/lib/python3.12/site-packages/robosuite/__init__.py:7: DeprecationWarning: The 'warn' method is deprecated, use 'warning' instead
[36m(EnvGroup(rank=3) pid=189482)[0m   ROBOSUITE_DEFAULT_LOGGER.warn("No private macro file found!")
[36m(EnvGroup(rank=3) pid=189482)[0m [robosuite WARNING] No private macro file found! (__init__.py:7)
[36m(EnvGroup(rank=3) pid=189482)[0m [robosuite WARNING] It is recommended to use a private macro file (__init__.py:8)
[36m(EnvGroup(rank=3) pid=189482)[0m [robosuite WARNING] To setup, run: python /venv/main/lib/python3.12/site-packages/robosuite/scripts/setup_macros.py (__init__.py:9)
[36m(EnvGroup(rank=0) pid=189414)[0m Gym has been unmaintained since 2022 and does not support NumPy 2.0 amongst other critical functionality.
[36m(EnvGroup(rank=0) pid=189414)[0m Please upgrade to Gymnasium, the maintained drop-in replacement of Gym, or contact the authors of your software and request that they upgrade.
[36m(EnvGroup(rank=0) pid=189414)[0m See the migration guide at https://gymnasium.farama.org/introduction/migration_guide/ for additional information.
[36m(EnvGroup(rank=0) pid=189414)[0m /venv/main/lib/python3.12/site-packages/robosuite/__init__.py:7: DeprecationWarning: The 'warn' method is deprecated, use 'warning' instead
[36m(EnvGroup(rank=0) pid=189414)[0m   ROBOSUITE_DEFAULT_LOGGER.warn("No private macro file found!")
[36m(EnvGroup(rank=0) pid=189414)[0m [robosuite WARNING] No private macro file found! (__init__.py:7)
[36m(EnvGroup(rank=0) pid=189414)[0m [robosuite WARNING] It is recommended to use a private macro file (__init__.py:8)
[36m(EnvGroup(rank=0) pid=189414)[0m [robosuite WARNING] To setup, run: python /venv/main/lib/python3.12/site-packages/robosuite/scripts/setup_macros.py (__init__.py:9)
[36m(EnvGroup(rank=1) pid=189418)[0m Gym has been unmaintained since 2022 and does not support NumPy 2.0 amongst other critical functionality.
[36m(EnvGroup(rank=1) pid=189418)[0m Please upgrade to Gymnasium, the maintained drop-in replacement of Gym, or contact the authors of your software and request that they upgrade.
[36m(EnvGroup(rank=1) pid=189418)[0m See the migration guide at https://gymnasium.farama.org/introduction/migration_guide/ for additional information.
[36m(EnvGroup(rank=0) pid=189414)[0m /venv/main/lib/python3.12/site-packages/robosuite/__init__.py:7: DeprecationWarning: The 'warn' method is deprecated, use 'warning' instead
[36m(EnvGroup(rank=0) pid=189414)[0m   ROBOSUITE_DEFAULT_LOGGER.warn("No private macro file found!")
[36m(EnvGroup(rank=0) pid=189414)[0m [robosuite WARNING] No private macro file found! (__init__.py:7)
[36m(EnvGroup(rank=0) pid=189414)[0m [robosuite WARNING] It is recommended to use a private macro file (__init__.py:8)
[36m(EnvGroup(rank=0) pid=189414)[0m [robosuite WARNING] To setup, run: python /venv/main/lib/python3.12/site-packages/robosuite/scripts/setup_macros.py (__init__.py:9)
[36m(EnvGroup(rank=1) pid=189418)[0m /venv/main/lib/python3.12/site-packages/robosuite/__init__.py:7: DeprecationWarning: The 'warn' method is deprecated, use 'warning' instead
[36m(EnvGroup(rank=1) pid=189418)[0m   ROBOSUITE_DEFAULT_LOGGER.warn("No private macro file found!")
[36m(EnvGroup(rank=1) pid=189418)[0m [robosuite WARNING] No private macro file found! (__init__.py:7)
[36m(EnvGroup(rank=1) pid=189418)[0m [robosuite WARNING] It is recommended to use a private macro file (__init__.py:8)
[36m(EnvGroup(rank=1) pid=189418)[0m [robosuite WARNING] To setup, run: python /venv/main/lib/python3.12/site-packages/robosuite/scripts/setup_macros.py (__init__.py:9)
[36m(EnvGroup(rank=3) pid=189482)[0m Gym has been unmaintained since 2022 and does not support NumPy 2.0 amongst other critical functionality.
[36m(EnvGroup(rank=3) pid=189482)[0m Please upgrade to Gymnasium, the maintained drop-in replacement of Gym, or contact the authors of your software and request that they upgrade.
[36m(EnvGroup(rank=3) pid=189482)[0m See the migration guide at https://gymnasium.farama.org/introduction/migration_guide/ for additional information.
[36m(EnvGroup(rank=3) pid=189482)[0m /venv/main/lib/python3.12/site-packages/robosuite/__init__.py:7: DeprecationWarning: The 'warn' method is deprecated, use 'warning' instead
[36m(EnvGroup(rank=3) pid=189482)[0m   ROBOSUITE_DEFAULT_LOGGER.warn("No private macro file found!")
[36m(EnvGroup(rank=3) pid=189482)[0m [robosuite WARNING] No private macro file found! (__init__.py:7)
[36m(EnvGroup(rank=3) pid=189482)[0m [robosuite WARNING] It is recommended to use a private macro file (__init__.py:8)
[36m(EnvGroup(rank=3) pid=189482)[0m [robosuite WARNING] To setup, run: python /venv/main/lib/python3.12/site-packages/robosuite/scripts/setup_macros.py (__init__.py:9)
[36m(EnvGroup(rank=0) pid=189414)[0m /venv/main/lib/python3.12/site-packages/robosuite/__init__.py:7: DeprecationWarning: The 'warn' method is deprecated, use 'warning' instead
[36m(EnvGroup(rank=0) pid=189414)[0m   ROBOSUITE_DEFAULT_LOGGER.warn("No private macro file found!")
[36m(EnvGroup(rank=0) pid=189414)[0m [robosuite WARNING] No private macro file found! (__init__.py:7)
[36m(EnvGroup(rank=0) pid=189414)[0m [robosuite WARNING] It is recommended to use a private macro file (__init__.py:8)
[36m(EnvGroup(rank=0) pid=189414)[0m [robosuite WARNING] To setup, run: python /venv/main/lib/python3.12/site-packages/robosuite/scripts/setup_macros.py (__init__.py:9)
[36m(RolloutGroup(rank=0) pid=189388)[0m INFO:fastwam.models.wan22.helpers.loader:Finished loading Wan2.2-TI2V-5B components in 120.81 seconds.
[36m(RolloutGroup(rank=0) pid=189388)[0m INFO:fastwam.models.wan22.action_dit:Skipping ActionDiT pretrained load (`skip_dit_load_from_pretrain=True`); initializing action expert randomly and expecting checkpoint override.
[36m(RolloutGroup(rank=1) pid=189395)[0m [INFO 03:25:01 RolloutGroup-Rank-1][__init__.py:171] Loading FastWAM checkpoint: /workspace/checkpoints/fastwam/libero_uncond_2cam224.pt
[36m(RolloutGroup(rank=0) pid=189388)[0m [INFO 03:25:03 RolloutGroup-Rank-0][__init__.py:171] Loading FastWAM checkpoint: /workspace/checkpoints/fastwam/libero_uncond_2cam224.pt
[36m(RolloutGroup(rank=0) pid=189388)[0m INFO:fastwam.models.wan22.mot:Initialized MoT with experts: ['video', 'action'], num_layers=30
[36m(RolloutGroup(rank=0) pid=189388)[0m INFO:fastwam.models.wan22.mot:  Expert 'video': num_params=5.00 B
[36m(RolloutGroup(rank=0) pid=189388)[0m INFO:fastwam.models.wan22.mot:  Expert 'action': num_params=1.02 B
[36m(RolloutGroup(rank=2) pid=189405)[0m [INFO 03:25:06 RolloutGroup-Rank-2][__init__.py:171] Loading FastWAM checkpoint: /workspace/checkpoints/fastwam/libero_uncond_2cam224.pt
[36m(RolloutGroup(rank=3) pid=189407)[0m [INFO 03:25:08 RolloutGroup-Rank-3][__init__.py:171] Loading FastWAM checkpoint: /workspace/checkpoints/fastwam/libero_uncond_2cam224.pt
[36m(RolloutGroup(rank=1) pid=189395)[0m [INFO 03:25:10 RolloutGroup-Rank-1][__init__.py:197] FastWAM processor using dataset stats: /workspace/checkpoints/fastwam/libero_uncond_2cam224_dataset_stats.json
[36m(RolloutGroup(rank=1) pid=189395)[0m [INFO 03:25:10 RolloutGroup-Rank-1][__init__.py:271] FastWAM RL enabled: value_head=no (critic-free, e.g. GRPO), noise_level=0.100, noise_method=flow_sde, train_video_expert=False, batched=True
[36m(RolloutGroup(rank=1) pid=189395)[0m [INFO 03:25:10 RolloutGroup-Rank-1][huggingface_worker.py:182] Rollout worker initialized with dst_ranks: {'train': [(1, 16)]}
[36m(RolloutGroup(rank=1) pid=189395)[0m [INFO 03:25:10 RolloutGroup-Rank-1][huggingface_worker.py:183] Rollout worker initialized with src_ranks: {'train': [(1, 16)]}
[36m(RolloutGroup(rank=0) pid=189388)[0m [INFO 03:25:13 RolloutGroup-Rank-0][__init__.py:197] FastWAM processor using dataset stats: /workspace/checkpoints/fastwam/libero_uncond_2cam224_dataset_stats.json
[36m(RolloutGroup(rank=0) pid=189388)[0m [INFO 03:25:13 RolloutGroup-Rank-0][__init__.py:271] FastWAM RL enabled: value_head=no (critic-free, e.g. GRPO), noise_level=0.100, noise_method=flow_sde, train_video_expert=False, batched=True
[36m(RolloutGroup(rank=0) pid=189388)[0m [INFO 03:25:13 RolloutGroup-Rank-0][huggingface_worker.py:182] Rollout worker initialized with dst_ranks: {'train': [(0, 16)]}
[36m(RolloutGroup(rank=0) pid=189388)[0m [INFO 03:25:13 RolloutGroup-Rank-0][huggingface_worker.py:183] Rollout worker initialized with src_ranks: {'train': [(0, 16)]}
[36m(RolloutGroup(rank=2) pid=189405)[0m [INFO 03:25:16 RolloutGroup-Rank-2][__init__.py:197] FastWAM processor using dataset stats: /workspace/checkpoints/fastwam/libero_uncond_2cam224_dataset_stats.json
[36m(RolloutGroup(rank=2) pid=189405)[0m [INFO 03:25:16 RolloutGroup-Rank-2][__init__.py:271] FastWAM RL enabled: value_head=no (critic-free, e.g. GRPO), noise_level=0.100, noise_method=flow_sde, train_video_expert=False, batched=True
[36m(RolloutGroup(rank=2) pid=189405)[0m [INFO 03:25:16 RolloutGroup-Rank-2][huggingface_worker.py:182] Rollout worker initialized with dst_ranks: {'train': [(2, 16)]}
[36m(RolloutGroup(rank=2) pid=189405)[0m [INFO 03:25:16 RolloutGroup-Rank-2][huggingface_worker.py:183] Rollout worker initialized with src_ranks: {'train': [(2, 16)]}
[36m(RolloutGroup(rank=3) pid=189407)[0m [INFO 03:25:17 RolloutGroup-Rank-3][__init__.py:197] FastWAM processor using dataset stats: /workspace/checkpoints/fastwam/libero_uncond_2cam224_dataset_stats.json
[36m(RolloutGroup(rank=3) pid=189407)[0m [INFO 03:25:17 RolloutGroup-Rank-3][__init__.py:271] FastWAM RL enabled: value_head=no (critic-free, e.g. GRPO), noise_level=0.100, noise_method=flow_sde, train_video_expert=False, batched=True
[36m(RolloutGroup(rank=3) pid=189407)[0m [INFO 03:25:17 RolloutGroup-Rank-3][huggingface_worker.py:182] Rollout worker initialized with dst_ranks: {'train': [(3, 16)]}
[36m(RolloutGroup(rank=3) pid=189407)[0m [INFO 03:25:17 RolloutGroup-Rank-3][huggingface_worker.py:183] Rollout worker initialized with src_ranks: {'train': [(3, 16)]}
[36m(ActorGroup(rank=0) pid=189383)[0m INFO:fastwam.models.wan22.helpers.loader:Loading Wan2.2-TI2V-5B components...
[36m(ActorGroup(rank=0) pid=189383)[0m INFO:fastwam.models.wan22.helpers.loader:Skipping pretrained video DiT load (`skip_dit_load_from_pretrain=True`); initializing video expert randomly and expecting checkpoint override.
[36m(ActorGroup(rank=0) pid=189383)[0m INFO:fastwam.models.wan22.helpers.loader:Finished loading Wan2.2-TI2V-5B components in 119.89 seconds.
[36m(ActorGroup(rank=0) pid=189383)[0m INFO:fastwam.models.wan22.action_dit:Skipping ActionDiT pretrained load (`skip_dit_load_from_pretrain=True`); initializing action expert randomly and expecting checkpoint override.
[36m(ActorGroup(rank=3) pid=189387)[0m [INFO 03:27:37 ActorGroup-Rank-3][__init__.py:171] Loading FastWAM checkpoint: /workspace/checkpoints/fastwam/libero_uncond_2cam224.pt
[36m(ActorGroup(rank=2) pid=189385)[0m [INFO 03:27:38 ActorGroup-Rank-2][__init__.py:171] Loading FastWAM checkpoint: /workspace/checkpoints/fastwam/libero_uncond_2cam224.pt
[36m(ActorGroup(rank=1) pid=189384)[0m [INFO 03:27:38 ActorGroup-Rank-1][__init__.py:171] Loading FastWAM checkpoint: /workspace/checkpoints/fastwam/libero_uncond_2cam224.pt
[36m(ActorGroup(rank=0) pid=189383)[0m [INFO 03:27:39 ActorGroup-Rank-0][__init__.py:171] Loading FastWAM checkpoint: /workspace/checkpoints/fastwam/libero_uncond_2cam224.pt
[36m(ActorGroup(rank=0) pid=189383)[0m INFO:fastwam.models.wan22.mot:Initialized MoT with experts: ['video', 'action'], num_layers=30
[36m(ActorGroup(rank=0) pid=189383)[0m INFO:fastwam.models.wan22.mot:  Expert 'video': num_params=5.00 B
[36m(ActorGroup(rank=0) pid=189383)[0m INFO:fastwam.models.wan22.mot:  Expert 'action': num_params=1.02 B
[36m(ActorGroup(rank=3) pid=189387)[0m [INFO 03:27:45 ActorGroup-Rank-3][__init__.py:197] FastWAM processor using dataset stats: /workspace/checkpoints/fastwam/libero_uncond_2cam224_dataset_stats.json
[36m(ActorGroup(rank=3) pid=189387)[0m [INFO 03:27:45 ActorGroup-Rank-3][__init__.py:271] FastWAM RL enabled: value_head=no (critic-free, e.g. GRPO), noise_level=0.100, noise_method=flow_sde, train_video_expert=False, batched=True
[36m(ActorGroup(rank=3) pid=189387)[0m [INFO 03:27:45 ActorGroup-Rank-3][fsdp_model_manager.py:260] [FSDP] Enabling gradient checkpointing with use_reentrant=True
[36m(ActorGroup(rank=2) pid=189385)[0m [INFO 03:27:48 ActorGroup-Rank-2][__init__.py:197] FastWAM processor using dataset stats: /workspace/checkpoints/fastwam/libero_uncond_2cam224_dataset_stats.json
[36m(ActorGroup(rank=2) pid=189385)[0m [INFO 03:27:48 ActorGroup-Rank-2][__init__.py:271] FastWAM RL enabled: value_head=no (critic-free, e.g. GRPO), noise_level=0.100, noise_method=flow_sde, train_video_expert=False, batched=True
[36m(ActorGroup(rank=2) pid=189385)[0m [INFO 03:27:48 ActorGroup-Rank-2][fsdp_model_manager.py:260] [FSDP] Enabling gradient checkpointing with use_reentrant=True
[36m(ActorGroup(rank=1) pid=189384)[0m [INFO 03:27:48 ActorGroup-Rank-1][__init__.py:197] FastWAM processor using dataset stats: /workspace/checkpoints/fastwam/libero_uncond_2cam224_dataset_stats.json
[36m(ActorGroup(rank=1) pid=189384)[0m [INFO 03:27:48 ActorGroup-Rank-1][__init__.py:271] FastWAM RL enabled: value_head=no (critic-free, e.g. GRPO), noise_level=0.100, noise_method=flow_sde, train_video_expert=False, batched=True
[36m(ActorGroup(rank=1) pid=189384)[0m [INFO 03:27:48 ActorGroup-Rank-1][fsdp_model_manager.py:260] [FSDP] Enabling gradient checkpointing with use_reentrant=True
[36m(ActorGroup(rank=0) pid=189383)[0m [INFO 03:27:48 ActorGroup-Rank-0][__init__.py:197] FastWAM processor using dataset stats: /workspace/checkpoints/fastwam/libero_uncond_2cam224_dataset_stats.json
[36m(ActorGroup(rank=0) pid=189383)[0m [INFO 03:27:48 ActorGroup-Rank-0][__init__.py:271] FastWAM RL enabled: value_head=no (critic-free, e.g. GRPO), noise_level=0.100, noise_method=flow_sde, train_video_expert=False, batched=True
[36m(ActorGroup(rank=0) pid=189383)[0m [INFO 03:27:48 ActorGroup-Rank-0][fsdp_model_manager.py:260] [FSDP] Enabling gradient checkpointing with use_reentrant=True
[36m(RolloutGroup(rank=0) pid=189388)[0m Generating Rollout Epochs:   0%|          | 0/1 [00:00<?, ?it/s]
[36m(RolloutGroup(rank=0) pid=189388)[0m Generating Rollout Epochs: 100%|██████████| 1/1 [01:05<00:00, 65.87s/it]Generating Rollout Epochs: 100%|██████████| 1/1 [01:05<00:00, 65.87s/it]

╭──────────────────────────────────────────────────────────────────────────────────────────────────────────────────────╮
├──────────────────────────────────────────────────── Metric Table ────────────────────────────────────────────────────┤
│ Global Step:    1/50 │ Progress: ░░░░░░░░░░░░░░░░░░░░░░░░░░░░░░░░░░░░░░░░ │   2.0%                                   │
│ Elapsed: 02:40 │ ETA: 02:10:51 │ Step Time: 160.229s                                                                 │
├──────────────────────────────────────────────────────── Time ────────────────────────────────────────────────────────┤
│                                                                                                                      │
│actor/actor/compute_adv=0.073          │actor/actor/recv_traj=77.364           │actor/actor/sync_model_to_rollout=29.…│
│actor/run_training=40.752              │cal_adv_and_returns=0.078              │env/compute_bootstrap_rewards=9.49e-04│
│env/env/bootstrap_step=34.715          │env/env/send_obs=0.958                 │env/env/send_rollout_trajectories=0.7…│
│env/env_interact_step=15.181           │env/interact=76.686                    │env/recv_rollout_results=26.927       │
│env/run_interact_once=76.686           │generate_rollouts=90.137               │rollout/generate_one_epoch=69.592     │
│rollout/predict=25.825                 │rollout/rollout/generate=90.053        │rollout/rollout/recv_obs=45.884       │
│rollout/rollout/send_traj=0.015        │step=160.2                             │sync_weights=29.239                   │
│                                                                                                                      │
├──────────────────────────────────────────────────── Environment ─────────────────────────────────────────────────────┤
│                                                                                                                      │
│episode_len=120.0                      │num_trajectories=64                    │return=0.171875                       │
│reward=0.0017606658                    │success_once=0.171875                  │                                      │
│                                                                                                                      │
├────────────────────────────────────────────────────── Rollout ───────────────────────────────────────────────────────┤
│                                                                                                                      │
│advantages_max=2.475                   │advantages_mean=-0.050                 │advantages_min=-0.725                 │
│rewards=0.0022                         │                                       │                                      │
│                                                                                                                      │
├─────────────────────────────────────────────────── Training/Actor ───────────────────────────────────────────────────┤
│                                                                                                                      │
│actor/approx_kl=0.545                  │actor/clip_fraction=0.409              │actor/clipped_ratio=0.936             │
│actor/dual_cliped_ratio=0.0000         │actor/entropy_loss=0.0000              │actor/grad_norm=24.380                │
│actor/lr=3.00e-05                      │actor/policy_loss=0.068                │actor/policy_loss_abs=0.456           │
│actor/ratio=0.938                      │actor/ratio_abs=0.447                  │actor/total_loss=0.034                │
│                                                                                                                      │
╰──────────────────────────────────────────────────────────────────────────────────────────────────────────────────────╯

[36m(RolloutGroup(rank=0) pid=189388)[0m Generating Rollout Epochs:   0%|          | 0/1 [00:00<?, ?it/s]
[36m(RolloutGroup(rank=0) pid=189388)[0m Generating Rollout Epochs: 100%|██████████| 1/1 [01:10<00:00, 70.29s/it]Generating Rollout Epochs: 100%|██████████| 1/1 [01:10<00:00, 70.29s/it]

╭──────────────────────────────────────────────────────────────────────────────────────────────────────────────────────╮
├──────────────────────────────────────────────────── Metric Table ────────────────────────────────────────────────────┤
│ Global Step:    2/50 │ Progress: █░░░░░░░░░░░░░░░░░░░░░░░░░░░░░░░░░░░░░░░ │   4.0%                                   │
│ Elapsed: 05:31 │ ETA: 02:12:26 │ Step Time: 165.548s                                                                 │
├──────────────────────────────────────────────────────── Time ────────────────────────────────────────────────────────┤
│                                                                                                                      │
│actor/actor/compute_adv=0.041          │actor/actor/recv_traj=78.414           │actor/actor/sync_model_to_rollout=24.…│
│actor/run_training=39.656              │cal_adv_and_returns=0.044              │env/compute_bootstrap_rewards=0.0010  │
│env/env/bootstrap_step=37.071          │env/env/send_obs=0.313                 │env/env/send_rollout_trajectories=0.7…│
│env/env_interact_step=15.231           │env/interact=77.796                    │env/recv_rollout_results=26.967       │
│env/run_interact_once=77.796           │generate_rollouts=90.723               │rollout/generate_one_epoch=70.294     │
│rollout/predict=25.906                 │rollout/rollout/generate=90.666        │rollout/rollout/recv_obs=46.658       │
│rollout/rollout/send_traj=0.011        │step=170.8                             │sync_weights=40.416                   │
│                                                                                                                      │
├──────────────────────────────────────────────────── Environment ─────────────────────────────────────────────────────┤
│                                                                                                                      │
│episode_len=120.0                      │num_trajectories=64                    │return=0.421875                       │
│reward=0.004564431                     │success_once=0.421875                  │                                      │
│                                                                                                                      │
├────────────────────────────────────────────────────── Rollout ───────────────────────────────────────────────────────┤
│                                                                                                                      │
│advantages_max=1.620                   │advantages_mean=-0.085                 │advantages_min=-2.475                 │
│rewards=0.0052                         │                                       │                                      │
│                                                                                                                      │
├─────────────────────────────────────────────────── Training/Actor ───────────────────────────────────────────────────┤
│                                                                                                                      │
│actor/approx_kl=0.215                  │actor/clip_fraction=0.240              │actor/clipped_ratio=0.959             │
│actor/dual_cliped_ratio=0.0000         │actor/entropy_loss=0.0000              │actor/grad_norm=44.815                │
│actor/lr=3.00e-05                      │actor/policy_loss=0.063                │actor/policy_loss_abs=0.607           │
│actor/ratio=0.994                      │actor/ratio_abs=0.364                  │actor/total_loss=0.032                │
│                                                                                                                      │
╰──────────────────────────────────────────────────────────────────────────────────────────────────────────────────────╯

[36m(RolloutGroup(rank=0) pid=189388)[0m Generating Rollout Epochs:   0%|          | 0/1 [00:00<?, ?it/s]
[36m(RolloutGroup(rank=0) pid=189388)[0m Generating Rollout Epochs: 100%|██████████| 1/1 [01:06<00:00, 66.41s/it]Generating Rollout Epochs: 100%|██████████| 1/1 [01:06<00:00, 66.41s/it]

╭──────────────────────────────────────────────────────────────────────────────────────────────────────────────────────╮
├──────────────────────────────────────────────────── Metric Table ────────────────────────────────────────────────────┤
│ Global Step:    3/50 │ Progress: ██░░░░░░░░░░░░░░░░░░░░░░░░░░░░░░░░░░░░░░ │   6.0%                                   │
│ Elapsed: 07:59 │ ETA: 02:05:07 │ Step Time: 159.734s                                                                 │
├──────────────────────────────────────────────────────── Time ────────────────────────────────────────────────────────┤
│                                                                                                                      │
│actor/actor/compute_adv=0.043          │actor/actor/recv_traj=78.807           │actor/actor/sync_model_to_rollout=10.…│
│actor/run_training=40.730              │cal_adv_and_returns=0.046              │env/compute_bootstrap_rewards=8.27e-04│
│env/env/bootstrap_step=37.367          │env/env/send_obs=0.260                 │env/env/send_rollout_trajectories=0.8…│
│env/env_interact_step=15.648           │env/interact=78.212                    │env/recv_rollout_results=26.666       │
│env/run_interact_once=78.212           │generate_rollouts=90.771               │rollout/generate_one_epoch=73.332     │
│rollout/predict=25.716                 │rollout/rollout/generate=90.715        │rollout/rollout/recv_obs=49.240       │
│rollout/rollout/send_traj=0.012        │step=148.1                             │sync_weights=16.527                   │
│                                                                                                                      │
├──────────────────────────────────────────────────── Environment ─────────────────────────────────────────────────────┤
│                                                                                                                      │
│episode_len=120.0                      │num_trajectories=64                    │return=0.203125                       │
│reward=0.0022419891                    │success_once=0.203125                  │                                      │
│                                                                                                                      │
├────────────────────────────────────────────────────── Rollout ───────────────────────────────────────────────────────┤
│                                                                                                                      │
│advantages_max=2.475                   │advantages_mean=-0.024                 │advantages_min=-0.540                 │
│rewards=0.0014                         │                                       │                                      │
│                                                                                                                      │
├─────────────────────────────────────────────────── Training/Actor ───────────────────────────────────────────────────┤
│                                                                                                                      │
│actor/approx_kl=0.094                  │actor/clip_fraction=0.209              │actor/clipped_ratio=0.733             │
│actor/dual_cliped_ratio=0.0000         │actor/entropy_loss=0.0000              │actor/grad_norm=19.023                │
│actor/lr=3.00e-05                      │actor/policy_loss=0.024                │actor/policy_loss_abs=0.252           │
│actor/ratio=0.750                      │actor/ratio_abs=0.233                  │actor/total_loss=0.012                │
│                                                                                                                      │
╰──────────────────────────────────────────────────────────────────────────────────────────────────────────────────────╯

[36m(RolloutGroup(rank=0) pid=189388)[0m Generating Rollout Epochs:   0%|          | 0/1 [00:00<?, ?it/s]
[36m(RolloutGroup(rank=0) pid=189388)[0m Generating Rollout Epochs: 100%|██████████| 1/1 [01:05<00:00, 65.70s/it]Generating Rollout Epochs: 100%|██████████| 1/1 [01:05<00:00, 65.70s/it]

╭──────────────────────────────────────────────────────────────────────────────────────────────────────────────────────╮
├──────────────────────────────────────────────────── Metric Table ────────────────────────────────────────────────────┤
│ Global Step:    4/50 │ Progress: ███░░░░░░░░░░░░░░░░░░░░░░░░░░░░░░░░░░░░░ │   8.0%                                   │
│ Elapsed: 10:19 │ ETA: 01:58:48 │ Step Time: 154.966s                                                                 │
├──────────────────────────────────────────────────────── Time ────────────────────────────────────────────────────────┤
│                                                                                                                      │
│actor/actor/compute_adv=0.045          │actor/actor/recv_traj=76.045           │actor/actor/sync_model_to_rollout=7.3…│
│actor/run_training=40.041              │cal_adv_and_returns=0.049              │env/compute_bootstrap_rewards=7.97e-04│
│env/env/bootstrap_step=34.780          │env/env/send_obs=0.273                 │env/env/send_rollout_trajectories=0.5…│
│env/env_interact_step=15.303           │env/interact=75.427                    │env/recv_rollout_results=27.355       │
│env/run_interact_once=75.427           │generate_rollouts=89.031               │rollout/generate_one_epoch=67.952     │
│rollout/predict=26.430                 │rollout/rollout/generate=88.979        │rollout/rollout/recv_obs=43.777       │
│rollout/rollout/send_traj=0.012        │step=140.6                             │sync_weights=11.501                   │
│                                                                                                                      │
├──────────────────────────────────────────────────── Environment ─────────────────────────────────────────────────────┤
│                                                                                                                      │
│episode_len=120.0                      │num_trajectories=64                    │return=0.234375                       │
│reward=0.0023024818                    │success_once=0.234375                  │                                      │
│                                                                                                                      │
├────────────────────────────────────────────────────── Rollout ───────────────────────────────────────────────────────┤
│                                                                                                                      │
│advantages_max=2.475                   │advantages_mean=-0.038                 │advantages_min=-1.620                 │
│rewards=0.0025                         │                                       │                                      │
│                                                                                                                      │
├─────────────────────────────────────────────────── Training/Actor ───────────────────────────────────────────────────┤
│                                                                                                                      │
│actor/approx_kl=0.117                  │actor/clip_fraction=0.280              │actor/clipped_ratio=0.973             │
│actor/dual_cliped_ratio=0.0000         │actor/entropy_loss=0.0000              │actor/grad_norm=46.408                │
│actor/lr=3.00e-05                      │actor/policy_loss=0.048                │actor/policy_loss_abs=0.570           │
│actor/ratio=1.005                      │actor/ratio_abs=0.325                  │actor/total_loss=0.024                │
│                                                                                                                      │
╰──────────────────────────────────────────────────────────────────────────────────────────────────────────────────────╯

[36m(RolloutGroup(rank=0) pid=189388)[0m Generating Rollout Epochs:   0%|          | 0/1 [00:00<?, ?it/s]
[36m(RolloutGroup(rank=0) pid=189388)[0m Generating Rollout Epochs: 100%|██████████| 1/1 [01:05<00:00, 65.74s/it]Generating Rollout Epochs: 100%|██████████| 1/1 [01:05<00:00, 65.74s/it]

╭──────────────────────────────────────────────────────────────────────────────────────────────────────────────────────╮
├──────────────────────────────────────────────────── Metric Table ────────────────────────────────────────────────────┤
│ Global Step:    5/50 │ Progress: ████░░░░░░░░░░░░░░░░░░░░░░░░░░░░░░░░░░░░ │  10.0%                                   │
│ Elapsed: 12:40 │ ETA: 01:54:03 │ Step Time: 152.068s                                                                 │
├──────────────────────────────────────────────────────── Time ────────────────────────────────────────────────────────┤
│                                                                                                                      │
│actor/actor/compute_adv=0.040          │actor/actor/recv_traj=76.083           │actor/actor/sync_model_to_rollout=6.7…│
│actor/run_training=40.751              │cal_adv_and_returns=0.044              │env/compute_bootstrap_rewards=7.49e-04│
│env/env/bootstrap_step=34.707          │env/env/send_obs=0.297                 │env/env/send_rollout_trajectories=0.6…│
│env/env_interact_step=15.830           │env/interact=75.501                    │env/recv_rollout_results=25.097       │
│env/run_interact_once=75.501           │generate_rollouts=87.799               │rollout/generate_one_epoch=68.972     │
│rollout/predict=24.184                 │rollout/rollout/generate=87.725        │rollout/rollout/recv_obs=45.880       │
│rollout/rollout/send_traj=0.0100       │step=140.5                             │sync_weights=11.857                   │
│                                                                                                                      │
├──────────────────────────────────────────────────── Environment ─────────────────────────────────────────────────────┤
│                                                                                                                      │
│episode_len=120.0                      │num_trajectories=64                    │return=0.3125                         │
│reward=0.0031496803                    │success_once=0.3125                    │                                      │
│                                                                                                                      │
├────────────────────────────────────────────────────── Rollout ───────────────────────────────────────────────────────┤
│                                                                                                                      │
│advantages_max=1.620                   │advantages_mean=-0.041                 │advantages_min=-1.208                 │
│rewards=0.0045                         │                                       │                                      │
│                                                                                                                      │
├─────────────────────────────────────────────────── Training/Actor ───────────────────────────────────────────────────┤
│                                                                                                                      │
│actor/approx_kl=0.203                  │actor/clip_fraction=0.327              │actor/clipped_ratio=0.959             │
│actor/dual_cliped_ratio=0.0000         │actor/entropy_loss=0.0000              │actor/grad_norm=31.825                │
│actor/lr=3.00e-05                      │actor/policy_loss=0.031                │actor/policy_loss_abs=0.451           │
│actor/ratio=0.964                      │actor/ratio_abs=0.348                  │actor/total_loss=0.016                │
│                                                                                                                      │
╰──────────────────────────────────────────────────────────────────────────────────────────────────────────────────────╯

[36m(RolloutGroup(rank=0) pid=189388)[0m Generating Rollout Epochs:   0%|          | 0/1 [00:00<?, ?it/s]
[36m(RolloutGroup(rank=0) pid=189388)[0m Generating Rollout Epochs: 100%|██████████| 1/1 [01:08<00:00, 68.78s/it]Generating Rollout Epochs: 100%|██████████| 1/1 [01:08<00:00, 68.78s/it]

╭──────────────────────────────────────────────────────────────────────────────────────────────────────────────────────╮
├──────────────────────────────────────────────────── Metric Table ────────────────────────────────────────────────────┤
│ Global Step:    6/50 │ Progress: ████░░░░░░░░░░░░░░░░░░░░░░░░░░░░░░░░░░░░ │  12.0%                                   │
│ Elapsed: 14:59 │ ETA: 01:49:53 │ Step Time: 149.848s                                                                 │
├──────────────────────────────────────────────────────── Time ────────────────────────────────────────────────────────┤
│                                                                                                                      │
│actor/actor/compute_adv=0.044          │actor/actor/recv_traj=76.081           │actor/actor/sync_model_to_rollout=5.8…│
│actor/run_training=39.860              │cal_adv_and_returns=0.048              │env/compute_bootstrap_rewards=8.30e-04│
│env/env/bootstrap_step=35.294          │env/env/send_obs=0.259                 │env/env/send_rollout_trajectories=0.8…│
│env/env_interact_step=15.241           │env/interact=75.511                    │env/recv_rollout_results=26.740       │
│env/run_interact_once=75.511           │generate_rollouts=88.141               │rollout/generate_one_epoch=68.781     │
│rollout/predict=25.661                 │rollout/rollout/generate=88.085        │rollout/rollout/recv_obs=44.931       │
│rollout/rollout/send_traj=0.016        │step=138.7                             │sync_weights=10.666                   │
│                                                                                                                      │
├──────────────────────────────────────────────────── Environment ─────────────────────────────────────────────────────┤
│                                                                                                                      │
│episode_len=120.0                      │num_trajectories=64                    │return=0.359375                       │
│reward=0.0036456839                    │success_once=0.359375                  │                                      │
│                                                                                                                      │
├────────────────────────────────────────────────────── Rollout ───────────────────────────────────────────────────────┤
│                                                                                                                      │
│advantages_max=1.620                   │advantages_mean=-0.037                 │advantages_min=-1.620                 │
│rewards=0.0049                         │                                       │                                      │
│                                                                                                                      │
├─────────────────────────────────────────────────── Training/Actor ───────────────────────────────────────────────────┤
│                                                                                                                      │
│actor/approx_kl=0.120                  │actor/clip_fraction=0.228              │actor/clipped_ratio=0.731             │
│actor/dual_cliped_ratio=0.0000         │actor/entropy_loss=0.0000              │actor/grad_norm=59.553                │
│actor/lr=3.00e-05                      │actor/policy_loss=0.048                │actor/policy_loss_abs=0.451           │
│actor/ratio=0.755                      │actor/ratio_abs=0.253                  │actor/total_loss=0.024                │
│                                                                                                                      │
╰──────────────────────────────────────────────────────────────────────────────────────────────────────────────────────╯

[36m(RolloutGroup(rank=0) pid=189388)[0m Generating Rollout Epochs:   0%|          | 0/1 [00:00<?, ?it/s]
[36m(RolloutGroup(rank=0) pid=189388)[0m Generating Rollout Epochs: 100%|██████████| 1/1 [01:08<00:00, 68.74s/it]Generating Rollout Epochs: 100%|██████████| 1/1 [01:08<00:00, 68.74s/it]

╭──────────────────────────────────────────────────────────────────────────────────────────────────────────────────────╮
├──────────────────────────────────────────────────── Metric Table ────────────────────────────────────────────────────┤
│ Global Step:    7/50 │ Progress: █████░░░░░░░░░░░░░░░░░░░░░░░░░░░░░░░░░░░ │  14.0%                                   │
│ Elapsed: 17:19 │ ETA: 01:46:25 │ Step Time: 148.511s                                                                 │
├──────────────────────────────────────────────────────── Time ────────────────────────────────────────────────────────┤
│                                                                                                                      │
│actor/actor/compute_adv=0.047          │actor/actor/recv_traj=77.750           │actor/actor/sync_model_to_rollout=6.3…│
│actor/run_training=40.234              │cal_adv_and_returns=0.050              │env/compute_bootstrap_rewards=8.51e-04│
│env/env/bootstrap_step=36.204          │env/env/send_obs=0.285                 │env/env/send_rollout_trajectories=0.7…│
│env/env_interact_step=15.406           │env/interact=77.110                    │env/recv_rollout_results=27.901       │
│env/run_interact_once=77.110           │generate_rollouts=88.939               │rollout/generate_one_epoch=70.176     │
│rollout/predict=26.786                 │rollout/rollout/generate=88.890        │rollout/rollout/recv_obs=46.123       │
│rollout/rollout/send_traj=0.018        │step=140.5                             │sync_weights=11.233                   │
│                                                                                                                      │
├──────────────────────────────────────────────────── Environment ─────────────────────────────────────────────────────┤
│                                                                                                                      │
│episode_len=120.0                      │num_trajectories=64                    │return=0.6875                         │
│reward=0.00719884                      │success_once=0.6875                    │                                      │
│                                                                                                                      │
├────────────────────────────────────────────────────── Rollout ───────────────────────────────────────────────────────┤
│                                                                                                                      │
│advantages_max=0.935                   │advantages_mean=-0.054                 │advantages_min=-2.475                 │
│rewards=0.0064                         │                                       │                                      │
│                                                                                                                      │
├─────────────────────────────────────────────────── Training/Actor ───────────────────────────────────────────────────┤
│                                                                                                                      │
│actor/approx_kl=0.165                  │actor/clip_fraction=0.274              │actor/clipped_ratio=0.952             │
│actor/dual_cliped_ratio=0.0000         │actor/entropy_loss=0.0000              │actor/grad_norm=41.764                │
│actor/lr=3.00e-05                      │actor/policy_loss=0.040                │actor/policy_loss_abs=0.600           │
│actor/ratio=0.968                      │actor/ratio_abs=0.342                  │actor/total_loss=0.020                │
│                                                                                                                      │
╰──────────────────────────────────────────────────────────────────────────────────────────────────────────────────────╯

[36m(RolloutGroup(rank=0) pid=189388)[0m Generating Rollout Epochs:   0%|          | 0/1 [00:00<?, ?it/s]
[36m(RolloutGroup(rank=0) pid=189388)[0m Generating Rollout Epochs: 100%|██████████| 1/1 [01:06<00:00, 66.22s/it]Generating Rollout Epochs: 100%|██████████| 1/1 [01:06<00:00, 66.22s/it]

╭──────────────────────────────────────────────────────────────────────────────────────────────────────────────────────╮
├──────────────────────────────────────────────────── Metric Table ────────────────────────────────────────────────────┤
│ Global Step:    8/50 │ Progress: ██████░░░░░░░░░░░░░░░░░░░░░░░░░░░░░░░░░░ │  16.0%                                   │
│ Elapsed: 19:38 │ ETA: 01:43:07 │ Step Time: 147.329s                                                                 │
├──────────────────────────────────────────────────────── Time ────────────────────────────────────────────────────────┤
│                                                                                                                      │
│actor/actor/compute_adv=0.039          │actor/actor/recv_traj=74.940           │actor/actor/sync_model_to_rollout=6.5…│
│actor/run_training=39.846              │cal_adv_and_returns=0.041              │env/compute_bootstrap_rewards=8.50e-04│
│env/env/bootstrap_step=34.178          │env/env/send_obs=0.282                 │env/env/send_rollout_trajectories=0.7…│
│env/env_interact_step=15.326           │env/interact=74.273                    │env/recv_rollout_results=27.854       │
│env/run_interact_once=74.273           │generate_rollouts=87.293               │rollout/generate_one_epoch=68.856     │
│rollout/predict=26.837                 │rollout/rollout/generate=87.248        │rollout/rollout/recv_obs=45.733       │
│rollout/rollout/send_traj=0.012        │step=139.0                             │sync_weights=11.847                   │
│                                                                                                                      │
├──────────────────────────────────────────────────── Environment ─────────────────────────────────────────────────────┤
│                                                                                                                      │
│episode_len=120.0                      │num_trajectories=64                    │return=0.21875                        │
│reward=0.0021060992                    │success_once=0.21875                   │                                      │
│                                                                                                                      │
├────────────────────────────────────────────────────── Rollout ───────────────────────────────────────────────────────┤
│                                                                                                                      │
│advantages_max=2.475                   │advantages_mean=-0.034                 │advantages_min=-1.208                 │
│rewards=0.0026                         │                                       │                                      │
│                                                                                                                      │
├─────────────────────────────────────────────────── Training/Actor ───────────────────────────────────────────────────┤
│                                                                                                                      │
│actor/approx_kl=0.097                  │actor/clip_fraction=0.216              │actor/clipped_ratio=0.723             │
│actor/dual_cliped_ratio=0.0000         │actor/entropy_loss=0.0000              │actor/grad_norm=35.791                │
│actor/lr=3.00e-05                      │actor/policy_loss=0.020                │actor/policy_loss_abs=0.489           │
│actor/ratio=0.724                      │actor/ratio_abs=0.214                  │actor/total_loss=0.010                │
│                                                                                                                      │
╰──────────────────────────────────────────────────────────────────────────────────────────────────────────────────────╯

[36m(RolloutGroup(rank=0) pid=189388)[0m Generating Rollout Epochs:   0%|          | 0/1 [00:00<?, ?it/s]
[36m(RolloutGroup(rank=0) pid=189388)[0m Generating Rollout Epochs: 100%|██████████| 1/1 [01:07<00:00, 67.94s/it]Generating Rollout Epochs: 100%|██████████| 1/1 [01:07<00:00, 67.94s/it]

╭──────────────────────────────────────────────────────────────────────────────────────────────────────────────────────╮
├──────────────────────────────────────────────────── Metric Table ────────────────────────────────────────────────────┤
│ Global Step:    9/50 │ Progress: ███████░░░░░░░░░░░░░░░░░░░░░░░░░░░░░░░░░ │  18.0%                                   │
│ Elapsed: 22:01 │ ETA: 01:40:19 │ Step Time: 146.808s                                                                 │
├──────────────────────────────────────────────────────── Time ────────────────────────────────────────────────────────┤
│                                                                                                                      │
│actor/actor/compute_adv=0.043          │actor/actor/recv_traj=77.295           │actor/actor/sync_model_to_rollout=6.2…│
│actor/run_training=40.978              │cal_adv_and_returns=0.045              │env/compute_bootstrap_rewards=8.18e-04│
│env/env/bootstrap_step=35.855          │env/env/send_obs=0.281                 │env/env/send_rollout_trajectories=0.8…│
│env/env_interact_step=15.301           │env/interact=76.689                    │env/recv_rollout_results=26.303       │
│env/run_interact_once=76.689           │generate_rollouts=90.900               │rollout/generate_one_epoch=69.989     │
│rollout/predict=25.383                 │rollout/rollout/generate=90.857        │rollout/rollout/recv_obs=46.180       │
│rollout/rollout/send_traj=0.011        │step=142.6                             │sync_weights=10.691                   │
│                                                                                                                      │
├──────────────────────────────────────────────────── Environment ─────────────────────────────────────────────────────┤
│                                                                                                                      │
│episode_len=120.0                      │num_trajectories=64                    │return=0.3125                         │
│reward=0.0033119218                    │success_once=0.3125                    │                                      │
│                                                                                                                      │
├────────────────────────────────────────────────────── Rollout ───────────────────────────────────────────────────────┤
│                                                                                                                      │
│advantages_max=2.475                   │advantages_mean=-0.032                 │advantages_min=-1.620                 │
│rewards=0.0030                         │                                       │                                      │
│                                                                                                                      │
├─────────────────────────────────────────────────── Training/Actor ───────────────────────────────────────────────────┤
│                                                                                                                      │
│actor/approx_kl=0.059                  │actor/clip_fraction=0.195              │actor/clipped_ratio=0.726             │
│actor/dual_cliped_ratio=0.0000         │actor/entropy_loss=0.0000              │actor/grad_norm=31.370                │
│actor/lr=3.00e-05                      │actor/policy_loss=0.027                │actor/policy_loss_abs=0.371           │
│actor/ratio=0.746                      │actor/ratio_abs=0.213                  │actor/total_loss=0.013                │
│                                                                                                                      │
╰──────────────────────────────────────────────────────────────────────────────────────────────────────────────────────╯

[36m(RolloutGroup(rank=0) pid=189388)[0m Generating Rollout Epochs:   0%|          | 0/1 [00:00<?, ?it/s]
[36m(RolloutGroup(rank=0) pid=189388)[0m Generating Rollout Epochs: 100%|██████████| 1/1 [01:09<00:00, 69.77s/it]Generating Rollout Epochs: 100%|██████████| 1/1 [01:09<00:00, 69.77s/it]

╭──────────────────────────────────────────────────────────────────────────────────────────────────────────────────────╮
├──────────────────────────────────────────────────── Metric Table ────────────────────────────────────────────────────┤
│ Global Step:   10/50 │ Progress: ████████░░░░░░░░░░░░░░░░░░░░░░░░░░░░░░░░ │  20.0%                                   │
│ Elapsed: 24:20 │ ETA: 01:37:20 │ Step Time: 146.007s                                                                 │
├──────────────────────────────────────────────────────── Time ────────────────────────────────────────────────────────┤
│                                                                                                                      │
│actor/actor/compute_adv=0.047          │actor/actor/recv_traj=76.922           │actor/actor/sync_model_to_rollout=6.0…│
│actor/run_training=40.141              │cal_adv_and_returns=0.051              │env/compute_bootstrap_rewards=8.35e-04│
│env/env/bootstrap_step=35.623          │env/env/send_obs=0.287                 │env/env/send_rollout_trajectories=0.7…│
│env/env_interact_step=15.770           │env/interact=76.069                    │env/recv_rollout_results=27.032       │
│env/run_interact_once=76.069           │generate_rollouts=88.674               │rollout/generate_one_epoch=69.769     │
│rollout/predict=26.123                 │rollout/rollout/generate=88.625        │rollout/rollout/recv_obs=46.037       │
│rollout/rollout/send_traj=0.011        │step=138.8                             │sync_weights=9.904                    │
│                                                                                                                      │
├──────────────────────────────────────────────────── Environment ─────────────────────────────────────────────────────┤
│                                                                                                                      │
│episode_len=120.0                      │num_trajectories=64                    │return=0.171875                       │
│reward=0.0016715098                    │success_once=0.171875                  │                                      │
│                                                                                                                      │
├────────────────────────────────────────────────────── Rollout ───────────────────────────────────────────────────────┤
│                                                                                                                      │
│advantages_max=2.475                   │advantages_mean=-0.033                 │advantages_min=-0.935                 │
│rewards=0.0021                         │                                       │                                      │
│                                                                                                                      │
├─────────────────────────────────────────────────── Training/Actor ───────────────────────────────────────────────────┤
│                                                                                                                      │
│actor/approx_kl=0.088                  │actor/clip_fraction=0.273              │actor/clipped_ratio=0.973             │
│actor/dual_cliped_ratio=0.0000         │actor/entropy_loss=0.0000              │actor/grad_norm=35.962                │
│actor/lr=3.00e-05                      │actor/policy_loss=0.025                │actor/policy_loss_abs=0.463           │
│actor/ratio=0.982                      │actor/ratio_abs=0.266                  │actor/total_loss=0.013                │
│                                                                                                                      │
╰──────────────────────────────────────────────────────────────────────────────────────────────────────────────────────╯

[36m(RolloutGroup(rank=0) pid=189388)[0m Generating Rollout Epochs:   0%|          | 0/1 [00:00<?, ?it/s]
[36m(RolloutGroup(rank=0) pid=189388)[0m Generating Rollout Epochs: 100%|██████████| 1/1 [01:10<00:00, 70.32s/it]Generating Rollout Epochs: 100%|██████████| 1/1 [01:10<00:00, 70.32s/it]

╭──────────────────────────────────────────────────────────────────────────────────────────────────────────────────────╮
├──────────────────────────────────────────────────── Metric Table ────────────────────────────────────────────────────┤
│ Global Step:   11/50 │ Progress: ████████░░░░░░░░░░░░░░░░░░░░░░░░░░░░░░░░ │  22.0%                                   │
│ Elapsed: 26:40 │ ETA: 01:34:33 │ Step Time: 145.482s                                                                 │
├──────────────────────────────────────────────────────── Time ────────────────────────────────────────────────────────┤
│                                                                                                                      │
│actor/actor/compute_adv=0.074          │actor/actor/recv_traj=75.970           │actor/actor/sync_model_to_rollout=6.2…│
│actor/run_training=40.383              │cal_adv_and_returns=0.076              │env/compute_bootstrap_rewards=8.36e-04│
│env/env/bootstrap_step=35.509          │env/env/send_obs=0.275                 │env/env/send_rollout_trajectories=0.7…│
│env/env_interact_step=15.076           │env/interact=75.348                    │env/recv_rollout_results=26.696       │
│env/run_interact_once=75.348           │generate_rollouts=88.639               │rollout/generate_one_epoch=70.322     │
│rollout/predict=25.718                 │rollout/rollout/generate=88.566        │rollout/rollout/recv_obs=46.467       │
│rollout/rollout/send_traj=0.012        │step=140.2                             │sync_weights=11.111                   │
│                                                                                                                      │
├──────────────────────────────────────────────────── Environment ─────────────────────────────────────────────────────┤
│                                                                                                                      │
│episode_len=120.0                      │num_trajectories=64                    │return=0.234375                       │
│reward=0.0023391724                    │success_once=0.234375                  │                                      │
│                                                                                                                      │
├────────────────────────────────────────────────────── Rollout ───────────────────────────────────────────────────────┤
│                                                                                                                      │
│advantages_max=2.475                   │advantages_mean=-0.050                 │advantages_min=-1.208                 │
│rewards=0.0033                         │                                       │                                      │
│                                                                                                                      │
├─────────────────────────────────────────────────── Training/Actor ───────────────────────────────────────────────────┤
│                                                                                                                      │
│actor/approx_kl=0.092                  │actor/clip_fraction=0.222              │actor/clipped_ratio=0.729             │
│actor/dual_cliped_ratio=0.0000         │actor/entropy_loss=0.0000              │actor/grad_norm=34.719                │
│actor/lr=3.00e-05                      │actor/policy_loss=0.024                │actor/policy_loss_abs=0.505           │
│actor/ratio=0.721                      │actor/ratio_abs=0.216                  │actor/total_loss=0.012                │
│                                                                                                                      │
╰──────────────────────────────────────────────────────────────────────────────────────────────────────────────────────╯

[36m(RolloutGroup(rank=0) pid=189388)[0m Generating Rollout Epochs:   0%|          | 0/1 [00:00<?, ?it/s]
[36m(RolloutGroup(rank=0) pid=189388)[0m Generating Rollout Epochs: 100%|██████████| 1/1 [01:05<00:00, 65.27s/it]Generating Rollout Epochs: 100%|██████████| 1/1 [01:05<00:00, 65.27s/it]

╭──────────────────────────────────────────────────────────────────────────────────────────────────────────────────────╮
├──────────────────────────────────────────────────── Metric Table ────────────────────────────────────────────────────┤
│ Global Step:   12/50 │ Progress: █████████░░░░░░░░░░░░░░░░░░░░░░░░░░░░░░░ │  24.0%                                   │
│ Elapsed: 29:00 │ ETA: 01:31:50 │ Step Time: 145.018s                                                                 │
├──────────────────────────────────────────────────────── Time ────────────────────────────────────────────────────────┤
│                                                                                                                      │
│actor/actor/compute_adv=0.047          │actor/actor/recv_traj=76.238           │actor/actor/sync_model_to_rollout=7.1…│
│actor/run_training=39.953              │cal_adv_and_returns=0.050              │env/compute_bootstrap_rewards=8.34e-04│
│env/env/bootstrap_step=34.948          │env/env/send_obs=0.240                 │env/env/send_rollout_trajectories=0.8…│
│env/env_interact_step=15.219           │env/interact=75.423                    │env/recv_rollout_results=27.745       │
│env/run_interact_once=75.423           │generate_rollouts=88.321               │rollout/generate_one_epoch=69.818     │
│rollout/predict=26.902                 │rollout/rollout/generate=88.265        │rollout/rollout/recv_obs=46.787       │
│rollout/rollout/send_traj=0.010        │step=139.9                             │sync_weights=11.556                   │
│                                                                                                                      │
├──────────────────────────────────────────────────── Environment ─────────────────────────────────────────────────────┤
│                                                                                                                      │
│episode_len=120.0                      │num_trajectories=64                    │return=0.359375                       │
│reward=0.0035064565                    │success_once=0.359375                  │                                      │
│                                                                                                                      │
├────────────────────────────────────────────────────── Rollout ───────────────────────────────────────────────────────┤
│                                                                                                                      │
│advantages_max=1.620                   │advantages_mean=-0.049                 │advantages_min=-1.620                 │
│rewards=0.0051                         │                                       │                                      │
│                                                                                                                      │
├─────────────────────────────────────────────────── Training/Actor ───────────────────────────────────────────────────┤
│                                                                                                                      │
│actor/approx_kl=0.132                  │actor/clip_fraction=0.263              │actor/clipped_ratio=0.978             │
│actor/dual_cliped_ratio=0.0000         │actor/entropy_loss=0.0000              │actor/grad_norm=117.2                 │
│actor/lr=3.00e-05                      │actor/policy_loss=0.077                │actor/policy_loss_abs=0.591           │
│actor/ratio=1.033                      │actor/ratio_abs=0.350                  │actor/total_loss=0.039                │
│                                                                                                                      │
╰──────────────────────────────────────────────────────────────────────────────────────────────────────────────────────╯

[36m(RolloutGroup(rank=0) pid=189388)[0m Generating Rollout Epochs:   0%|          | 0/1 [00:00<?, ?it/s]
[36m(RolloutGroup(rank=0) pid=189388)[0m Generating Rollout Epochs: 100%|██████████| 1/1 [01:08<00:00, 68.15s/it]Generating Rollout Epochs: 100%|██████████| 1/1 [01:08<00:00, 68.15s/it]

╭──────────────────────────────────────────────────────────────────────────────────────────────────────────────────────╮
├──────────────────────────────────────────────────── Metric Table ────────────────────────────────────────────────────┤
│ Global Step:   13/50 │ Progress: ██████████░░░░░░░░░░░░░░░░░░░░░░░░░░░░░░ │  26.0%                                   │
│ Elapsed: 31:19 │ ETA: 01:29:09 │ Step Time: 144.568s                                                                 │
├──────────────────────────────────────────────────────── Time ────────────────────────────────────────────────────────┤
│                                                                                                                      │
│actor/actor/compute_adv=0.041          │actor/actor/recv_traj=75.799           │actor/actor/sync_model_to_rollout=6.5…│
│actor/run_training=39.170              │cal_adv_and_returns=0.045              │env/compute_bootstrap_rewards=9.41e-04│
│env/env/bootstrap_step=34.060          │env/env/send_obs=0.236                 │env/env/send_rollout_trajectories=0.6…│
│env/env_interact_step=15.283           │env/interact=75.180                    │env/recv_rollout_results=27.407       │
│env/run_interact_once=75.180           │generate_rollouts=87.604               │rollout/generate_one_epoch=68.847     │
│rollout/predict=26.336                 │rollout/rollout/generate=87.571        │rollout/rollout/recv_obs=44.838       │
│rollout/rollout/send_traj=0.011        │step=139.1                             │sync_weights=12.316                   │
│                                                                                                                      │
├──────────────────────────────────────────────────── Environment ─────────────────────────────────────────────────────┤
│                                                                                                                      │
│episode_len=120.0                      │num_trajectories=64                    │return=0.390625                       │
│reward=0.0040768804                    │success_once=0.390625                  │                                      │
│                                                                                                                      │
├────────────────────────────────────────────────────── Rollout ───────────────────────────────────────────────────────┤
│                                                                                                                      │
│advantages_max=2.475                   │advantages_mean=-0.041                 │advantages_min=-2.475                 │
│rewards=0.0045                         │                                       │                                      │
│                                                                                                                      │
├─────────────────────────────────────────────────── Training/Actor ───────────────────────────────────────────────────┤
│                                                                                                                      │
│actor/approx_kl=0.381                  │actor/clip_fraction=0.295              │actor/clipped_ratio=0.953             │
│actor/dual_cliped_ratio=0.0000         │actor/entropy_loss=0.0000              │actor/grad_norm=29.048                │
│actor/lr=3.00e-05                      │actor/policy_loss=0.058                │actor/policy_loss_abs=0.563           │
│actor/ratio=0.992                      │actor/ratio_abs=0.426                  │actor/total_loss=0.029                │
│                                                                                                                      │
╰──────────────────────────────────────────────────────────────────────────────────────────────────────────────────────╯

[36m(RolloutGroup(rank=0) pid=189388)[0m Generating Rollout Epochs:   0%|          | 0/1 [00:00<?, ?it/s]
[36m(RolloutGroup(rank=0) pid=189388)[0m Generating Rollout Epochs: 100%|██████████| 1/1 [01:12<00:00, 72.47s/it]Generating Rollout Epochs: 100%|██████████| 1/1 [01:12<00:00, 72.47s/it]

╭──────────────────────────────────────────────────────────────────────────────────────────────────────────────────────╮
├──────────────────────────────────────────────────── Metric Table ────────────────────────────────────────────────────┤
│ Global Step:   14/50 │ Progress: ███████████░░░░░░░░░░░░░░░░░░░░░░░░░░░░░ │  28.0%                                   │
│ Elapsed: 33:41 │ ETA: 01:26:37 │ Step Time: 144.366s                                                                 │
├──────────────────────────────────────────────────────── Time ────────────────────────────────────────────────────────┤
│                                                                                                                      │
│actor/actor/compute_adv=0.044          │actor/actor/recv_traj=78.258           │actor/actor/sync_model_to_rollout=6.3…│
│actor/run_training=40.156              │cal_adv_and_returns=0.047              │env/compute_bootstrap_rewards=0.0011  │
│env/env/bootstrap_step=37.753          │env/env/send_obs=0.286                 │env/env/send_rollout_trajectories=0.8…│
│env/env_interact_step=15.613           │env/interact=77.654                    │env/recv_rollout_results=26.886       │
│env/run_interact_once=77.654           │generate_rollouts=90.161               │rollout/generate_one_epoch=72.471     │
│rollout/predict=25.877                 │rollout/rollout/generate=90.101        │rollout/rollout/recv_obs=48.951       │
│rollout/rollout/send_traj=0.0100       │step=141.7                             │sync_weights=11.357                   │
│                                                                                                                      │
├──────────────────────────────────────────────────── Environment ─────────────────────────────────────────────────────┤
│                                                                                                                      │
│episode_len=120.0                      │num_trajectories=64                    │return=0.21875                        │
│reward=0.0023929102                    │success_once=0.21875                   │                                      │
│                                                                                                                      │
├────────────────────────────────────────────────────── Rollout ───────────────────────────────────────────────────────┤
│                                                                                                                      │
│advantages_max=2.475                   │advantages_mean=-0.042                 │advantages_min=-1.620                 │
│rewards=0.0051                         │                                       │                                      │
│                                                                                                                      │
├─────────────────────────────────────────────────── Training/Actor ───────────────────────────────────────────────────┤
│                                                                                                                      │
│actor/approx_kl=0.054                  │actor/clip_fraction=0.205              │actor/clipped_ratio=0.720             │
│actor/dual_cliped_ratio=0.0000         │actor/entropy_loss=0.0000              │actor/grad_norm=23.485                │
│actor/lr=3.00e-05                      │actor/policy_loss=0.016                │actor/policy_loss_abs=0.284           │
│actor/ratio=0.752                      │actor/ratio_abs=0.227                  │actor/total_loss=0.0082               │
│                                                                                                                      │
╰──────────────────────────────────────────────────────────────────────────────────────────────────────────────────────╯

[36m(RolloutGroup(rank=0) pid=189388)[0m Generating Rollout Epochs:   0%|          | 0/1 [00:00<?, ?it/s]
[36m(RolloutGroup(rank=0) pid=189388)[0m Generating Rollout Epochs: 100%|██████████| 1/1 [01:04<00:00, 64.37s/it]Generating Rollout Epochs: 100%|██████████| 1/1 [01:04<00:00, 64.37s/it]

╭──────────────────────────────────────────────────────────────────────────────────────────────────────────────────────╮
├──────────────────────────────────────────────────── Metric Table ────────────────────────────────────────────────────┤
│ Global Step:   15/50 │ Progress: ████████████░░░░░░░░░░░░░░░░░░░░░░░░░░░░ │  30.0%                                   │
│ Elapsed: 36:00 │ ETA: 01:24:01 │ Step Time: 144.031s                                                                 │
├──────────────────────────────────────────────────────── Time ────────────────────────────────────────────────────────┤
│                                                                                                                      │
│actor/actor/compute_adv=0.046          │actor/actor/recv_traj=78.052           │actor/actor/sync_model_to_rollout=7.3…│
│actor/run_training=41.046              │cal_adv_and_returns=0.050              │env/compute_bootstrap_rewards=8.65e-04│
│env/env/bootstrap_step=37.117          │env/env/send_obs=0.347                 │env/env/send_rollout_trajectories=0.6…│
│env/env_interact_step=15.300           │env/interact=77.441                    │env/recv_rollout_results=26.934       │
│env/run_interact_once=77.441           │generate_rollouts=89.535               │rollout/generate_one_epoch=69.847     │
│rollout/predict=26.066                 │rollout/rollout/generate=89.480        │rollout/rollout/recv_obs=46.649       │
│rollout/rollout/send_traj=0.014        │step=139.3                             │sync_weights=8.685                    │
│                                                                                                                      │
├──────────────────────────────────────────────────── Environment ─────────────────────────────────────────────────────┤
│                                                                                                                      │
│episode_len=120.0                      │num_trajectories=64                    │return=0.203125                       │
│reward=0.0023070492                    │success_once=0.203125                  │                                      │
│                                                                                                                      │
├────────────────────────────────────────────────────── Rollout ───────────────────────────────────────────────────────┤
│                                                                                                                      │
│advantages_max=2.475                   │advantages_mean=-0.028                 │advantages_min=-0.540                 │
│rewards=0.0016                         │                                       │                                      │
│                                                                                                                      │
├─────────────────────────────────────────────────── Training/Actor ───────────────────────────────────────────────────┤
│                                                                                                                      │
│actor/approx_kl=0.0053                 │actor/clip_fraction=0.118              │actor/clipped_ratio=0.496             │
│actor/dual_cliped_ratio=0.0000         │actor/entropy_loss=0.0000              │actor/grad_norm=22.581                │
│actor/lr=3.00e-05                      │actor/policy_loss=0.012                │actor/policy_loss_abs=0.189           │
│actor/ratio=0.535                      │actor/ratio_abs=0.142                  │actor/total_loss=0.0059               │
│                                                                                                                      │
╰──────────────────────────────────────────────────────────────────────────────────────────────────────────────────────╯

[36m(RolloutGroup(rank=0) pid=189388)[0m Generating Rollout Epochs:   0%|          | 0/1 [00:00<?, ?it/s]
[36m(RolloutGroup(rank=0) pid=189388)[0m Generating Rollout Epochs: 100%|██████████| 1/1 [01:07<00:00, 67.58s/it]Generating Rollout Epochs: 100%|██████████| 1/1 [01:07<00:00, 67.58s/it]

╭──────────────────────────────────────────────────────────────────────────────────────────────────────────────────────╮
├──────────────────────────────────────────────────── Metric Table ────────────────────────────────────────────────────┤
│ Global Step:   16/50 │ Progress: ████████████░░░░░░░░░░░░░░░░░░░░░░░░░░░░ │  32.0%                                   │
│ Elapsed: 38:15 │ ETA: 01:21:17 │ Step Time: 143.442s                                                                 │
├──────────────────────────────────────────────────────── Time ────────────────────────────────────────────────────────┤
│                                                                                                                      │
│actor/actor/compute_adv=0.052          │actor/actor/recv_traj=74.219           │actor/actor/sync_model_to_rollout=5.9…│
│actor/run_training=39.086              │cal_adv_and_returns=0.056              │env/compute_bootstrap_rewards=7.87e-04│
│env/env/bootstrap_step=32.379          │env/env/send_obs=0.285                 │env/env/send_rollout_trajectories=0.8…│
│env/env_interact_step=15.348           │env/interact=73.618                    │env/recv_rollout_results=26.066       │
│env/run_interact_once=73.618           │generate_rollouts=87.468               │rollout/generate_one_epoch=67.577     │
│rollout/predict=25.117                 │rollout/rollout/generate=87.390        │rollout/rollout/recv_obs=43.636       │
│rollout/rollout/send_traj=0.012        │step=134.6                             │sync_weights=7.977                    │
│                                                                                                                      │
├──────────────────────────────────────────────────── Environment ─────────────────────────────────────────────────────┤
│                                                                                                                      │
│episode_len=120.0                      │num_trajectories=64                    │return=0.421875                       │
│reward=0.004649083                     │success_once=0.421875                  │                                      │
│                                                                                                                      │
├────────────────────────────────────────────────────── Rollout ───────────────────────────────────────────────────────┤
│                                                                                                                      │
│advantages_max=1.208                   │advantages_mean=-0.082                 │advantages_min=-2.475                 │
│rewards=0.0061                         │                                       │                                      │
│                                                                                                                      │
├─────────────────────────────────────────────────── Training/Actor ───────────────────────────────────────────────────┤
│                                                                                                                      │
│actor/approx_kl=0.126                  │actor/clip_fraction=0.251              │actor/clipped_ratio=0.963             │
│actor/dual_cliped_ratio=0.0000         │actor/entropy_loss=0.0000              │actor/grad_norm=36.826                │
│actor/lr=3.00e-05                      │actor/policy_loss=0.026                │actor/policy_loss_abs=0.499           │
│actor/ratio=0.972                      │actor/ratio_abs=0.311                  │actor/total_loss=0.013                │
│                                                                                                                      │
╰──────────────────────────────────────────────────────────────────────────────────────────────────────────────────────╯

[36m(RolloutGroup(rank=0) pid=189388)[0m Generating Rollout Epochs:   0%|          | 0/1 [00:00<?, ?it/s]
[36m(RolloutGroup(rank=0) pid=189388)[0m Generating Rollout Epochs: 100%|██████████| 1/1 [01:06<00:00, 66.54s/it]Generating Rollout Epochs: 100%|██████████| 1/1 [01:06<00:00, 66.54s/it]

╭──────────────────────────────────────────────────────────────────────────────────────────────────────────────────────╮
├──────────────────────────────────────────────────── Metric Table ────────────────────────────────────────────────────┤
│ Global Step:   17/50 │ Progress: █████████████░░░░░░░░░░░░░░░░░░░░░░░░░░░ │  34.0%                                   │
│ Elapsed: 40:33 │ ETA: 01:18:42 │ Step Time: 143.120s                                                                 │
├──────────────────────────────────────────────────────── Time ────────────────────────────────────────────────────────┤
│                                                                                                                      │
│actor/actor/compute_adv=0.040          │actor/actor/recv_traj=77.239           │actor/actor/sync_model_to_rollout=6.7…│
│actor/run_training=39.518              │cal_adv_and_returns=0.044              │env/compute_bootstrap_rewards=8.21e-04│
│env/env/bootstrap_step=36.770          │env/env/send_obs=0.255                 │env/env/send_rollout_trajectories=0.6…│
│env/env_interact_step=15.581           │env/interact=76.656                    │env/recv_rollout_results=27.426       │
│env/run_interact_once=76.656           │generate_rollouts=88.809               │rollout/generate_one_epoch=70.011     │
│rollout/predict=26.645                 │rollout/rollout/generate=88.763        │rollout/rollout/recv_obs=47.252       │
│rollout/rollout/send_traj=0.014        │step=137.9                             │sync_weights=9.574                    │
│                                                                                                                      │
├──────────────────────────────────────────────────── Environment ─────────────────────────────────────────────────────┤
│                                                                                                                      │
│episode_len=120.0                      │num_trajectories=64                    │return=0.328125                       │
│reward=0.0036063048                    │success_once=0.328125                  │                                      │
│                                                                                                                      │
├────────────────────────────────────────────────────── Rollout ───────────────────────────────────────────────────────┤
│                                                                                                                      │
│advantages_max=2.475                   │advantages_mean=-0.038                 │advantages_min=-2.475                 │
│rewards=0.0036                         │                                       │                                      │
│                                                                                                                      │
├─────────────────────────────────────────────────── Training/Actor ───────────────────────────────────────────────────┤
│                                                                                                                      │
│actor/approx_kl=0.065                  │actor/clip_fraction=0.252              │actor/clipped_ratio=0.969             │
│actor/dual_cliped_ratio=0.0000         │actor/entropy_loss=0.0000              │actor/grad_norm=31.939                │
│actor/lr=3.00e-05                      │actor/policy_loss=0.036                │actor/policy_loss_abs=0.341           │
│actor/ratio=1.002                      │actor/ratio_abs=0.289                  │actor/total_loss=0.018                │
│                                                                                                                      │
╰──────────────────────────────────────────────────────────────────────────────────────────────────────────────────────╯

[36m(RolloutGroup(rank=0) pid=189388)[0m Generating Rollout Epochs:   0%|          | 0/1 [00:00<?, ?it/s]
[36m(RolloutGroup(rank=0) pid=189388)[0m Generating Rollout Epochs: 100%|██████████| 1/1 [01:07<00:00, 67.12s/it]Generating Rollout Epochs: 100%|██████████| 1/1 [01:07<00:00, 67.12s/it]

╭──────────────────────────────────────────────────────────────────────────────────────────────────────────────────────╮
├──────────────────────────────────────────────────── Metric Table ────────────────────────────────────────────────────┤
│ Global Step:   18/50 │ Progress: ██████████████░░░░░░░░░░░░░░░░░░░░░░░░░░ │  36.0%                                   │
│ Elapsed: 42:53 │ ETA: 01:16:15 │ Step Time: 142.972s                                                                 │
├──────────────────────────────────────────────────────── Time ────────────────────────────────────────────────────────┤
│                                                                                                                      │
│actor/actor/compute_adv=0.043          │actor/actor/recv_traj=78.068           │actor/actor/sync_model_to_rollout=5.9…│
│actor/run_training=39.087              │cal_adv_and_returns=0.047              │env/compute_bootstrap_rewards=7.85e-04│
│env/env/bootstrap_step=36.725          │env/env/send_obs=0.281                 │env/env/send_rollout_trajectories=0.6…│
│env/env_interact_step=15.606           │env/interact=77.441                    │env/recv_rollout_results=26.883       │
│env/run_interact_once=77.441           │generate_rollouts=91.455               │rollout/generate_one_epoch=72.391     │
│rollout/predict=25.964                 │rollout/rollout/generate=91.408        │rollout/rollout/recv_obs=49.265       │
│rollout/rollout/send_traj=0.011        │step=140.4                             │sync_weights=9.836                    │
│                                                                                                                      │
├──────────────────────────────────────────────────── Environment ─────────────────────────────────────────────────────┤
│                                                                                                                      │
│episode_len=120.0                      │num_trajectories=64                    │return=0.578125                       │
│reward=0.0060506267                    │success_once=0.578125                  │                                      │
│                                                                                                                      │
├────────────────────────────────────────────────────── Rollout ───────────────────────────────────────────────────────┤
│                                                                                                                      │
│advantages_max=2.475                   │advantages_mean=-0.051                 │advantages_min=-2.475                 │
│rewards=0.0050                         │                                       │                                      │
│                                                                                                                      │
├─────────────────────────────────────────────────── Training/Actor ───────────────────────────────────────────────────┤
│                                                                                                                      │
│actor/approx_kl=0.098                  │actor/clip_fraction=0.306              │actor/clipped_ratio=0.969             │
│actor/dual_cliped_ratio=0.0000         │actor/entropy_loss=0.0000              │actor/grad_norm=32.796                │
│actor/lr=3.00e-05                      │actor/policy_loss=0.035                │actor/policy_loss_abs=0.775           │
│actor/ratio=0.991                      │actor/ratio_abs=0.306                  │actor/total_loss=0.018                │
│                                                                                                                      │
╰──────────────────────────────────────────────────────────────────────────────────────────────────────────────────────╯

[36m(RolloutGroup(rank=0) pid=189388)[0m Generating Rollout Epochs:   0%|          | 0/1 [00:00<?, ?it/s]
[36m(RolloutGroup(rank=0) pid=189388)[0m Generating Rollout Epochs: 100%|██████████| 1/1 [01:11<00:00, 71.44s/it]Generating Rollout Epochs: 100%|██████████| 1/1 [01:11<00:00, 71.44s/it]

╭──────────────────────────────────────────────────────────────────────────────────────────────────────────────────────╮
├──────────────────────────────────────────────────── Metric Table ────────────────────────────────────────────────────┤
│ Global Step:   19/50 │ Progress: ███████████████░░░░░░░░░░░░░░░░░░░░░░░░░ │  38.0%                                   │
│ Elapsed: 45:15 │ ETA: 01:13:51 │ Step Time: 142.946s                                                                 │
├──────────────────────────────────────────────────────── Time ────────────────────────────────────────────────────────┤
│                                                                                                                      │
│actor/actor/compute_adv=0.042          │actor/actor/recv_traj=79.859           │actor/actor/sync_model_to_rollout=6.5…│
│actor/run_training=40.480              │cal_adv_and_returns=0.045              │env/compute_bootstrap_rewards=8.72e-04│
│env/env/bootstrap_step=37.642          │env/env/send_obs=0.276                 │env/env/send_rollout_trajectories=0.6…│
│env/env_interact_step=16.804           │env/interact=79.187                    │env/recv_rollout_results=26.324       │
│env/run_interact_once=79.187           │generate_rollouts=91.445               │rollout/generate_one_epoch=71.805     │
│rollout/predict=25.380                 │rollout/rollout/generate=91.405        │rollout/rollout/recv_obs=48.354       │
│rollout/rollout/send_traj=0.011        │step=142.5                             │sync_weights=10.499                   │
│                                                                                                                      │
├──────────────────────────────────────────────────── Environment ─────────────────────────────────────────────────────┤
│                                                                                                                      │
│episode_len=120.0                      │num_trajectories=64                    │return=0.15625                        │
│reward=0.0016626753                    │success_once=0.15625                   │                                      │
│                                                                                                                      │
├────────────────────────────────────────────────────── Rollout ───────────────────────────────────────────────────────┤
│                                                                                                                      │
│advantages_max=2.475                   │advantages_mean=-0.062                 │advantages_min=-0.935                 │
│rewards=0.0025                         │                                       │                                      │
│                                                                                                                      │
├─────────────────────────────────────────────────── Training/Actor ───────────────────────────────────────────────────┤
│                                                                                                                      │
│actor/approx_kl=0.082                  │actor/clip_fraction=0.141              │actor/clipped_ratio=0.482             │
│actor/dual_cliped_ratio=0.0000         │actor/entropy_loss=0.0000              │actor/grad_norm=30.177                │
│actor/lr=3.00e-05                      │actor/policy_loss=0.030                │actor/policy_loss_abs=0.384           │
│actor/ratio=0.476                      │actor/ratio_abs=0.151                  │actor/total_loss=0.015                │
│                                                                                                                      │
╰──────────────────────────────────────────────────────────────────────────────────────────────────────────────────────╯

[36m(RolloutGroup(rank=0) pid=189388)[0m Generating Rollout Epochs:   0%|          | 0/1 [00:00<?, ?it/s]
[36m(RolloutGroup(rank=0) pid=189388)[0m Generating Rollout Epochs: 100%|██████████| 1/1 [01:06<00:00, 66.63s/it]Generating Rollout Epochs: 100%|██████████| 1/1 [01:06<00:00, 66.63s/it]

╭──────────────────────────────────────────────────────────────────────────────────────────────────────────────────────╮
├──────────────────────────────────────────────────── Metric Table ────────────────────────────────────────────────────┤
│ Global Step:   20/50 │ Progress: ████████████████░░░░░░░░░░░░░░░░░░░░░░░░ │  40.0%                                   │
│ Elapsed: 47:38 │ ETA: 01:11:27 │ Step Time: 142.920s                                                                 │
├──────────────────────────────────────────────────────── Time ────────────────────────────────────────────────────────┤
│                                                                                                                      │
│actor/actor/compute_adv=0.047          │actor/actor/recv_traj=78.285           │actor/actor/sync_model_to_rollout=6.1…│
│actor/run_training=40.629              │cal_adv_and_returns=0.050              │env/compute_bootstrap_rewards=9.84e-04│
│env/env/bootstrap_step=36.424          │env/env/send_obs=0.248                 │env/env/send_rollout_trajectories=0.7…│
│env/env_interact_step=15.668           │env/interact=77.673                    │env/recv_rollout_results=27.121       │
│env/run_interact_once=77.673           │generate_rollouts=91.250               │rollout/generate_one_epoch=69.106     │
│rollout/predict=26.207                 │rollout/rollout/generate=91.191        │rollout/rollout/recv_obs=45.307       │
│rollout/rollout/send_traj=0.013        │step=142.4                             │sync_weights=10.456                   │
│                                                                                                                      │
├──────────────────────────────────────────────────── Environment ─────────────────────────────────────────────────────┤
│                                                                                                                      │
│episode_len=120.0                      │num_trajectories=64                    │return=0.546875                       │
│reward=0.0053519034                    │success_once=0.546875                  │                                      │
│                                                                                                                      │
├────────────────────────────────────────────────────── Rollout ───────────────────────────────────────────────────────┤
│                                                                                                                      │
│advantages_max=2.475                   │advantages_mean=-0.028                 │advantages_min=-2.475                 │
│rewards=0.0043                         │                                       │                                      │
│                                                                                                                      │
├─────────────────────────────────────────────────── Training/Actor ───────────────────────────────────────────────────┤
│                                                                                                                      │
│actor/approx_kl=0.279                  │actor/clip_fraction=0.275              │actor/clipped_ratio=0.973             │
│actor/dual_cliped_ratio=0.0000         │actor/entropy_loss=0.0000              │actor/grad_norm=61.657                │
│actor/lr=3.00e-05                      │actor/policy_loss=0.057                │actor/policy_loss_abs=0.773           │
│actor/ratio=1.008                      │actor/ratio_abs=0.353                  │actor/total_loss=0.029                │
│                                                                                                                      │
╰──────────────────────────────────────────────────────────────────────────────────────────────────────────────────────╯

[36m(RolloutGroup(rank=0) pid=189388)[0m Generating Rollout Epochs:   0%|          | 0/1 [00:00<?, ?it/s]
[36m(RolloutGroup(rank=0) pid=189388)[0m Generating Rollout Epochs: 100%|██████████| 1/1 [01:05<00:00, 65.60s/it]Generating Rollout Epochs: 100%|██████████| 1/1 [01:05<00:00, 65.60s/it]

╭──────────────────────────────────────────────────────────────────────────────────────────────────────────────────────╮
├──────────────────────────────────────────────────── Metric Table ────────────────────────────────────────────────────┤
│ Global Step:   21/50 │ Progress: ████████████████░░░░░░░░░░░░░░░░░░░░░░░░ │  42.0%                                   │
│ Elapsed: 50:03 │ ETA: 01:09:08 │ Step Time: 143.037s                                                                 │
├──────────────────────────────────────────────────────── Time ────────────────────────────────────────────────────────┤
│                                                                                                                      │
│actor/actor/compute_adv=0.045          │actor/actor/recv_traj=79.479           │actor/actor/sync_model_to_rollout=6.5…│
│actor/run_training=40.131              │cal_adv_and_returns=0.048              │env/compute_bootstrap_rewards=9.44e-04│
│env/env/bootstrap_step=38.012          │env/env/send_obs=0.296                 │env/env/send_rollout_trajectories=0.7…│
│env/env_interact_step=15.340           │env/interact=78.869                    │env/recv_rollout_results=27.881       │
│env/run_interact_once=78.869           │generate_rollouts=92.904               │rollout/generate_one_epoch=73.662     │
│rollout/predict=26.981                 │rollout/rollout/generate=92.844        │rollout/rollout/recv_obs=49.733       │
│rollout/rollout/send_traj=0.014        │step=145.4                             │sync_weights=12.289                   │
│                                                                                                                      │
├──────────────────────────────────────────────────── Environment ─────────────────────────────────────────────────────┤
│                                                                                                                      │
│episode_len=120.0                      │num_trajectories=64                    │return=0.65625                        │
│reward=0.0069393255                    │success_once=0.65625                   │                                      │
│                                                                                                                      │
├────────────────────────────────────────────────────── Rollout ───────────────────────────────────────────────────────┤
│                                                                                                                      │
│advantages_max=0.935                   │advantages_mean=-0.070                 │advantages_min=-2.475                 │
│rewards=0.0066                         │                                       │                                      │
│                                                                                                                      │
├─────────────────────────────────────────────────── Training/Actor ───────────────────────────────────────────────────┤
│                                                                                                                      │
│actor/approx_kl=0.117                  │actor/clip_fraction=0.249              │actor/clipped_ratio=0.977             │
│actor/dual_cliped_ratio=0.0000         │actor/entropy_loss=0.0000              │actor/grad_norm=43.730                │
│actor/lr=3.00e-05                      │actor/policy_loss=0.064                │actor/policy_loss_abs=0.724           │
│actor/ratio=0.990                      │actor/ratio_abs=0.304                  │actor/total_loss=0.032                │
│                                                                                                                      │
╰──────────────────────────────────────────────────────────────────────────────────────────────────────────────────────╯

[36m(RolloutGroup(rank=0) pid=189388)[0m Generating Rollout Epochs:   0%|          | 0/1 [00:00<?, ?it/s]
[36m(RolloutGroup(rank=0) pid=189388)[0m Generating Rollout Epochs: 100%|██████████| 1/1 [01:04<00:00, 64.58s/it]Generating Rollout Epochs: 100%|██████████| 1/1 [01:04<00:00, 64.58s/it]

╭──────────────────────────────────────────────────────────────────────────────────────────────────────────────────────╮
├──────────────────────────────────────────────────── Metric Table ────────────────────────────────────────────────────┤
│ Global Step:   22/50 │ Progress: █████████████████░░░░░░░░░░░░░░░░░░░░░░░ │  44.0%                                   │
│ Elapsed: 52:23 │ ETA: 01:06:40 │ Step Time: 142.870s                                                                 │
├──────────────────────────────────────────────────────── Time ────────────────────────────────────────────────────────┤
│                                                                                                                      │
│actor/actor/compute_adv=0.045          │actor/actor/recv_traj=75.670           │actor/actor/sync_model_to_rollout=6.2…│
│actor/run_training=39.164              │cal_adv_and_returns=0.048              │env/compute_bootstrap_rewards=7.55e-04│
│env/env/bootstrap_step=35.282          │env/env/send_obs=0.268                 │env/env/send_rollout_trajectories=0.7…│
│env/env_interact_step=15.307           │env/interact=75.086                    │env/recv_rollout_results=26.519       │
│env/run_interact_once=75.086           │generate_rollouts=87.441               │rollout/generate_one_epoch=70.139     │
│rollout/predict=25.631                 │rollout/rollout/generate=87.390        │rollout/rollout/recv_obs=46.757       │
│rollout/rollout/send_traj=0.010        │step=139.3                             │sync_weights=12.678                   │
│                                                                                                                      │
├──────────────────────────────────────────────────── Environment ─────────────────────────────────────────────────────┤
│                                                                                                                      │
│episode_len=120.0                      │num_trajectories=64                    │return=0.4375                         │
│reward=0.00445074                      │success_once=0.4375                    │                                      │
│                                                                                                                      │
├────────────────────────────────────────────────────── Rollout ───────────────────────────────────────────────────────┤
│                                                                                                                      │
│advantages_max=2.475                   │advantages_mean=-0.027                 │advantages_min=-2.475                 │
│rewards=0.0041                         │                                       │                                      │
│                                                                                                                      │
├─────────────────────────────────────────────────── Training/Actor ───────────────────────────────────────────────────┤
│                                                                                                                      │
│actor/approx_kl=0.166                  │actor/clip_fraction=0.276              │actor/clipped_ratio=0.960             │
│actor/dual_cliped_ratio=0.0000         │actor/entropy_loss=0.0000              │actor/grad_norm=49.393                │
│actor/lr=3.00e-05                      │actor/policy_loss=0.049                │actor/policy_loss_abs=0.674           │
│actor/ratio=0.957                      │actor/ratio_abs=0.316                  │actor/total_loss=0.024                │
│                                                                                                                      │
╰──────────────────────────────────────────────────────────────────────────────────────────────────────────────────────╯

[36m(RolloutGroup(rank=0) pid=189388)[0m Generating Rollout Epochs:   0%|          | 0/1 [00:00<?, ?it/s]
[36m(RolloutGroup(rank=0) pid=189388)[0m Generating Rollout Epochs: 100%|██████████| 1/1 [01:11<00:00, 71.21s/it]Generating Rollout Epochs: 100%|██████████| 1/1 [01:11<00:00, 71.21s/it]

╭──────────────────────────────────────────────────────────────────────────────────────────────────────────────────────╮
├──────────────────────────────────────────────────── Metric Table ────────────────────────────────────────────────────┤
│ Global Step:   23/50 │ Progress: ██████████████████░░░░░░░░░░░░░░░░░░░░░░ │  46.0%                                   │
│ Elapsed: 54:43 │ ETA: 01:04:15 │ Step Time: 142.781s                                                                 │
├──────────────────────────────────────────────────────── Time ────────────────────────────────────────────────────────┤
│                                                                                                                      │
│actor/actor/compute_adv=0.044          │actor/actor/recv_traj=78.497           │actor/actor/sync_model_to_rollout=6.1…│
│actor/run_training=39.560              │cal_adv_and_returns=0.048              │env/compute_bootstrap_rewards=8.88e-04│
│env/env/bootstrap_step=37.120          │env/env/send_obs=0.261                 │env/env/send_rollout_trajectories=0.8…│
│env/env_interact_step=15.788           │env/interact=77.896                    │env/recv_rollout_results=26.366       │
│env/run_interact_once=77.896           │generate_rollouts=90.353               │rollout/generate_one_epoch=71.208     │
│rollout/predict=25.402                 │rollout/rollout/generate=90.308        │rollout/rollout/recv_obs=46.982       │
│rollout/rollout/send_traj=0.0100       │step=140.8                             │sync_weights=10.826                   │
│                                                                                                                      │
├──────────────────────────────────────────────────── Environment ─────────────────────────────────────────────────────┤
│                                                                                                                      │
│episode_len=120.0                      │num_trajectories=64                    │return=0.328125                       │
│reward=0.0034704593                    │success_once=0.328125                  │                                      │
│                                                                                                                      │
├────────────────────────────────────────────────────── Rollout ───────────────────────────────────────────────────────┤
│                                                                                                                      │
│advantages_max=0.935                   │advantages_mean=-0.058                 │advantages_min=-1.620                 │
│rewards=0.0058                         │                                       │                                      │
│                                                                                                                      │
├─────────────────────────────────────────────────── Training/Actor ───────────────────────────────────────────────────┤
│                                                                                                                      │
│actor/approx_kl=0.049                  │actor/clip_fraction=0.214              │actor/clipped_ratio=0.747             │
│actor/dual_cliped_ratio=0.0000         │actor/entropy_loss=0.0000              │actor/grad_norm=35.351                │
│actor/lr=3.00e-05                      │actor/policy_loss=0.022                │actor/policy_loss_abs=0.452           │
│actor/ratio=0.765                      │actor/ratio_abs=0.222                  │actor/total_loss=0.011                │
│                                                                                                                      │
╰──────────────────────────────────────────────────────────────────────────────────────────────────────────────────────╯

[36m(RolloutGroup(rank=0) pid=189388)[0m Generating Rollout Epochs:   0%|          | 0/1 [00:00<?, ?it/s]
[36m(RolloutGroup(rank=0) pid=189388)[0m Generating Rollout Epochs: 100%|██████████| 1/1 [01:12<00:00, 72.56s/it]Generating Rollout Epochs: 100%|██████████| 1/1 [01:12<00:00, 72.56s/it]

╭──────────────────────────────────────────────────────────────────────────────────────────────────────────────────────╮
├──────────────────────────────────────────────────── Metric Table ────────────────────────────────────────────────────┤
│ Global Step:   24/50 │ Progress: ███████████████████░░░░░░░░░░░░░░░░░░░░░ │  48.0%                                   │
│ Elapsed: 57:03 │ ETA: 01:01:48 │ Step Time: 142.640s                                                                 │
├──────────────────────────────────────────────────────── Time ────────────────────────────────────────────────────────┤
│                                                                                                                      │
│actor/actor/compute_adv=0.041          │actor/actor/recv_traj=78.262           │actor/actor/sync_model_to_rollout=6.4…│
│actor/run_training=39.892              │cal_adv_and_returns=0.044              │env/compute_bootstrap_rewards=7.79e-04│
│env/env/bootstrap_step=36.056          │env/env/send_obs=0.256                 │env/env/send_rollout_trajectories=0.7…│
│env/env_interact_step=15.799           │env/interact=77.675                    │env/recv_rollout_results=27.213       │
│env/run_interact_once=77.675           │generate_rollouts=89.094               │rollout/generate_one_epoch=72.559     │
│rollout/predict=26.202                 │rollout/rollout/generate=89.036        │rollout/rollout/recv_obs=48.769       │
│rollout/rollout/send_traj=0.015        │step=139.4                             │sync_weights=10.337                   │
│                                                                                                                      │
├──────────────────────────────────────────────────── Environment ─────────────────────────────────────────────────────┤
│                                                                                                                      │
│episode_len=120.0                      │num_trajectories=64                    │return=0.34375                        │
│reward=0.003605845                     │success_once=0.34375                   │                                      │
│                                                                                                                      │
├────────────────────────────────────────────────────── Rollout ───────────────────────────────────────────────────────┤
│                                                                                                                      │
│advantages_max=2.475                   │advantages_mean=-0.033                 │advantages_min=-1.208                 │
│rewards=0.0032                         │                                       │                                      │
│                                                                                                                      │
├─────────────────────────────────────────────────── Training/Actor ───────────────────────────────────────────────────┤
│                                                                                                                      │
│actor/approx_kl=0.076                  │actor/clip_fraction=0.166              │actor/clipped_ratio=0.727             │
│actor/dual_cliped_ratio=0.0000         │actor/entropy_loss=0.0000              │actor/grad_norm=33.413                │
│actor/lr=3.00e-05                      │actor/policy_loss=0.026                │actor/policy_loss_abs=0.414           │
│actor/ratio=0.737                      │actor/ratio_abs=0.201                  │actor/total_loss=0.013                │
│                                                                                                                      │
╰──────────────────────────────────────────────────────────────────────────────────────────────────────────────────────╯

[36m(RolloutGroup(rank=0) pid=189388)[0m Generating Rollout Epochs:   0%|          | 0/1 [00:00<?, ?it/s]
[36m(RolloutGroup(rank=0) pid=189388)[0m Generating Rollout Epochs: 100%|██████████| 1/1 [01:10<00:00, 70.78s/it]Generating Rollout Epochs: 100%|██████████| 1/1 [01:10<00:00, 70.78s/it]

╭──────────────────────────────────────────────────────────────────────────────────────────────────────────────────────╮
├──────────────────────────────────────────────────── Metric Table ────────────────────────────────────────────────────┤
│ Global Step:   25/50 │ Progress: ████████████████████░░░░░░░░░░░░░░░░░░░░ │  50.0%                                   │
│ Elapsed: 59:23 │ ETA: 59:23 │ Step Time: 142.556s                                                                    │
├──────────────────────────────────────────────────────── Time ────────────────────────────────────────────────────────┤
│                                                                                                                      │
│actor/actor/compute_adv=0.045          │actor/actor/recv_traj=78.491           │actor/actor/sync_model_to_rollout=6.2…│
│actor/run_training=40.558              │cal_adv_and_returns=0.048              │env/compute_bootstrap_rewards=8.34e-04│
│env/env/bootstrap_step=38.041          │env/env/send_obs=0.246                 │env/env/send_rollout_trajectories=0.6…│
│env/env_interact_step=15.129           │env/interact=77.858                    │env/recv_rollout_results=27.068       │
│env/run_interact_once=77.858           │generate_rollouts=89.671               │rollout/generate_one_epoch=72.633     │
│rollout/predict=26.249                 │rollout/rollout/generate=89.602        │rollout/rollout/recv_obs=49.571       │
│rollout/rollout/send_traj=0.011        │step=140.5                             │sync_weights=10.246                   │
│                                                                                                                      │
├──────────────────────────────────────────────────── Environment ─────────────────────────────────────────────────────┤
│                                                                                                                      │
│episode_len=120.0                      │num_trajectories=64                    │return=0.234375                       │
│reward=0.0023095636                    │success_once=0.234375                  │                                      │
│                                                                                                                      │
├────────────────────────────────────────────────────── Rollout ───────────────────────────────────────────────────────┤
│                                                                                                                      │
│advantages_max=2.475                   │advantages_mean=-0.047                 │advantages_min=-1.208                 │
│rewards=0.0038                         │                                       │                                      │
│                                                                                                                      │
├─────────────────────────────────────────────────── Training/Actor ───────────────────────────────────────────────────┤
│                                                                                                                      │
│actor/approx_kl=0.098                  │actor/clip_fraction=0.193              │actor/clipped_ratio=0.724             │
│actor/dual_cliped_ratio=0.0000         │actor/entropy_loss=0.0000              │actor/grad_norm=21.438                │
│actor/lr=3.00e-05                      │actor/policy_loss=0.031                │actor/policy_loss_abs=0.409           │
│actor/ratio=0.725                      │actor/ratio_abs=0.212                  │actor/total_loss=0.016                │
│                                                                                                                      │
╰──────────────────────────────────────────────────────────────────────────────────────────────────────────────────────╯

[36m(RolloutGroup(rank=0) pid=189388)[0m Generating Rollout Epochs:   0%|          | 0/1 [00:00<?, ?it/s]
[36m(RolloutGroup(rank=0) pid=189388)[0m Generating Rollout Epochs: 100%|██████████| 1/1 [01:10<00:00, 70.23s/it]Generating Rollout Epochs: 100%|██████████| 1/1 [01:10<00:00, 70.23s/it]

╭──────────────────────────────────────────────────────────────────────────────────────────────────────────────────────╮
├──────────────────────────────────────────────────── Metric Table ────────────────────────────────────────────────────┤
│ Global Step:   26/50 │ Progress: ████████████████████░░░░░░░░░░░░░░░░░░░░ │  52.0%                                   │
│ Elapsed: 01:01:43 │ ETA: 56:58 │ Step Time: 142.435s                                                                 │
├──────────────────────────────────────────────────────── Time ────────────────────────────────────────────────────────┤
│                                                                                                                      │
│actor/actor/compute_adv=0.046          │actor/actor/recv_traj=76.093           │actor/actor/sync_model_to_rollout=6.2…│
│actor/run_training=41.212              │cal_adv_and_returns=0.049              │env/compute_bootstrap_rewards=8.81e-04│
│env/env/bootstrap_step=34.298          │env/env/send_obs=0.325                 │env/env/send_rollout_trajectories=0.6…│
│env/env_interact_step=15.311           │env/interact=75.458                    │env/recv_rollout_results=27.323       │
│env/run_interact_once=75.458           │generate_rollouts=88.979               │rollout/generate_one_epoch=70.232     │
│rollout/predict=26.464                 │rollout/rollout/generate=88.917        │rollout/rollout/recv_obs=46.271       │
│rollout/rollout/send_traj=0.011        │step=139.4                             │sync_weights=9.152                    │
│                                                                                                                      │
├──────────────────────────────────────────────────── Environment ─────────────────────────────────────────────────────┤
│                                                                                                                      │
│episode_len=120.0                      │num_trajectories=64                    │return=0.40625                        │
│reward=0.0038136798                    │success_once=0.40625                   │                                      │
│                                                                                                                      │
├────────────────────────────────────────────────────── Rollout ───────────────────────────────────────────────────────┤
│                                                                                                                      │
│advantages_max=1.208                   │advantages_mean=-0.027                 │advantages_min=-2.475                 │
│rewards=0.0050                         │                                       │                                      │
│                                                                                                                      │
├─────────────────────────────────────────────────── Training/Actor ───────────────────────────────────────────────────┤
│                                                                                                                      │
│actor/approx_kl=0.133                  │actor/clip_fraction=0.246              │actor/clipped_ratio=0.963             │
│actor/dual_cliped_ratio=0.0000         │actor/entropy_loss=0.0000              │actor/grad_norm=34.525                │
│actor/lr=3.00e-05                      │actor/policy_loss=0.025                │actor/policy_loss_abs=0.510           │
│actor/ratio=0.969                      │actor/ratio_abs=0.291                  │actor/total_loss=0.013                │
│                                                                                                                      │
╰──────────────────────────────────────────────────────────────────────────────────────────────────────────────────────╯

[36m(RolloutGroup(rank=0) pid=189388)[0m Generating Rollout Epochs:   0%|          | 0/1 [00:00<?, ?it/s]
[36m(RolloutGroup(rank=0) pid=189388)[0m Generating Rollout Epochs: 100%|██████████| 1/1 [01:10<00:00, 70.74s/it]Generating Rollout Epochs: 100%|██████████| 1/1 [01:10<00:00, 70.74s/it]

╭──────────────────────────────────────────────────────────────────────────────────────────────────────────────────────╮
├──────────────────────────────────────────────────── Metric Table ────────────────────────────────────────────────────┤
│ Global Step:   27/50 │ Progress: █████████████████████░░░░░░░░░░░░░░░░░░░ │  54.0%                                   │
│ Elapsed: 01:04:04 │ ETA: 54:35 │ Step Time: 142.393s                                                                 │
├──────────────────────────────────────────────────────── Time ────────────────────────────────────────────────────────┤
│                                                                                                                      │
│actor/actor/compute_adv=0.044          │actor/actor/recv_traj=78.254           │actor/actor/sync_model_to_rollout=6.3…│
│actor/run_training=39.116              │cal_adv_and_returns=0.047              │env/compute_bootstrap_rewards=8.19e-04│
│env/env/bootstrap_step=36.683          │env/env/send_obs=0.241                 │env/env/send_rollout_trajectories=0.6…│
│env/env_interact_step=15.519           │env/interact=77.693                    │env/recv_rollout_results=27.395       │
│env/run_interact_once=77.693           │generate_rollouts=90.474               │rollout/generate_one_epoch=71.280     │
│rollout/predict=26.617                 │rollout/rollout/generate=90.395        │rollout/rollout/recv_obs=47.846       │
│rollout/rollout/send_traj=0.010        │step=141.3                             │sync_weights=11.640                   │
│                                                                                                                      │
├──────────────────────────────────────────────────── Environment ─────────────────────────────────────────────────────┤
│                                                                                                                      │
│episode_len=120.0                      │num_trajectories=64                    │return=0.59375                        │
│reward=0.0058278353                    │success_once=0.59375                   │                                      │
│                                                                                                                      │
├────────────────────────────────────────────────────── Rollout ───────────────────────────────────────────────────────┤
│                                                                                                                      │
│advantages_max=1.620                   │advantages_mean=-0.044                 │advantages_min=-2.475                 │
│rewards=0.0058                         │                                       │                                      │
│                                                                                                                      │
├─────────────────────────────────────────────────── Training/Actor ───────────────────────────────────────────────────┤
│                                                                                                                      │
│actor/approx_kl=0.491                  │actor/clip_fraction=0.268              │actor/clipped_ratio=0.964             │
│actor/dual_cliped_ratio=0.0000         │actor/entropy_loss=0.0000              │actor/grad_norm=41.476                │
│actor/lr=3.00e-05                      │actor/policy_loss=0.064                │actor/policy_loss_abs=0.719           │
│actor/ratio=0.954                      │actor/ratio_abs=0.336                  │actor/total_loss=0.032                │
│                                                                                                                      │
╰──────────────────────────────────────────────────────────────────────────────────────────────────────────────────────╯

[36m(RolloutGroup(rank=0) pid=189388)[0m Generating Rollout Epochs:   0%|          | 0/1 [00:00<?, ?it/s]
[36m(RolloutGroup(rank=0) pid=189388)[0m Generating Rollout Epochs: 100%|██████████| 1/1 [01:11<00:00, 71.97s/it]Generating Rollout Epochs: 100%|██████████| 1/1 [01:11<00:00, 71.97s/it]

╭──────────────────────────────────────────────────────────────────────────────────────────────────────────────────────╮
├──────────────────────────────────────────────────── Metric Table ────────────────────────────────────────────────────┤
│ Global Step:   28/50 │ Progress: ██████████████████████░░░░░░░░░░░░░░░░░░ │  56.0%                                   │
│ Elapsed: 01:06:34 │ ETA: 52:18 │ Step Time: 142.661s                                                                 │
├──────────────────────────────────────────────────────── Time ────────────────────────────────────────────────────────┤
│                                                                                                                      │
│actor/actor/compute_adv=0.047          │actor/actor/recv_traj=83.733           │actor/actor/sync_model_to_rollout=6.8…│
│actor/run_training=39.033              │cal_adv_and_returns=0.051              │env/compute_bootstrap_rewards=8.15e-04│
│env/env/bootstrap_step=42.336          │env/env/send_obs=0.229                 │env/env/send_rollout_trajectories=0.6…│
│env/env_interact_step=15.069           │env/interact=83.117                    │env/recv_rollout_results=26.668       │
│env/run_interact_once=83.117           │generate_rollouts=98.030               │rollout/generate_one_epoch=77.720     │
│rollout/predict=25.854                 │rollout/rollout/generate=97.953        │rollout/rollout/recv_obs=53.758       │
│rollout/rollout/send_traj=0.010        │step=149.9                             │sync_weights=12.757                   │
│                                                                                                                      │
├──────────────────────────────────────────────────── Environment ─────────────────────────────────────────────────────┤
│                                                                                                                      │
│episode_len=120.0                      │num_trajectories=64                    │return=0.5                            │
│reward=0.005274473                     │success_once=0.5                       │                                      │
│                                                                                                                      │
├────────────────────────────────────────────────────── Rollout ───────────────────────────────────────────────────────┤
│                                                                                                                      │
│advantages_max=2.475                   │advantages_mean=-0.042                 │advantages_min=-2.475                 │
│rewards=0.0050                         │                                       │                                      │
│                                                                                                                      │
├─────────────────────────────────────────────────── Training/Actor ───────────────────────────────────────────────────┤
│                                                                                                                      │
│actor/approx_kl=0.180                  │actor/clip_fraction=0.310              │actor/clipped_ratio=0.976             │
│actor/dual_cliped_ratio=0.0000         │actor/entropy_loss=0.0000              │actor/grad_norm=43.573                │
│actor/lr=3.00e-05                      │actor/policy_loss=0.049                │actor/policy_loss_abs=0.496           │
│actor/ratio=1.028                      │actor/ratio_abs=0.373                  │actor/total_loss=0.024                │
│                                                                                                                      │
╰──────────────────────────────────────────────────────────────────────────────────────────────────────────────────────╯

[36m(RolloutGroup(rank=0) pid=189388)[0m Generating Rollout Epochs:   0%|          | 0/1 [00:00<?, ?it/s]
[36m(RolloutGroup(rank=0) pid=189388)[0m Generating Rollout Epochs: 100%|██████████| 1/1 [01:09<00:00, 69.31s/it]Generating Rollout Epochs: 100%|██████████| 1/1 [01:09<00:00, 69.31s/it]

╭──────────────────────────────────────────────────────────────────────────────────────────────────────────────────────╮
├──────────────────────────────────────────────────── Metric Table ────────────────────────────────────────────────────┤
│ Global Step:   29/50 │ Progress: ███████████████████████░░░░░░░░░░░░░░░░░ │  58.0%                                   │
│ Elapsed: 01:08:57 │ ETA: 49:56 │ Step Time: 142.677s                                                                 │
├──────────────────────────────────────────────────────── Time ────────────────────────────────────────────────────────┤
│                                                                                                                      │
│actor/actor/compute_adv=0.047          │actor/actor/recv_traj=82.285           │actor/actor/sync_model_to_rollout=6.4…│
│actor/run_training=38.804              │cal_adv_and_returns=0.050              │env/compute_bootstrap_rewards=9.19e-04│
│env/env/bootstrap_step=41.683          │env/env/send_obs=0.242                 │env/env/send_rollout_trajectories=0.5…│
│env/env_interact_step=15.337           │env/interact=81.674                    │env/recv_rollout_results=26.146       │
│env/run_interact_once=81.674           │generate_rollouts=93.572               │rollout/generate_one_epoch=76.525     │
│rollout/predict=25.262                 │rollout/rollout/generate=93.499        │rollout/rollout/recv_obs=53.016       │
│rollout/rollout/send_traj=0.012        │step=143.1                             │sync_weights=10.686                   │
│                                                                                                                      │
├──────────────────────────────────────────────────── Environment ─────────────────────────────────────────────────────┤
│                                                                                                                      │
│episode_len=120.0                      │num_trajectories=64                    │return=0.40625                        │
│reward=0.0038043596                    │success_once=0.40625                   │                                      │
│                                                                                                                      │
├────────────────────────────────────────────────────── Rollout ───────────────────────────────────────────────────────┤
│                                                                                                                      │
│advantages_max=1.620                   │advantages_mean=-0.023                 │advantages_min=-1.620                 │
│rewards=0.0045                         │                                       │                                      │
│                                                                                                                      │
├─────────────────────────────────────────────────── Training/Actor ───────────────────────────────────────────────────┤
│                                                                                                                      │
│actor/approx_kl=0.191                  │actor/clip_fraction=0.283              │actor/clipped_ratio=0.955             │
│actor/dual_cliped_ratio=0.0000         │actor/entropy_loss=0.0000              │actor/grad_norm=36.526                │
│actor/lr=3.00e-05                      │actor/policy_loss=0.040                │actor/policy_loss_abs=0.633           │
│actor/ratio=1.007                      │actor/ratio_abs=0.367                  │actor/total_loss=0.020                │
│                                                                                                                      │
╰──────────────────────────────────────────────────────────────────────────────────────────────────────────────────────╯

[36m(RolloutGroup(rank=0) pid=189388)[0m Generating Rollout Epochs:   0%|          | 0/1 [00:00<?, ?it/s]
[36m(RolloutGroup(rank=0) pid=189388)[0m Generating Rollout Epochs: 100%|██████████| 1/1 [01:09<00:00, 69.13s/it]Generating Rollout Epochs: 100%|██████████| 1/1 [01:09<00:00, 69.13s/it]

╭──────────────────────────────────────────────────────────────────────────────────────────────────────────────────────╮
├──────────────────────────────────────────────────── Metric Table ────────────────────────────────────────────────────┤
│ Global Step:   30/50 │ Progress: ████████████████████████░░░░░░░░░░░░░░░░ │  60.0%                                   │
│ Elapsed: 01:11:18 │ ETA: 47:32 │ Step Time: 142.606s                                                                 │
├──────────────────────────────────────────────────────── Time ────────────────────────────────────────────────────────┤
│                                                                                                                      │
│actor/actor/compute_adv=0.042          │actor/actor/recv_traj=77.667           │actor/actor/sync_model_to_rollout=6.3…│
│actor/run_training=39.207              │cal_adv_and_returns=0.046              │env/compute_bootstrap_rewards=8.38e-04│
│env/env/bootstrap_step=35.712          │env/env/send_obs=0.246                 │env/env/send_rollout_trajectories=0.5…│
│env/env_interact_step=15.419           │env/interact=76.976                    │env/recv_rollout_results=25.302       │
│env/run_interact_once=76.976           │generate_rollouts=88.975               │rollout/generate_one_epoch=69.130     │
│rollout/predict=24.372                 │rollout/rollout/generate=88.942        │rollout/rollout/recv_obs=44.679       │
│rollout/rollout/send_traj=0.013        │step=140.5                             │sync_weights=12.262                   │
│                                                                                                                      │
├──────────────────────────────────────────────────── Environment ─────────────────────────────────────────────────────┤
│                                                                                                                      │
│episode_len=120.0                      │num_trajectories=64                    │return=0.359375                       │
│reward=0.0038238503                    │success_once=0.359375                  │                                      │
│                                                                                                                      │
├────────────────────────────────────────────────────── Rollout ───────────────────────────────────────────────────────┤
│                                                                                                                      │
│advantages_max=1.620                   │advantages_mean=-0.073                 │advantages_min=-1.208                 │
│rewards=0.0043                         │                                       │                                      │
│                                                                                                                      │
├─────────────────────────────────────────────────── Training/Actor ───────────────────────────────────────────────────┤
│                                                                                                                      │
│actor/approx_kl=0.127                  │actor/clip_fraction=0.211              │actor/clipped_ratio=0.728             │
│actor/dual_cliped_ratio=0.0000         │actor/entropy_loss=0.0000              │actor/grad_norm=43.485                │
│actor/lr=3.00e-05                      │actor/policy_loss=0.055                │actor/policy_loss_abs=0.686           │
│actor/ratio=0.790                      │actor/ratio_abs=0.297                  │actor/total_loss=0.027                │
│                                                                                                                      │
╰──────────────────────────────────────────────────────────────────────────────────────────────────────────────────────╯

[36m(RolloutGroup(rank=0) pid=189388)[0m Generating Rollout Epochs:   0%|          | 0/1 [00:00<?, ?it/s]
[36m(RolloutGroup(rank=0) pid=189388)[0m Generating Rollout Epochs: 100%|██████████| 1/1 [01:11<00:00, 71.09s/it]Generating Rollout Epochs: 100%|██████████| 1/1 [01:11<00:00, 71.09s/it]

╭──────────────────────────────────────────────────────────────────────────────────────────────────────────────────────╮
├──────────────────────────────────────────────────── Metric Table ────────────────────────────────────────────────────┤
│ Global Step:   31/50 │ Progress: ████████████████████████░░░░░░░░░░░░░░░░ │  62.0%                                   │
│ Elapsed: 01:13:38 │ ETA: 45:08 │ Step Time: 142.547s                                                                 │
├──────────────────────────────────────────────────────── Time ────────────────────────────────────────────────────────┤
│                                                                                                                      │
│actor/actor/compute_adv=0.038          │actor/actor/recv_traj=77.982           │actor/actor/sync_model_to_rollout=6.3…│
│actor/run_training=39.514              │cal_adv_and_returns=0.043              │env/compute_bootstrap_rewards=7.73e-04│
│env/env/bootstrap_step=36.940          │env/env/send_obs=0.224                 │env/env/send_rollout_trajectories=0.6…│
│env/env_interact_step=15.184           │env/interact=77.376                    │env/recv_rollout_results=27.600       │
│env/run_interact_once=77.376           │generate_rollouts=89.886               │rollout/generate_one_epoch=71.090     │
│rollout/predict=26.701                 │rollout/rollout/generate=89.835        │rollout/rollout/recv_obs=46.960       │
│rollout/rollout/send_traj=0.011        │step=140.8                             │sync_weights=11.307                   │
│                                                                                                                      │
├──────────────────────────────────────────────────── Environment ─────────────────────────────────────────────────────┤
│                                                                                                                      │
│episode_len=120.0                      │num_trajectories=64                    │return=0.109375                       │
│reward=0.001023161                     │success_once=0.109375                  │                                      │
│                                                                                                                      │
├────────────────────────────────────────────────────── Rollout ───────────────────────────────────────────────────────┤
│                                                                                                                      │
│advantages_max=2.475                   │advantages_mean=-0.019                 │advantages_min=-0.725                 │
│rewards=0.0018                         │                                       │                                      │
│                                                                                                                      │
├─────────────────────────────────────────────────── Training/Actor ───────────────────────────────────────────────────┤
│                                                                                                                      │
│actor/approx_kl=0.037                  │actor/clip_fraction=0.149              │actor/clipped_ratio=0.489             │
│actor/dual_cliped_ratio=0.0000         │actor/entropy_loss=0.0000              │actor/grad_norm=20.881                │
│actor/lr=3.00e-05                      │actor/policy_loss=0.015                │actor/policy_loss_abs=0.272           │
│actor/ratio=0.508                      │actor/ratio_abs=0.151                  │actor/total_loss=0.0077               │
│                                                                                                                      │
╰──────────────────────────────────────────────────────────────────────────────────────────────────────────────────────╯

[36m(RolloutGroup(rank=0) pid=189388)[0m Generating Rollout Epochs:   0%|          | 0/1 [00:00<?, ?it/s]
[36m(RolloutGroup(rank=0) pid=189388)[0m Generating Rollout Epochs: 100%|██████████| 1/1 [01:08<00:00, 68.79s/it]Generating Rollout Epochs: 100%|██████████| 1/1 [01:08<00:00, 68.79s/it]

╭──────────────────────────────────────────────────────────────────────────────────────────────────────────────────────╮
├──────────────────────────────────────────────────── Metric Table ────────────────────────────────────────────────────┤
│ Global Step:   32/50 │ Progress: █████████████████████████░░░░░░░░░░░░░░░ │  64.0%                                   │
│ Elapsed: 01:16:01 │ ETA: 42:45 │ Step Time: 142.533s                                                                 │
├──────────────────────────────────────────────────────── Time ────────────────────────────────────────────────────────┤
│                                                                                                                      │
│actor/actor/compute_adv=0.044          │actor/actor/recv_traj=79.089           │actor/actor/sync_model_to_rollout=6.1…│
│actor/run_training=39.967              │cal_adv_and_returns=0.048              │env/compute_bootstrap_rewards=9.06e-04│
│env/env/bootstrap_step=39.195          │env/env/send_obs=0.214                 │env/env/send_rollout_trajectories=0.6…│
│env/env_interact_step=15.017           │env/interact=78.481                    │env/recv_rollout_results=27.640       │
│env/run_interact_once=78.480           │generate_rollouts=92.954               │rollout/generate_one_epoch=73.193     │
│rollout/predict=26.775                 │rollout/rollout/generate=92.901        │rollout/rollout/recv_obs=50.586       │
│rollout/rollout/send_traj=0.012        │step=142.1                             │sync_weights=9.109                    │
│                                                                                                                      │
├──────────────────────────────────────────────────── Environment ─────────────────────────────────────────────────────┤
│                                                                                                                      │
│episode_len=120.0                      │num_trajectories=64                    │return=0.546875                       │
│reward=0.0057851137                    │success_once=0.546875                  │                                      │
│                                                                                                                      │
├────────────────────────────────────────────────────── Rollout ───────────────────────────────────────────────────────┤
│                                                                                                                      │
│advantages_max=1.208                   │advantages_mean=-0.058                 │advantages_min=-2.475                 │
│rewards=0.0054                         │                                       │                                      │
│                                                                                                                      │
├─────────────────────────────────────────────────── Training/Actor ───────────────────────────────────────────────────┤
│                                                                                                                      │
│actor/approx_kl=0.220                  │actor/clip_fraction=0.272              │actor/clipped_ratio=0.969             │
│actor/dual_cliped_ratio=0.0000         │actor/entropy_loss=0.0000              │actor/grad_norm=38.892                │
│actor/lr=3.00e-05                      │actor/policy_loss=0.065                │actor/policy_loss_abs=0.713           │
│actor/ratio=1.012                      │actor/ratio_abs=0.384                  │actor/total_loss=0.033                │
│                                                                                                                      │
╰──────────────────────────────────────────────────────────────────────────────────────────────────────────────────────╯

[36m(RolloutGroup(rank=0) pid=189388)[0m Generating Rollout Epochs:   0%|          | 0/1 [00:00<?, ?it/s]
[36m(RolloutGroup(rank=0) pid=189388)[0m Generating Rollout Epochs: 100%|██████████| 1/1 [01:09<00:00, 69.97s/it]Generating Rollout Epochs: 100%|██████████| 1/1 [01:09<00:00, 69.97s/it]

╭──────────────────────────────────────────────────────────────────────────────────────────────────────────────────────╮
├──────────────────────────────────────────────────── Metric Table ────────────────────────────────────────────────────┤
│ Global Step:   33/50 │ Progress: ██████████████████████████░░░░░░░░░░░░░░ │  66.0%                                   │
│ Elapsed: 01:18:29 │ ETA: 40:26 │ Step Time: 142.713s                                                                 │
├──────────────────────────────────────────────────────── Time ────────────────────────────────────────────────────────┤
│                                                                                                                      │
│actor/actor/compute_adv=0.048          │actor/actor/recv_traj=79.125           │actor/actor/sync_model_to_rollout=6.2…│
│actor/run_training=42.429              │cal_adv_and_returns=0.052              │env/compute_bootstrap_rewards=7.74e-04│
│env/env/bootstrap_step=37.725          │env/env/send_obs=0.211                 │env/env/send_rollout_trajectories=0.5…│
│env/env_interact_step=15.589           │env/interact=78.485                    │env/recv_rollout_results=27.587       │
│env/run_interact_once=78.485           │generate_rollouts=94.376               │rollout/generate_one_epoch=70.838     │
│rollout/predict=26.724                 │rollout/rollout/generate=94.330        │rollout/rollout/recv_obs=47.449       │
│rollout/rollout/send_traj=0.011        │step=148.5                             │sync_weights=11.596                   │
│                                                                                                                      │
├──────────────────────────────────────────────────── Environment ─────────────────────────────────────────────────────┤
│                                                                                                                      │
│episode_len=120.0                      │num_trajectories=64                    │return=0.640625                       │
│reward=0.0068199644                    │success_once=0.640625                  │                                      │
│                                                                                                                      │
├────────────────────────────────────────────────────── Rollout ───────────────────────────────────────────────────────┤
│                                                                                                                      │
│advantages_max=2.475                   │advantages_mean=-0.073                 │advantages_min=-2.475                 │
│rewards=0.0060                         │                                       │                                      │
│                                                                                                                      │
├─────────────────────────────────────────────────── Training/Actor ───────────────────────────────────────────────────┤
│                                                                                                                      │
│actor/approx_kl=0.149                  │actor/clip_fraction=0.289              │actor/clipped_ratio=0.974             │
│actor/dual_cliped_ratio=0.0000         │actor/entropy_loss=0.0000              │actor/grad_norm=38.983                │
│actor/lr=3.00e-05                      │actor/policy_loss=0.035                │actor/policy_loss_abs=0.785           │
│actor/ratio=0.984                      │actor/ratio_abs=0.325                  │actor/total_loss=0.018                │
│                                                                                                                      │
╰──────────────────────────────────────────────────────────────────────────────────────────────────────────────────────╯

[36m(RolloutGroup(rank=0) pid=189388)[0m Generating Rollout Epochs:   0%|          | 0/1 [00:00<?, ?it/s]
[36m(RolloutGroup(rank=0) pid=189388)[0m Generating Rollout Epochs: 100%|██████████| 1/1 [01:10<00:00, 70.90s/it]Generating Rollout Epochs: 100%|██████████| 1/1 [01:10<00:00, 70.90s/it]

╭──────────────────────────────────────────────────────────────────────────────────────────────────────────────────────╮
├──────────────────────────────────────────────────── Metric Table ────────────────────────────────────────────────────┤
│ Global Step:   34/50 │ Progress: ███████████████████████████░░░░░░░░░░░░░ │  68.0%                                   │
│ Elapsed: 01:20:49 │ ETA: 38:02 │ Step Time: 142.634s                                                                 │
├──────────────────────────────────────────────────────── Time ────────────────────────────────────────────────────────┤
│                                                                                                                      │
│actor/actor/compute_adv=0.047          │actor/actor/recv_traj=76.948           │actor/actor/sync_model_to_rollout=6.6…│
│actor/run_training=39.623              │cal_adv_and_returns=0.050              │env/compute_bootstrap_rewards=8.34e-04│
│env/env/bootstrap_step=35.245          │env/env/send_obs=0.215                 │env/env/send_rollout_trajectories=0.7…│
│env/env_interact_step=15.318           │env/interact=76.290                    │env/recv_rollout_results=25.961       │
│env/run_interact_once=76.290           │generate_rollouts=88.532               │rollout/generate_one_epoch=70.902     │
│rollout/predict=25.040                 │rollout/rollout/generate=88.472        │rollout/rollout/recv_obs=47.111       │
│rollout/rollout/send_traj=0.011        │step=140.0                             │sync_weights=11.795                   │
│                                                                                                                      │
├──────────────────────────────────────────────────── Environment ─────────────────────────────────────────────────────┤
│                                                                                                                      │
│episode_len=120.0                      │num_trajectories=64                    │return=0.390625                       │
│reward=0.0038770437                    │success_once=0.390625                  │                                      │
│                                                                                                                      │
├────────────────────────────────────────────────────── Rollout ───────────────────────────────────────────────────────┤
│                                                                                                                      │
│advantages_max=1.208                   │advantages_mean=-0.046                 │advantages_min=-2.475                 │
│rewards=0.0044                         │                                       │                                      │
│                                                                                                                      │
├─────────────────────────────────────────────────── Training/Actor ───────────────────────────────────────────────────┤
│                                                                                                                      │
│actor/approx_kl=0.123                  │actor/clip_fraction=0.270              │actor/clipped_ratio=0.976             │
│actor/dual_cliped_ratio=0.0000         │actor/entropy_loss=0.0000              │actor/grad_norm=42.923                │
│actor/lr=3.00e-05                      │actor/policy_loss=0.045                │actor/policy_loss_abs=0.653           │
│actor/ratio=0.997                      │actor/ratio_abs=0.313                  │actor/total_loss=0.023                │
│                                                                                                                      │
╰──────────────────────────────────────────────────────────────────────────────────────────────────────────────────────╯

[36m(RolloutGroup(rank=0) pid=189388)[0m Generating Rollout Epochs:   0%|          | 0/1 [00:00<?, ?it/s]
[36m(RolloutGroup(rank=0) pid=189388)[0m Generating Rollout Epochs: 100%|██████████| 1/1 [01:10<00:00, 70.05s/it]Generating Rollout Epochs: 100%|██████████| 1/1 [01:10<00:00, 70.05s/it]

╭──────────────────────────────────────────────────────────────────────────────────────────────────────────────────────╮
├──────────────────────────────────────────────────── Metric Table ────────────────────────────────────────────────────┤
│ Global Step:   35/50 │ Progress: ████████████████████████████░░░░░░░░░░░░ │  70.0%                                   │
│ Elapsed: 01:23:13 │ ETA: 35:39 │ Step Time: 142.661s                                                                 │
├──────────────────────────────────────────────────────── Time ────────────────────────────────────────────────────────┤
│                                                                                                                      │
│actor/actor/compute_adv=0.039          │actor/actor/recv_traj=77.591           │actor/actor/sync_model_to_rollout=8.4…│
│actor/run_training=38.871              │cal_adv_and_returns=0.042              │env/compute_bootstrap_rewards=8.68e-04│
│env/env/bootstrap_step=36.502          │env/env/send_obs=0.234                 │env/env/send_rollout_trajectories=0.5…│
│env/env_interact_step=15.287           │env/interact=76.903                    │env/recv_rollout_results=27.928       │
│env/run_interact_once=76.903           │generate_rollouts=91.649               │rollout/generate_one_epoch=71.099     │
│rollout/predict=27.107                 │rollout/rollout/generate=91.582        │rollout/rollout/recv_obs=47.610       │
│rollout/rollout/send_traj=0.010        │step=143.6                             │sync_weights=12.989                   │
│                                                                                                                      │
├──────────────────────────────────────────────────── Environment ─────────────────────────────────────────────────────┤
│                                                                                                                      │
│episode_len=120.0                      │num_trajectories=64                    │return=0.21875                        │
│reward=0.0022444364                    │success_once=0.21875                   │                                      │
│                                                                                                                      │
├────────────────────────────────────────────────────── Rollout ───────────────────────────────────────────────────────┤
│                                                                                                                      │
│advantages_max=2.475                   │advantages_mean=-0.029                 │advantages_min=-1.208                 │
│rewards=0.0032                         │                                       │                                      │
│                                                                                                                      │
├─────────────────────────────────────────────────── Training/Actor ───────────────────────────────────────────────────┤
│                                                                                                                      │
│actor/approx_kl=0.161                  │actor/clip_fraction=0.179              │actor/clipped_ratio=0.476             │
│actor/dual_cliped_ratio=0.0000         │actor/entropy_loss=0.0000              │actor/grad_norm=16.474                │
│actor/lr=3.00e-05                      │actor/policy_loss=0.017                │actor/policy_loss_abs=0.182           │
│actor/ratio=0.461                      │actor/ratio_abs=0.191                  │actor/total_loss=0.0084               │
│                                                                                                                      │
╰──────────────────────────────────────────────────────────────────────────────────────────────────────────────────────╯

[36m(RolloutGroup(rank=0) pid=189388)[0m Generating Rollout Epochs:   0%|          | 0/1 [00:00<?, ?it/s]
[36m(RolloutGroup(rank=0) pid=189388)[0m Generating Rollout Epochs: 100%|██████████| 1/1 [01:12<00:00, 72.09s/it]Generating Rollout Epochs: 100%|██████████| 1/1 [01:12<00:00, 72.09s/it]

╭──────────────────────────────────────────────────────────────────────────────────────────────────────────────────────╮
├──────────────────────────────────────────────────── Metric Table ────────────────────────────────────────────────────┤
│ Global Step:   36/50 │ Progress: ████████████████████████████░░░░░░░░░░░░ │  72.0%                                   │
│ Elapsed: 01:25:35 │ ETA: 33:17 │ Step Time: 142.648s                                                                 │
├──────────────────────────────────────────────────────── Time ────────────────────────────────────────────────────────┤
│                                                                                                                      │
│actor/actor/compute_adv=0.047          │actor/actor/recv_traj=78.746           │actor/actor/sync_model_to_rollout=6.1…│
│actor/run_training=39.970              │cal_adv_and_returns=0.050              │env/compute_bootstrap_rewards=9.63e-04│
│env/env/bootstrap_step=37.633          │env/env/send_obs=0.209                 │env/env/send_rollout_trajectories=0.8…│
│env/env_interact_step=15.928           │env/interact=78.130                    │env/recv_rollout_results=27.877       │
│env/run_interact_once=78.130           │generate_rollouts=92.529               │rollout/generate_one_epoch=72.505     │
│rollout/predict=26.928                 │rollout/rollout/generate=92.463        │rollout/rollout/recv_obs=49.291       │
│rollout/rollout/send_traj=0.013        │step=142.2                             │sync_weights=9.628                    │
│                                                                                                                      │
├──────────────────────────────────────────────────── Environment ─────────────────────────────────────────────────────┤
│                                                                                                                      │
│episode_len=120.0                      │num_trajectories=64                    │return=0.265625                       │
│reward=0.0026273935                    │success_once=0.265625                  │                                      │
│                                                                                                                      │
├────────────────────────────────────────────────────── Rollout ───────────────────────────────────────────────────────┤
│                                                                                                                      │
│advantages_max=1.208                   │advantages_mean=-0.016                 │advantages_min=-1.620                 │
│rewards=0.0048                         │                                       │                                      │
│                                                                                                                      │
├─────────────────────────────────────────────────── Training/Actor ───────────────────────────────────────────────────┤
│                                                                                                                      │
│actor/approx_kl=0.025                  │actor/clip_fraction=0.167              │actor/clipped_ratio=0.493             │
│actor/dual_cliped_ratio=0.0000         │actor/entropy_loss=0.0000              │actor/grad_norm=17.564                │
│actor/lr=3.00e-05                      │actor/policy_loss=0.014                │actor/policy_loss_abs=0.224           │
│actor/ratio=0.527                      │actor/ratio_abs=0.174                  │actor/total_loss=0.0069               │
│                                                                                                                      │
╰──────────────────────────────────────────────────────────────────────────────────────────────────────────────────────╯

[36m(RolloutGroup(rank=0) pid=189388)[0m Generating Rollout Epochs:   0%|          | 0/1 [00:00<?, ?it/s]
[36m(RolloutGroup(rank=0) pid=189388)[0m Generating Rollout Epochs: 100%|██████████| 1/1 [01:10<00:00, 70.27s/it]Generating Rollout Epochs: 100%|██████████| 1/1 [01:10<00:00, 70.27s/it]

╭──────────────────────────────────────────────────────────────────────────────────────────────────────────────────────╮
├──────────────────────────────────────────────────── Metric Table ────────────────────────────────────────────────────┤
│ Global Step:   37/50 │ Progress: █████████████████████████████░░░░░░░░░░░ │  74.0%                                   │
│ Elapsed: 01:27:53 │ ETA: 30:52 │ Step Time: 142.520s                                                                 │
├──────────────────────────────────────────────────────── Time ────────────────────────────────────────────────────────┤
│                                                                                                                      │
│actor/actor/compute_adv=0.040          │actor/actor/recv_traj=77.176           │actor/actor/sync_model_to_rollout=5.9…│
│actor/run_training=40.394              │cal_adv_and_returns=0.042              │env/compute_bootstrap_rewards=8.66e-04│
│env/env/bootstrap_step=35.941          │env/env/send_obs=0.267                 │env/env/send_rollout_trajectories=0.6…│
│env/env_interact_step=15.717           │env/interact=76.588                    │env/recv_rollout_results=25.593       │
│env/run_interact_once=76.588           │generate_rollouts=88.861               │rollout/generate_one_epoch=70.507     │
│rollout/predict=24.706                 │rollout/rollout/generate=88.812        │rollout/rollout/recv_obs=47.909       │
│rollout/rollout/send_traj=0.012        │step=137.9                             │sync_weights=8.600                    │
│                                                                                                                      │
├──────────────────────────────────────────────────── Environment ─────────────────────────────────────────────────────┤
│                                                                                                                      │
│episode_len=120.0                      │num_trajectories=64                    │return=0.296875                       │
│reward=0.0027843532                    │success_once=0.296875                  │                                      │
│                                                                                                                      │
├────────────────────────────────────────────────────── Rollout ───────────────────────────────────────────────────────┤
│                                                                                                                      │
│advantages_max=1.208                   │advantages_mean=-0.035                 │advantages_min=-0.935                 │
│rewards=0.0039                         │                                       │                                      │
│                                                                                                                      │
├─────────────────────────────────────────────────── Training/Actor ───────────────────────────────────────────────────┤
│                                                                                                                      │
│actor/approx_kl=0.210                  │actor/clip_fraction=0.276              │actor/clipped_ratio=0.962             │
│actor/dual_cliped_ratio=0.0000         │actor/entropy_loss=0.0000              │actor/grad_norm=38.302                │
│actor/lr=3.00e-05                      │actor/policy_loss=0.044                │actor/policy_loss_abs=0.576           │
│actor/ratio=1.003                      │actor/ratio_abs=0.346                  │actor/total_loss=0.022                │
│                                                                                                                      │
╰──────────────────────────────────────────────────────────────────────────────────────────────────────────────────────╯

[36m(RolloutGroup(rank=0) pid=189388)[0m Generating Rollout Epochs:   0%|          | 0/1 [00:00<?, ?it/s]
[36m(RolloutGroup(rank=0) pid=189388)[0m Generating Rollout Epochs: 100%|██████████| 1/1 [01:06<00:00, 66.02s/it]Generating Rollout Epochs: 100%|██████████| 1/1 [01:06<00:00, 66.02s/it]

╭──────────────────────────────────────────────────────────────────────────────────────────────────────────────────────╮
├──────────────────────────────────────────────────── Metric Table ────────────────────────────────────────────────────┤
│ Global Step:   38/50 │ Progress: ██████████████████████████████░░░░░░░░░░ │  76.0%                                   │
│ Elapsed: 01:30:13 │ ETA: 28:29 │ Step Time: 142.471s                                                                 │
├──────────────────────────────────────────────────────── Time ────────────────────────────────────────────────────────┤
│                                                                                                                      │
│actor/actor/compute_adv=0.046          │actor/actor/recv_traj=74.840           │actor/actor/sync_model_to_rollout=6.4…│
│actor/run_training=42.158              │cal_adv_and_returns=0.049              │env/compute_bootstrap_rewards=9.26e-04│
│env/env/bootstrap_step=33.653          │env/env/send_obs=0.230                 │env/env/send_rollout_trajectories=0.6…│
│env/env_interact_step=15.446           │env/interact=74.256                    │env/recv_rollout_results=27.470       │
│env/run_interact_once=74.256           │generate_rollouts=86.243               │rollout/generate_one_epoch=67.762     │
│rollout/predict=26.604                 │rollout/rollout/generate=86.170        │rollout/rollout/recv_obs=44.440       │
│rollout/rollout/send_traj=0.010        │step=140.6                             │sync_weights=12.194                   │
│                                                                                                                      │
├──────────────────────────────────────────────────── Environment ─────────────────────────────────────────────────────┤
│                                                                                                                      │
│episode_len=120.0                      │num_trajectories=64                    │return=0.296875                       │
│reward=0.0029434576                    │success_once=0.296875                  │                                      │
│                                                                                                                      │
├────────────────────────────────────────────────────── Rollout ───────────────────────────────────────────────────────┤
│                                                                                                                      │
│advantages_max=2.475                   │advantages_mean=-0.039                 │advantages_min=-2.475                 │
│rewards=0.0042                         │                                       │                                      │
│                                                                                                                      │
├─────────────────────────────────────────────────── Training/Actor ───────────────────────────────────────────────────┤
│                                                                                                                      │
│actor/approx_kl=0.152                  │actor/clip_fraction=0.283              │actor/clipped_ratio=0.984             │
│actor/dual_cliped_ratio=0.0000         │actor/entropy_loss=0.0000              │actor/grad_norm=29.289                │
│actor/lr=3.00e-05                      │actor/policy_loss=0.035                │actor/policy_loss_abs=0.463           │
│actor/ratio=0.997                      │actor/ratio_abs=0.335                  │actor/total_loss=0.018                │
│                                                                                                                      │
╰──────────────────────────────────────────────────────────────────────────────────────────────────────────────────────╯

[36m(RolloutGroup(rank=0) pid=189388)[0m Generating Rollout Epochs:   0%|          | 0/1 [00:00<?, ?it/s]
[36m(RolloutGroup(rank=0) pid=189388)[0m Generating Rollout Epochs: 100%|██████████| 1/1 [01:07<00:00, 67.03s/it]Generating Rollout Epochs: 100%|██████████| 1/1 [01:07<00:00, 67.03s/it]

╭──────────────────────────────────────────────────────────────────────────────────────────────────────────────────────╮
├──────────────────────────────────────────────────── Metric Table ────────────────────────────────────────────────────┤
│ Global Step:   39/50 │ Progress: ███████████████████████████████░░░░░░░░░ │  78.0%                                   │
│ Elapsed: 01:32:40 │ ETA: 26:08 │ Step Time: 142.576s                                                                 │
├──────────────────────────────────────────────────────── Time ────────────────────────────────────────────────────────┤
│                                                                                                                      │
│actor/actor/compute_adv=0.046          │actor/actor/recv_traj=80.415           │actor/actor/sync_model_to_rollout=6.2…│
│actor/run_training=39.499              │cal_adv_and_returns=0.050              │env/compute_bootstrap_rewards=7.96e-04│
│env/env/bootstrap_step=39.039          │env/env/send_obs=0.192                 │env/env/send_rollout_trajectories=0.7…│
│env/env_interact_step=15.513           │env/interact=79.790                    │env/recv_rollout_results=27.383       │
│env/run_interact_once=79.790           │generate_rollouts=95.721               │rollout/generate_one_epoch=73.208     │
│rollout/predict=26.644                 │rollout/rollout/generate=95.661        │rollout/rollout/recv_obs=49.388       │
│rollout/rollout/send_traj=0.015        │step=146.5                             │sync_weights=11.274                   │
│                                                                                                                      │
├──────────────────────────────────────────────────── Environment ─────────────────────────────────────────────────────┤
│                                                                                                                      │
│episode_len=120.0                      │num_trajectories=64                    │return=0.546875                       │
│reward=0.0053066756                    │success_once=0.546875                  │                                      │
│                                                                                                                      │
├────────────────────────────────────────────────────── Rollout ───────────────────────────────────────────────────────┤
│                                                                                                                      │
│advantages_max=1.208                   │advantages_mean=-0.033                 │advantages_min=-2.475                 │
│rewards=0.0055                         │                                       │                                      │
│                                                                                                                      │
├─────────────────────────────────────────────────── Training/Actor ───────────────────────────────────────────────────┤
│                                                                                                                      │
│actor/approx_kl=0.133                  │actor/clip_fraction=0.299              │actor/clipped_ratio=0.971             │
│actor/dual_cliped_ratio=0.0000         │actor/entropy_loss=0.0000              │actor/grad_norm=40.400                │
│actor/lr=3.00e-05                      │actor/policy_loss=0.022                │actor/policy_loss_abs=0.674           │
│actor/ratio=0.983                      │actor/ratio_abs=0.317                  │actor/total_loss=0.011                │
│                                                                                                                      │
╰──────────────────────────────────────────────────────────────────────────────────────────────────────────────────────╯

[36m(RolloutGroup(rank=0) pid=189388)[0m Generating Rollout Epochs:   0%|          | 0/1 [00:00<?, ?it/s]
[36m(RolloutGroup(rank=0) pid=189388)[0m Generating Rollout Epochs: 100%|██████████| 1/1 [01:06<00:00, 66.39s/it]Generating Rollout Epochs: 100%|██████████| 1/1 [01:06<00:00, 66.39s/it]

╭──────────────────────────────────────────────────────────────────────────────────────────────────────────────────────╮
├──────────────────────────────────────────────────── Metric Table ────────────────────────────────────────────────────┤
│ Global Step:   40/50 │ Progress: ████████████████████████████████░░░░░░░░ │  80.0%                                   │
│ Elapsed: 01:35:00 │ ETA: 23:45 │ Step Time: 142.504s                                                                 │
├──────────────────────────────────────────────────────── Time ────────────────────────────────────────────────────────┤
│                                                                                                                      │
│actor/actor/compute_adv=0.043          │actor/actor/recv_traj=76.363           │actor/actor/sync_model_to_rollout=6.5…│
│actor/run_training=39.786              │cal_adv_and_returns=0.047              │env/compute_bootstrap_rewards=8.49e-04│
│env/env/bootstrap_step=36.080          │env/env/send_obs=0.218                 │env/env/send_rollout_trajectories=0.7…│
│env/env_interact_step=15.434           │env/interact=75.717                    │env/recv_rollout_results=26.826       │
│env/run_interact_once=75.717           │generate_rollouts=87.556               │rollout/generate_one_epoch=69.967     │
│rollout/predict=25.894                 │rollout/rollout/generate=87.497        │rollout/rollout/recv_obs=47.200       │
│rollout/rollout/send_traj=0.012        │step=139.7                             │sync_weights=12.274                   │
│                                                                                                                      │
├──────────────────────────────────────────────────── Environment ─────────────────────────────────────────────────────┤
│                                                                                                                      │
│episode_len=120.0                      │num_trajectories=64                    │return=0.3125                         │
│reward=0.0034041079                    │success_once=0.3125                    │                                      │
│                                                                                                                      │
├────────────────────────────────────────────────────── Rollout ───────────────────────────────────────────────────────┤
│                                                                                                                      │
│advantages_max=1.620                   │advantages_mean=-0.052                 │advantages_min=-2.475                 │
│rewards=0.0056                         │                                       │                                      │
│                                                                                                                      │
├─────────────────────────────────────────────────── Training/Actor ───────────────────────────────────────────────────┤
│                                                                                                                      │
│actor/approx_kl=0.118                  │actor/clip_fraction=0.227              │actor/clipped_ratio=0.722             │
│actor/dual_cliped_ratio=0.0000         │actor/entropy_loss=0.0000              │actor/grad_norm=28.343                │
│actor/lr=3.00e-05                      │actor/policy_loss=0.022                │actor/policy_loss_abs=0.377           │
│actor/ratio=0.713                      │actor/ratio_abs=0.233                  │actor/total_loss=0.011                │
│                                                                                                                      │
╰──────────────────────────────────────────────────────────────────────────────────────────────────────────────────────╯

[36m(RolloutGroup(rank=0) pid=189388)[0m Generating Rollout Epochs:   0%|          | 0/1 [00:00<?, ?it/s]
[36m(RolloutGroup(rank=0) pid=189388)[0m Generating Rollout Epochs: 100%|██████████| 1/1 [01:08<00:00, 68.89s/it]Generating Rollout Epochs: 100%|██████████| 1/1 [01:08<00:00, 68.89s/it]

╭──────────────────────────────────────────────────────────────────────────────────────────────────────────────────────╮
├──────────────────────────────────────────────────── Metric Table ────────────────────────────────────────────────────┤
│ Global Step:   41/50 │ Progress: ████████████████████████████████░░░░░░░░ │  82.0%                                   │
│ Elapsed: 01:37:20 │ ETA: 21:21 │ Step Time: 142.441s                                                                 │
├──────────────────────────────────────────────────────── Time ────────────────────────────────────────────────────────┤
│                                                                                                                      │
│actor/actor/compute_adv=0.045          │actor/actor/recv_traj=75.340           │actor/actor/sync_model_to_rollout=6.6…│
│actor/run_training=40.811              │cal_adv_and_returns=0.048              │env/compute_bootstrap_rewards=9.09e-04│
│env/env/bootstrap_step=34.824          │env/env/send_obs=0.262                 │env/env/send_rollout_trajectories=0.8…│
│env/env_interact_step=15.014           │env/interact=74.711                    │env/recv_rollout_results=24.733       │
│env/run_interact_once=74.711           │generate_rollouts=88.594               │rollout/generate_one_epoch=69.163     │
│rollout/predict=23.911                 │rollout/rollout/generate=88.545        │rollout/rollout/recv_obs=46.236       │
│rollout/rollout/send_traj=0.012        │step=139.9                             │sync_weights=10.441                   │
│                                                                                                                      │
├──────────────────────────────────────────────────── Environment ─────────────────────────────────────────────────────┤
│                                                                                                                      │
│episode_len=120.0                      │num_trajectories=64                    │return=0.171875                       │
│reward=0.0016387498                    │success_once=0.171875                  │                                      │
│                                                                                                                      │
├────────────────────────────────────────────────────── Rollout ───────────────────────────────────────────────────────┤
│                                                                                                                      │
│advantages_max=1.208                   │advantages_mean=-0.036                 │advantages_min=-1.620                 │
│rewards=0.0050                         │                                       │                                      │
│                                                                                                                      │
├─────────────────────────────────────────────────── Training/Actor ───────────────────────────────────────────────────┤
│                                                                                                                      │
│actor/approx_kl=0.022                  │actor/clip_fraction=0.177              │actor/clipped_ratio=0.492             │
│actor/dual_cliped_ratio=0.0000         │actor/entropy_loss=0.0000              │actor/grad_norm=16.670                │
│actor/lr=3.00e-05                      │actor/policy_loss=0.0067               │actor/policy_loss_abs=0.216           │
│actor/ratio=0.540                      │actor/ratio_abs=0.181                  │actor/total_loss=0.0034               │
│                                                                                                                      │
╰──────────────────────────────────────────────────────────────────────────────────────────────────────────────────────╯

[36m(RolloutGroup(rank=0) pid=189388)[0m Generating Rollout Epochs:   0%|          | 0/1 [00:00<?, ?it/s]
[36m(RolloutGroup(rank=0) pid=189388)[0m Generating Rollout Epochs: 100%|██████████| 1/1 [01:07<00:00, 67.69s/it]Generating Rollout Epochs: 100%|██████████| 1/1 [01:07<00:00, 67.69s/it]

╭──────────────────────────────────────────────────────────────────────────────────────────────────────────────────────╮
├──────────────────────────────────────────────────── Metric Table ────────────────────────────────────────────────────┤
│ Global Step:   42/50 │ Progress: █████████████████████████████████░░░░░░░ │  84.0%                                   │
│ Elapsed: 01:39:43 │ ETA: 18:59 │ Step Time: 142.474s                                                                 │
├──────────────────────────────────────────────────────── Time ────────────────────────────────────────────────────────┤
│                                                                                                                      │
│actor/actor/compute_adv=0.048          │actor/actor/recv_traj=79.505           │actor/actor/sync_model_to_rollout=5.8…│
│actor/run_training=40.266              │cal_adv_and_returns=0.050              │env/compute_bootstrap_rewards=7.56e-04│
│env/env/bootstrap_step=37.974          │env/env/send_obs=0.231                 │env/env/send_rollout_trajectories=0.7…│
│env/env_interact_step=15.607           │env/interact=78.860                    │env/recv_rollout_results=27.571       │
│env/run_interact_once=78.860           │generate_rollouts=94.615               │rollout/generate_one_epoch=71.937     │
│rollout/predict=26.618                 │rollout/rollout/generate=94.566        │rollout/rollout/recv_obs=48.683       │
│rollout/rollout/send_traj=0.012        │step=143.8                             │sync_weights=8.848                    │
│                                                                                                                      │
├──────────────────────────────────────────────────── Environment ─────────────────────────────────────────────────────┤
│                                                                                                                      │
│episode_len=120.0                      │num_trajectories=64                    │return=0.375                          │
│reward=0.003799703                     │success_once=0.375                     │                                      │
│                                                                                                                      │
├────────────────────────────────────────────────────── Rollout ───────────────────────────────────────────────────────┤
│                                                                                                                      │
│advantages_max=1.208                   │advantages_mean=-0.056                 │advantages_min=-2.475                 │
│rewards=0.0052                         │                                       │                                      │
│                                                                                                                      │
├─────────────────────────────────────────────────── Training/Actor ───────────────────────────────────────────────────┤
│                                                                                                                      │
│actor/approx_kl=0.146                  │actor/clip_fraction=0.238              │actor/clipped_ratio=0.960             │
│actor/dual_cliped_ratio=0.0000         │actor/entropy_loss=0.0000              │actor/grad_norm=36.369                │
│actor/lr=3.00e-05                      │actor/policy_loss=0.033                │actor/policy_loss_abs=0.522           │
│actor/ratio=0.968                      │actor/ratio_abs=0.283                  │actor/total_loss=0.016                │
│                                                                                                                      │
╰──────────────────────────────────────────────────────────────────────────────────────────────────────────────────────╯

[36m(RolloutGroup(rank=0) pid=189388)[0m Generating Rollout Epochs:   0%|          | 0/1 [00:00<?, ?it/s]
[36m(RolloutGroup(rank=0) pid=189388)[0m Generating Rollout Epochs: 100%|██████████| 1/1 [01:06<00:00, 66.46s/it]Generating Rollout Epochs: 100%|██████████| 1/1 [01:06<00:00, 66.46s/it]

╭──────────────────────────────────────────────────────────────────────────────────────────────────────────────────────╮
├──────────────────────────────────────────────────── Metric Table ────────────────────────────────────────────────────┤
│ Global Step:   43/50 │ Progress: ██████████████████████████████████░░░░░░ │  86.0%                                   │
│ Elapsed: 01:42:07 │ ETA: 16:37 │ Step Time: 142.510s                                                                 │
├──────────────────────────────────────────────────────── Time ────────────────────────────────────────────────────────┤
│                                                                                                                      │
│actor/actor/compute_adv=0.041          │actor/actor/recv_traj=77.311           │actor/actor/sync_model_to_rollout=6.5…│
│actor/run_training=40.830              │cal_adv_and_returns=0.044              │env/compute_bootstrap_rewards=7.99e-04│
│env/env/bootstrap_step=37.232          │env/env/send_obs=0.232                 │env/env/send_rollout_trajectories=0.8…│
│env/env_interact_step=15.428           │env/interact=76.703                    │env/recv_rollout_results=26.912       │
│env/run_interact_once=76.702           │generate_rollouts=90.842               │rollout/generate_one_epoch=68.720     │
│rollout/predict=25.961                 │rollout/rollout/generate=90.775        │rollout/rollout/recv_obs=46.155       │
│rollout/rollout/send_traj=0.011        │step=144.0                             │sync_weights=12.301                   │
│                                                                                                                      │
├──────────────────────────────────────────────────── Environment ─────────────────────────────────────────────────────┤
│                                                                                                                      │
│episode_len=120.0                      │num_trajectories=64                    │return=0.296875                       │
│reward=0.0031089801                    │success_once=0.296875                  │                                      │
│                                                                                                                      │
├────────────────────────────────────────────────────── Rollout ───────────────────────────────────────────────────────┤
│                                                                                                                      │
│advantages_max=2.475                   │advantages_mean=-0.047                 │advantages_min=-2.475                 │
│rewards=0.0052                         │                                       │                                      │
│                                                                                                                      │
├─────────────────────────────────────────────────── Training/Actor ───────────────────────────────────────────────────┤
│                                                                                                                      │
│actor/approx_kl=0.121                  │actor/clip_fraction=0.210              │actor/clipped_ratio=0.712             │
│actor/dual_cliped_ratio=0.0000         │actor/entropy_loss=0.0000              │actor/grad_norm=26.239                │
│actor/lr=3.00e-05                      │actor/policy_loss=0.028                │actor/policy_loss_abs=0.342           │
│actor/ratio=0.723                      │actor/ratio_abs=0.241                  │actor/total_loss=0.014                │
│                                                                                                                      │
╰──────────────────────────────────────────────────────────────────────────────────────────────────────────────────────╯

[36m(RolloutGroup(rank=0) pid=189388)[0m Generating Rollout Epochs:   0%|          | 0/1 [00:00<?, ?it/s]
[36m(RolloutGroup(rank=0) pid=189388)[0m Generating Rollout Epochs: 100%|██████████| 1/1 [01:07<00:00, 67.19s/it]Generating Rollout Epochs: 100%|██████████| 1/1 [01:07<00:00, 67.19s/it]

╭──────────────────────────────────────────────────────────────────────────────────────────────────────────────────────╮
├──────────────────────────────────────────────────── Metric Table ────────────────────────────────────────────────────┤
│ Global Step:   44/50 │ Progress: ███████████████████████████████████░░░░░ │  88.0%                                   │
│ Elapsed: 01:44:28 │ ETA: 14:14 │ Step Time: 142.465s                                                                 │
├──────────────────────────────────────────────────────── Time ────────────────────────────────────────────────────────┤
│                                                                                                                      │
│actor/actor/compute_adv=0.055          │actor/actor/recv_traj=75.582           │actor/actor/sync_model_to_rollout=6.2…│
│actor/run_training=40.269              │cal_adv_and_returns=0.059              │env/compute_bootstrap_rewards=7.76e-04│
│env/env/bootstrap_step=34.919          │env/env/send_obs=0.262                 │env/env/send_rollout_trajectories=0.7…│
│env/env_interact_step=15.598           │env/interact=74.968                    │env/recv_rollout_results=26.677       │
│env/run_interact_once=74.968           │generate_rollouts=89.648               │rollout/generate_one_epoch=69.417     │
│rollout/predict=25.805                 │rollout/rollout/generate=89.580        │rollout/rollout/recv_obs=46.098       │
│rollout/rollout/send_traj=0.012        │step=140.5                             │sync_weights=10.515                   │
│                                                                                                                      │
├──────────────────────────────────────────────────── Environment ─────────────────────────────────────────────────────┤
│                                                                                                                      │
│episode_len=120.0                      │num_trajectories=64                    │return=0.5                            │
│reward=0.005061197                     │success_once=0.5                       │                                      │
│                                                                                                                      │
├────────────────────────────────────────────────────── Rollout ───────────────────────────────────────────────────────┤
│                                                                                                                      │
│advantages_max=2.475                   │advantages_mean=-0.044                 │advantages_min=-2.475                 │
│rewards=0.0049                         │                                       │                                      │
│                                                                                                                      │
├─────────────────────────────────────────────────── Training/Actor ───────────────────────────────────────────────────┤
│                                                                                                                      │
│actor/approx_kl=0.145                  │actor/clip_fraction=0.267              │actor/clipped_ratio=0.963             │
│actor/dual_cliped_ratio=0.0000         │actor/entropy_loss=0.0000              │actor/grad_norm=44.635                │
│actor/lr=3.00e-05                      │actor/policy_loss=0.068                │actor/policy_loss_abs=0.682           │
│actor/ratio=0.977                      │actor/ratio_abs=0.312                  │actor/total_loss=0.034                │
│                                                                                                                      │
╰──────────────────────────────────────────────────────────────────────────────────────────────────────────────────────╯

[36m(RolloutGroup(rank=0) pid=189388)[0m Generating Rollout Epochs:   0%|          | 0/1 [00:00<?, ?it/s]
[36m(RolloutGroup(rank=0) pid=189388)[0m Generating Rollout Epochs: 100%|██████████| 1/1 [01:10<00:00, 70.80s/it]Generating Rollout Epochs: 100%|██████████| 1/1 [01:10<00:00, 70.80s/it]

╭──────────────────────────────────────────────────────────────────────────────────────────────────────────────────────╮
├──────────────────────────────────────────────────── Metric Table ────────────────────────────────────────────────────┤
│ Global Step:   45/50 │ Progress: ████████████████████████████████████░░░░ │  90.0%                                   │
│ Elapsed: 01:46:52 │ ETA: 11:52 │ Step Time: 142.501s                                                                 │
├──────────────────────────────────────────────────────── Time ────────────────────────────────────────────────────────┤
│                                                                                                                      │
│actor/actor/compute_adv=0.044          │actor/actor/recv_traj=79.671           │actor/actor/sync_model_to_rollout=6.0…│
│actor/run_training=40.759              │cal_adv_and_returns=0.047              │env/compute_bootstrap_rewards=7.34e-04│
│env/env/bootstrap_step=38.962          │env/env/send_obs=0.223                 │env/env/send_rollout_trajectories=0.6…│
│env/env_interact_step=14.993           │env/interact=79.096                    │env/recv_rollout_results=27.312       │
│env/run_interact_once=79.096           │generate_rollouts=91.105               │rollout/generate_one_epoch=70.800     │
│rollout/predict=26.290                 │rollout/rollout/generate=91.045        │rollout/rollout/recv_obs=47.002       │
│rollout/rollout/send_traj=0.011        │step=144.0                             │sync_weights=12.135                   │
│                                                                                                                      │
├──────────────────────────────────────────────────── Environment ─────────────────────────────────────────────────────┤
│                                                                                                                      │
│episode_len=120.0                      │num_trajectories=64                    │return=0.59375                        │
│reward=0.0059313304                    │success_once=0.59375                   │                                      │
│                                                                                                                      │
├────────────────────────────────────────────────────── Rollout ───────────────────────────────────────────────────────┤
│                                                                                                                      │
│advantages_max=2.475                   │advantages_mean=-0.042                 │advantages_min=-1.620                 │
│rewards=0.0048                         │                                       │                                      │
│                                                                                                                      │
├─────────────────────────────────────────────────── Training/Actor ───────────────────────────────────────────────────┤
│                                                                                                                      │
│actor/approx_kl=0.141                  │actor/clip_fraction=0.297              │actor/clipped_ratio=0.969             │
│actor/dual_cliped_ratio=0.0000         │actor/entropy_loss=0.0000              │actor/grad_norm=57.464                │
│actor/lr=3.00e-05                      │actor/policy_loss=0.059                │actor/policy_loss_abs=0.657           │
│actor/ratio=1.005                      │actor/ratio_abs=0.350                  │actor/total_loss=0.030                │
│                                                                                                                      │
╰──────────────────────────────────────────────────────────────────────────────────────────────────────────────────────╯

[36m(RolloutGroup(rank=0) pid=189388)[0m Generating Rollout Epochs:   0%|          | 0/1 [00:00<?, ?it/s]
[36m(RolloutGroup(rank=0) pid=189388)[0m Generating Rollout Epochs: 100%|██████████| 1/1 [01:08<00:00, 68.92s/it]Generating Rollout Epochs: 100%|██████████| 1/1 [01:08<00:00, 68.92s/it]

╭──────────────────────────────────────────────────────────────────────────────────────────────────────────────────────╮
├──────────────────────────────────────────────────── Metric Table ────────────────────────────────────────────────────┤
│ Global Step:   46/50 │ Progress: ████████████████████████████████████░░░░ │  92.0%                                   │
│ Elapsed: 01:49:14 │ ETA: 09:29 │ Step Time: 142.499s                                                                 │
├──────────────────────────────────────────────────────── Time ────────────────────────────────────────────────────────┤
│                                                                                                                      │
│actor/actor/compute_adv=0.048          │actor/actor/recv_traj=75.682           │actor/actor/sync_model_to_rollout=6.3…│
│actor/run_training=39.718              │cal_adv_and_returns=0.051              │env/compute_bootstrap_rewards=8.34e-04│
│env/env/bootstrap_step=34.640          │env/env/send_obs=0.224                 │env/env/send_rollout_trajectories=0.7…│
│env/env_interact_step=15.448           │env/interact=75.109                    │env/recv_rollout_results=27.310       │
│env/run_interact_once=75.109           │generate_rollouts=90.638               │rollout/generate_one_epoch=68.916     │
│rollout/predict=26.325                 │rollout/rollout/generate=90.556        │rollout/rollout/recv_obs=44.860       │
│rollout/rollout/send_traj=0.013        │step=142.4                             │sync_weights=11.995                   │
│                                                                                                                      │
├──────────────────────────────────────────────────── Environment ─────────────────────────────────────────────────────┤
│                                                                                                                      │
│episode_len=120.0                      │num_trajectories=64                    │return=0.234375                       │
│reward=0.0023183112                    │success_once=0.234375                  │                                      │
│                                                                                                                      │
├────────────────────────────────────────────────────── Rollout ───────────────────────────────────────────────────────┤
│                                                                                                                      │
│advantages_max=2.475                   │advantages_mean=-0.028                 │advantages_min=-1.620                 │
│rewards=0.0030                         │                                       │                                      │
│                                                                                                                      │
├─────────────────────────────────────────────────── Training/Actor ───────────────────────────────────────────────────┤
│                                                                                                                      │
│actor/approx_kl=0.096                  │actor/clip_fraction=0.209              │actor/clipped_ratio=0.734             │
│actor/dual_cliped_ratio=0.0000         │actor/entropy_loss=0.0000              │actor/grad_norm=31.252                │
│actor/lr=3.00e-05                      │actor/policy_loss=0.037                │actor/policy_loss_abs=0.500           │
│actor/ratio=0.774                      │actor/ratio_abs=0.282                  │actor/total_loss=0.018                │
│                                                                                                                      │
╰──────────────────────────────────────────────────────────────────────────────────────────────────────────────────────╯

[36m(RolloutGroup(rank=0) pid=189388)[0m Generating Rollout Epochs:   0%|          | 0/1 [00:00<?, ?it/s]
[36m(RolloutGroup(rank=0) pid=189388)[0m Generating Rollout Epochs: 100%|██████████| 1/1 [01:07<00:00, 67.78s/it]Generating Rollout Epochs: 100%|██████████| 1/1 [01:07<00:00, 67.78s/it]

╭──────────────────────────────────────────────────────────────────────────────────────────────────────────────────────╮
├──────────────────────────────────────────────────── Metric Table ────────────────────────────────────────────────────┤
│ Global Step:   47/50 │ Progress: █████████████████████████████████████░░░ │  94.0%                                   │
│ Elapsed: 01:51:36 │ ETA: 07:07 │ Step Time: 142.475s                                                                 │
├──────────────────────────────────────────────────────── Time ────────────────────────────────────────────────────────┤
│                                                                                                                      │
│actor/actor/compute_adv=0.044          │actor/actor/recv_traj=77.612           │actor/actor/sync_model_to_rollout=6.8…│
│actor/run_training=39.643              │cal_adv_and_returns=0.048              │env/compute_bootstrap_rewards=7.88e-04│
│env/env/bootstrap_step=36.166          │env/env/send_obs=0.263                 │env/env/send_rollout_trajectories=0.6…│
│env/env_interact_step=15.262           │env/interact=76.960                    │env/recv_rollout_results=27.654       │
│env/run_interact_once=76.960           │generate_rollouts=90.291               │rollout/generate_one_epoch=71.699     │
│rollout/predict=26.767                 │rollout/rollout/generate=90.218        │rollout/rollout/recv_obs=47.906       │
│rollout/rollout/send_traj=0.011        │step=141.3                             │sync_weights=11.360                   │
│                                                                                                                      │
├──────────────────────────────────────────────────── Environment ─────────────────────────────────────────────────────┤
│                                                                                                                      │
│episode_len=120.0                      │num_trajectories=64                    │return=0.28125                        │
│reward=0.0026654655                    │success_once=0.28125                   │                                      │
│                                                                                                                      │
├────────────────────────────────────────────────────── Rollout ───────────────────────────────────────────────────────┤
│                                                                                                                      │
│advantages_max=2.475                   │advantages_mean=-0.023                 │advantages_min=-1.208                 │
│rewards=0.0027                         │                                       │                                      │
│                                                                                                                      │
├─────────────────────────────────────────────────── Training/Actor ───────────────────────────────────────────────────┤
│                                                                                                                      │
│actor/approx_kl=0.181                  │actor/clip_fraction=0.235              │actor/clipped_ratio=0.726             │
│actor/dual_cliped_ratio=0.0000         │actor/entropy_loss=0.0000              │actor/grad_norm=31.900                │
│actor/lr=3.00e-05                      │actor/policy_loss=0.043                │actor/policy_loss_abs=0.386           │
│actor/ratio=0.722                      │actor/ratio_abs=0.241                  │actor/total_loss=0.021                │
│                                                                                                                      │
╰──────────────────────────────────────────────────────────────────────────────────────────────────────────────────────╯

[36m(RolloutGroup(rank=0) pid=189388)[0m Generating Rollout Epochs:   0%|          | 0/1 [00:00<?, ?it/s]
[36m(RolloutGroup(rank=0) pid=189388)[0m Generating Rollout Epochs: 100%|██████████| 1/1 [01:06<00:00, 66.89s/it]Generating Rollout Epochs: 100%|██████████| 1/1 [01:06<00:00, 66.89s/it]

╭──────────────────────────────────────────────────────────────────────────────────────────────────────────────────────╮
├──────────────────────────────────────────────────── Metric Table ────────────────────────────────────────────────────┤
│ Global Step:   48/50 │ Progress: ██████████████████████████████████████░░ │  96.0%                                   │
│ Elapsed: 01:54:02 │ ETA: 04:45 │ Step Time: 142.559s                                                                 │
├──────────────────────────────────────────────────────── Time ────────────────────────────────────────────────────────┤
│                                                                                                                      │
│actor/actor/compute_adv=0.044          │actor/actor/recv_traj=79.920           │actor/actor/sync_model_to_rollout=6.2…│
│actor/run_training=40.037              │cal_adv_and_returns=0.048              │env/compute_bootstrap_rewards=8.94e-04│
│env/env/bootstrap_step=38.406          │env/env/send_obs=0.215                 │env/env/send_rollout_trajectories=0.6…│
│env/env_interact_step=15.617           │env/interact=79.301                    │env/recv_rollout_results=25.605       │
│env/run_interact_once=79.301           │generate_rollouts=96.391               │rollout/generate_one_epoch=70.602     │
│rollout/predict=24.754                 │rollout/rollout/generate=96.333        │rollout/rollout/recv_obs=45.797       │
│rollout/rollout/send_traj=0.011        │step=146.5                             │sync_weights=9.980                    │
│                                                                                                                      │
├──────────────────────────────────────────────────── Environment ─────────────────────────────────────────────────────┤
│                                                                                                                      │
│episode_len=120.0                      │num_trajectories=64                    │return=0.328125                       │
│reward=0.003250761                     │success_once=0.328125                  │                                      │
│                                                                                                                      │
├────────────────────────────────────────────────────── Rollout ───────────────────────────────────────────────────────┤
│                                                                                                                      │
│advantages_max=1.620                   │advantages_mean=-0.038                 │advantages_min=-1.620                 │
│rewards=0.0042                         │                                       │                                      │
│                                                                                                                      │
├─────────────────────────────────────────────────── Training/Actor ───────────────────────────────────────────────────┤
│                                                                                                                      │
│actor/approx_kl=0.191                  │actor/clip_fraction=0.306              │actor/clipped_ratio=0.959             │
│actor/dual_cliped_ratio=0.0000         │actor/entropy_loss=0.0000              │actor/grad_norm=41.029                │
│actor/lr=3.00e-05                      │actor/policy_loss=0.056                │actor/policy_loss_abs=0.529           │
│actor/ratio=0.956                      │actor/ratio_abs=0.334                  │actor/total_loss=0.028                │
│                                                                                                                      │
╰──────────────────────────────────────────────────────────────────────────────────────────────────────────────────────╯

[36m(RolloutGroup(rank=0) pid=189388)[0m Generating Rollout Epochs:   0%|          | 0/1 [00:00<?, ?it/s]
[36m(RolloutGroup(rank=0) pid=189388)[0m Generating Rollout Epochs: 100%|██████████| 1/1 [01:07<00:00, 67.88s/it]Generating Rollout Epochs: 100%|██████████| 1/1 [01:07<00:00, 67.88s/it]

╭──────────────────────────────────────────────────────────────────────────────────────────────────────────────────────╮
├──────────────────────────────────────────────────── Metric Table ────────────────────────────────────────────────────┤
│ Global Step:   49/50 │ Progress: ███████████████████████████████████████░ │  98.0%                                   │
│ Elapsed: 01:56:22 │ ETA: 02:22 │ Step Time: 142.501s                                                                 │
├──────────────────────────────────────────────────────── Time ────────────────────────────────────────────────────────┤
│                                                                                                                      │
│actor/actor/compute_adv=0.046          │actor/actor/recv_traj=75.874           │actor/actor/sync_model_to_rollout=6.3…│
│actor/run_training=38.526              │cal_adv_and_returns=0.050              │env/compute_bootstrap_rewards=8.62e-04│
│env/env/bootstrap_step=34.908          │env/env/send_obs=0.291                 │env/env/send_rollout_trajectories=0.6…│
│env/env_interact_step=15.253           │env/interact=75.255                    │env/recv_rollout_results=25.026       │
│env/run_interact_once=75.254           │generate_rollouts=89.403               │rollout/generate_one_epoch=67.876     │
│rollout/predict=24.078                 │rollout/rollout/generate=89.365        │rollout/rollout/recv_obs=43.726       │
│rollout/rollout/send_traj=0.011        │step=139.7                             │sync_weights=11.711                   │
│                                                                                                                      │
├──────────────────────────────────────────────────── Environment ─────────────────────────────────────────────────────┤
│                                                                                                                      │
│episode_len=120.0                      │num_trajectories=64                    │return=0.3125                         │
│reward=0.0031362723                    │success_once=0.3125                    │                                      │
│                                                                                                                      │
├────────────────────────────────────────────────────── Rollout ───────────────────────────────────────────────────────┤
│                                                                                                                      │
│advantages_max=2.475                   │advantages_mean=-0.061                 │advantages_min=-1.208                 │
│rewards=0.0033                         │                                       │                                      │
│                                                                                                                      │
├─────────────────────────────────────────────────── Training/Actor ───────────────────────────────────────────────────┤
│                                                                                                                      │
│actor/approx_kl=0.127                  │actor/clip_fraction=0.301              │actor/clipped_ratio=0.950             │
│actor/dual_cliped_ratio=0.0000         │actor/entropy_loss=0.0000              │actor/grad_norm=24.288                │
│actor/lr=3.00e-05                      │actor/policy_loss=0.014                │actor/policy_loss_abs=0.375           │
│actor/ratio=0.944                      │actor/ratio_abs=0.277                  │actor/total_loss=0.0070               │
│                                                                                                                      │
╰──────────────────────────────────────────────────────────────────────────────────────────────────────────────────────╯

[36m(RolloutGroup(rank=0) pid=189388)[0m Generating Rollout Epochs:   0%|          | 0/1 [00:00<?, ?it/s]
[36m(RolloutGroup(rank=0) pid=189388)[0m Generating Rollout Epochs: 100%|██████████| 1/1 [01:09<00:00, 69.99s/it]Generating Rollout Epochs: 100%|██████████| 1/1 [01:09<00:00, 69.99s/it]
[INFO 05:26:39 RLinf] Saving checkpoint at step 50.
[36m(ActorGroup(rank=0) pid=189383)[0m /venv/main/lib/python3.12/site-packages/torch/distributed/distributed_c10d.py:4631: UserWarning: No device id is provided via `init_process_group` or `barrier `. Using the current device set by the user. 
[36m(ActorGroup(rank=0) pid=189383)[0m   warnings.warn(  # warn only once
[36m(ActorGroup(rank=1) pid=189384)[0m /venv/main/lib/python3.12/site-packages/torch/distributed/distributed_c10d.py:4631: UserWarning: No device id is provided via `init_process_group` or `barrier `. Using the current device set by the user. 
[36m(ActorGroup(rank=1) pid=189384)[0m   warnings.warn(  # warn only once
[36m(ActorGroup(rank=2) pid=189385)[0m /venv/main/lib/python3.12/site-packages/torch/distributed/distributed_c10d.py:4631: UserWarning: No device id is provided via `init_process_group` or `barrier `. Using the current device set by the user. 
[36m(ActorGroup(rank=2) pid=189385)[0m   warnings.warn(  # warn only once
[36m(ActorGroup(rank=3) pid=189387)[0m /venv/main/lib/python3.12/site-packages/torch/distributed/distributed_c10d.py:4631: UserWarning: No device id is provided via `init_process_group` or `barrier `. Using the current device set by the user. 
[36m(ActorGroup(rank=3) pid=189387)[0m   warnings.warn(  # warn only once
Exception occurred while running EmbodiedFSDPActor's function save_checkpoint: exception is [36mray::EmbodiedFSDPActor.save_checkpoint()[39m (pid=189383, ip=172.17.0.5, actor_id=e5669a2b7ac96c6574fbc88f01000000, repr=ActorGroup(rank=0))
  File "/venv/main/lib/python3.12/site-packages/torch/serialization.py", line 1266, in _save
    zip_file.write_record(name, storage, num_bytes)
RuntimeError: [enforce fail at inline_container.cc:857] . PytorchStreamWriter failed writing file data/5332: file write failed

During handling of the above exception, another exception occurred:

[36mray::EmbodiedFSDPActor.save_checkpoint()[39m (pid=189383, ip=172.17.0.5, actor_id=e5669a2b7ac96c6574fbc88f01000000, repr=ActorGroup(rank=0))
  File "/venv/main/lib/python3.12/concurrent/futures/_base.py", line 449, in result
    return self.__get_result()
           ^^^^^^^^^^^^^^^^^^^
  File "/venv/main/lib/python3.12/concurrent/futures/_base.py", line 401, in __get_result
    raise self._exception
           ^^^^^^^^^^^^^^^^^^^^^
           ^^^^^^^^^^^^^^^^^^^^^^^^^^^^^^^^^^^^
           ^^^^^^^^^^^^^^^^^^^^^^^^^^^^^^^
  File "/workspace/RLinf/rlinf/hybrid_engines/fsdp/fsdp_model_manager.py", line 355, in save_checkpoint
    self._strategy.save_checkpoint(
  File "/workspace/RLinf/rlinf/hybrid_engines/fsdp/strategy/base.py", line 263, in save_checkpoint
    torch.save(
  File "/venv/main/lib/python3.12/site-packages/torch/serialization.py", line 964, in save
    with _open_zipfile_writer(f) as opened_zipfile:
         ^^^^^^^^^^^^^^^^^^^^^^^
  File "/venv/main/lib/python3.12/site-packages/torch/serialization.py", line 798, in __exit__
    self.file_like.write_end_of_file()
RuntimeError: [enforce fail at inline_container.cc:659] . unexpected pos 46883287488 vs 46883287384
Exiting main process due to a failure upon worker execution.
